Year,Banks,Gross_NPAs_Addition_during_the_Year,Gross_NPAs_Closing_Balance,Net_NPA_Closing_Balance,Cash_in_hand,Balances_with_RBI,Money_at_call_and_short_notice,Advances,Total_Assets,Deposits,Credit_-_Deposit_Ratio,Ratio_of_demand_&_savings_bank_deposits_to_total_deposits,Ratio_of_priority_sector_advances_to_total_advances,Ratio_of_net_interest_income_to_total_assets_(Net_Interest_Margin),Return_on_assets,Return_on_equity,Cost_of_deposits,Business_per_employee(in_Rupees_Lakh),Capital_adequacy_ratio,Ratio_of_net_NPA_To_net_advances,Interest_Expended,Operating_Expenses,Net_Interest_Income,Provisions_and_Contingencies,Operating_Profit,Profit_(Loss)_during_the_year,Category,PCR,Credit_Growth_(%),GDP,Growth_rate,Repo_rate,GNPA_Ratio,Next_Year,Next_GNPA_Ratio,Consecutive_Year,Delta_GNPA_Ratio,Deterioration_Flag,Credit_Growth_Recorded_ORIGINAL,PCR_FLAG,PCR_flow_over_stock_check,GDP_ORIGINAL,Growth_rate_ORIGINAL,Real_GDP_Growth_pct,GVA_Growth_pct,Investment_Rate_pct_of_GDP,PCR_stock_based,PCR_ORIGINAL_UNRELIABLE
2005,ALLAHABAD BANK,1418.46,1284.27,270.7,220.9382,2206.222,,21150.8235,45144.9299,40762.0743,51.888487,38.689881,43.399597,3.416536,1.33,27.930545,4.893332,282,12.53,1.28,1821.56,1070.13,1364.04,391.9907,933.7851,541.7944,Public Sector Bank,78.9218777982823,,14.1,2.6,6,6.071962162608,2006,4.06147620942185,TRUE,-2.01048595318615,0,1.94293876886411,OK,30.5224524438008,14.1,2.6,7.92293807295951,7.05093547208952,29.739689583569,78.9218777982823,30.5224524438008
2006,ALLAHABAD BANK,1284.27,1183.83,246.09,220.927,2441.1309,,29147.7763,55291.99,48499.6873,60.098895,39.275783,41.910052,3.14117,1.42,23.670933,4.740091,336,13.37,0.84,2189.8,1035.75,1577.45,318.0231,1024.1485,706.1254,Public Sector Bank,79.2123869136616,37.8091793919986,14,3.9,6.5,4.06147620942185,2007,2.64855674086281,TRUE,-1.41291946855904,0,37.8091793919986,OK,26.863916271762,14,3.9,7.92342866735518,8.28129114504204,32.8676900977815,79.2123869136616,26.863916271762
2007,ALLAHABAD BANK,1183.83,1093.59,440.19,284.0703,3783.8697,152.044,41290.0348,67663.7413,59543.658,69.344135,37.974641,39.387922,2.847765,1.26,18.486952,5.578119,495,12.52,1.07,3133.1177,1027.2348,1750.7451,349.7711,1099.9124,750.1413,Public Sector Bank,59.7481688749897,41.6575809249641,17.1,7.8,7.75,2.64855674086281,2008,2.03238239554637,TRUE,-0.61617434531644,0,22.3616123027401,OK,31.9837507658263,17.1,7.8,8.06072889963741,8.05441849702261,33.498253505701,59.7481688749897,31.9837507658263
2008,ALLAHABAD BANK,1093.59,1010.51,399.81,320.3462,5968.509,42.4643,49720.4661,82939.3236,71616.3831,69.426106,36.037483,36.940171,2.220853,1.32,20.102179,6.565991,604,11.99,0.8,4498.8795,1157.5834,1672.3364,504.7679,1479.5103,974.7424,Public Sector Bank,60.4348299373584,20.417593108931,15.1,7.5,7.75,2.03238239554637,2009,1.83370351100729,TRUE,-0.198678884539078,0,-2.72795643781261,OK,49.9517966175495,15.1,7.5,7.66082415755608,7.3833652744116,38.7091453329433,60.4348299373584,49.9517966175496
2009,ALLAHABAD BANK,1010.51,1078.25,422.11,359.807,4755.5716,639.1026,58801.7634,97648.0078,84971.7887,69.201513,34.596838,34.752393,2.390718,0.9,13.882386,6.240056,706,13.11,0.72,5206.0613,1399.4384,2158.6666,1132.5543,1901.1525,768.5982,Public Sector Bank,60.852306978901,18.26470669389,12.6,10.2,5,1.83370351100729,2010,1.70630848053554,TRUE,-0.127395030471752,0,7.63105680158358,ABOVE_100_SUSPECT,105.036336656619,12.6,10.2,3.08669937408871,4.31239885000613,34.63759214019,60.852306978901,105.03633665662
2010,ALLAHABAD BANK,1078.25,1221.8,470.15,379.8799,6803.8985,920.4491,71604.8718,121699.213,106055.754,67.516254,34.497638,33.9074,2.416697,1.16,19.140603,5.593344,845,13.62,0.66,5718.7209,1617.8316,2650.4793,1342.2229,2548.55,1206.3271,Public Sector Bank,61.5198886888198,21.773340899501,15.5,13.9,5,1.70630848053554,2011,1.76013026895101,TRUE,0.0538217884154688,0,15.8299911859343,ABOVE_100_SUSPECT,109.856187592077,15.5,13.9,7.86188237155002,6.85655166937235,36.237403409036,61.5198886888198,109.856187592077
2011,ALLAHABAD BANK,1221.8,1647.92,736.37,356.7098,7544.2183,1869.0571,93624.8884,151286.3609,131887.1603,70.98863,33.480477,32.858496,2.947018,1.11,18.651029,5.462086,1063,12.96,0.79,6992.2242,2338.3021,4022.4675,1631.473,3054.5781,1423.1051,Public Sector Bank,55.3151852031652,30.7521206957876,19.9,10,6.75,1.76013026895101,2012,1.85251533723277,TRUE,0.0923850682817626,0,15.1613885495202,OK,99.0019539783485,19.9,10,8.49758687599316,8.02988178640115,40.1198616832315,55.3151852031652,99.0019539783485
2012,ALLAHABAD BANK,1647.92,2058.98,1091.7,391.0347,8321.4105,4146.9434,111145.0987,182934.5678,159593.0804,69.642806,30.494858,33.646495,3.089362,1.02,19.635928,6.685099,1217,12.83,0.98,10360.6301,2691.3887,5162.6475,1903.1504,3769.938,1866.7876,Public Sector Bank,46.9786010548913,18.7131975262253,14.4,8.2,8.5,1.85251533723277,2013,3.96710469150583,TRUE,2.11458935427306,1,132.360558887574,OK,92.431708904409,14.4,8.2,5.24131422482317,5.22332743548782,38.9523817758518,46.9786010548913,92.431708904409
2013,ALLAHABAD BANK,2058.98,5136.99,4126.76,524.119,7284.1028,2306.2949,129489.6505,204373.1889,178741.6025,72.445166,30.731321,30.429799,2.512943,0.64,10.844085,7.121973,1373,11.03,3.19,12569.2806,2958.1009,4866.4112,2200.0087,3385.22,1185.2113,Public Sector Bank,19.6657965072932,16.5050479189506,13.8,11.2,7.5,3.96710469150583,2014,5.84612735622265,TRUE,1.87902266471682,1,-0.238198461883421,OK,42.8268051913669,13.8,11.2,5.45638755164234,5.41917342231536,39.5016796432622,19.6657965072932,42.8268051913669
2014,ALLAHABAD BANK,5136.99,8068.04,5721.81,539.2339,8295.2116,3585.1984,138006.5727,220434.2831,190842.8083,72.314264,31.347504,33.812824,2.500578,0.57,10.124038,6.956634,1350,9.96,4.15,13435.3608,3456.6395,5311.3217,2848.4114,4020.4333,1172.0219,Public Sector Bank,29.0805449650721,6.57729955028334,13,11.9,8,5.84612735622265,2015,5.5765519427174,TRUE,-0.269575413505256,0,45.8618876782217,OK,35.3048745420201,13,11.9,6.38610640092723,6.05378518913893,35.1811624629026,29.0805449650721,35.3048745420201
2015,ALLAHABAD BANK,8068.04,8357.96,5978.89,594.2902,9065.9328,4218.7269,149876.843,227096.4815,193424.047,77.486148,33.560309,35.969306,2.760871,0.29,5.080321,6.727176,1430,10.45,3.99,13538.2421,3714.1732,6177.8746,3838.8092,4459.7136,620.9044,Public Sector Bank,28.4647210563343,8.60123548304015,11,6.5,7.5,5.5765519427174,2016,10.0967138386902,TRUE,4.52016189597284,1,12.4443544132328,OK,45.9299781286343,11,6.5,7.41022760516221,7.15478063868049,34.7632630741904,28.4647210563343,45.9299781286343
2016,ALLAHABAD BANK,8357.97,15384.57,10292.51,613.7051,8857.4334,7137.8756,152372.0514,239825.3646,200644.3979,75.9413434886636,35.904829017905,41.1459971982762,2.52654385279575,-0.33,-5.56643143083773,6.24097831691167,1485,11.02,6.76,12986.4529,3674.7163,5898.4926,4877.2111,4133.9028,-743.3083,Public Sector Bank,33.0984876405385,1.66483917732374,10.5,5.1,6.75,10.0967138386902,2017,13.7230245932983,TRUE,3.62631075460804,1,13.6729086929494,OK,31.7019656707987,10.5,5.1,7.99625378567371,8.02848944993222,34.4549951026575,33.0984876405385,31.7019656707987
2017,ALLAHABAD BANK,15384.57,20687.83,13433.51,582.0178,8003.7802,7469.2785,150752.6993,237037.8832,201870.2157,74.6780295336059,45.3748582882205,43.3679863137283,2.21741978413795,-0.13,-2.21093913327217,5.84289439572288,1503,11.45,8.92,12373.3636,4064.592,5287.03,4180.2851,3866.7691,-313.516,Public Sector Bank,35.0656400405456,-1.06276189440342,11.8,4.4,6.25,13.7230245932983,2018,17.468538734141,TRUE,3.74551414084268,1,91.476534801656,OK,20.2064938662006,11.8,4.4,8.256306,7.972023,34.943218,35.0656400405456,20.2064938662006
2018,ALLAHABAD BANK,20687.83,26562.79,12229.13,618.8892,8672.0768,6591.5341,152060.7442,252714.3103,213603.8278,71.1882112629444,46.0756334348799,40.9475833671476,1.93256506568357,-1.96,-38.0574597906527,5.22777654580484,1586,8.69,8.04,11626.1027,3986.6261,4732.3899,8112.6919,3438.324,-4674.3679,Public Sector Bank,53.9614249858543,0.867675939517976,11,2.2,6,17.468538734141,2019,20.1844760634152,TRUE,2.71593732927424,1,14.4240194323972,OK,30.5415654756146,11,2.2,6.795383,6.231181,37.452479,53.9614249858543,30.5415654756146
2019,ALLAHABAD BANK,26562.79,28704.78,7419.31,545.0929,9127.2287,1241.493,142212.163,248575.7709,214334.0675,66.3507041408618,49.4882658352947,39.6935316988323,2.19865124273279,-3.48,-85.922842742547,4.98161004999456,1628,12.51,5.22,11353.4834,4444.001,5510.8103,11100.9748,2767.0136,-8333.9612,Public Sector Bank,74.1530504675528,-6.4767414179208,10.6,0.7,6.25,20.1844760634152,2020,19.4781328560367,TRUE,-0.706343207378534,0,-2.86277559019845,OK,38.6729137098421,10.6,0.7,6.45,5.81,37.347347,74.1530504675528,38.6729137098421
2020,ALLAHABAD BANK,28704.78,27846.87,8088.09,635.3925,6731.217,6800,142964.7811,258002.1179,228608.5075,62.53694696817,47.8241235182378,38.5081553487581,2.15185069088235,-2.22,-49.5210702459489,4.96892311604952,1676,12.01,5.66,11474.6162,4818.5832,5450.3999,8484.5906,3088.5045,-5396.0861,Public Sector Bank,70.9551199111426,0.529222032858034,6.4,6,4.4,19.4781328560367,,,FALSE,,,14.4460955716068,OK,30.4687406520015,6.4,6,3.871437,3.944641,33.785447,70.9551199111426,30.4687406520015
2005,ANDHRA BANK,615.37,440.93,48.97,264.0672,1809.8607,715,17516.843,32728.684,27550.71,63.580369,36.148121,39.435729,3.579122,1.59,31.62095,4.473717,346.25,12.11,0.28,1212.9181,829.4628,1069.0414,472.8297,992.9288,520.0991,Public Sector Bank,88.8939287415236,,14.1,2.6,6,2.517177324704,2006,1.97693020950397,TRUE,-0.540247115200031,0,-2.82236209812864,ABOVE_100_SUSPECT,107.234640419114,14.1,2.6,7.92293807295951,7.05093547208952,29.739689583569,88.8939287415236,107.234640419114
2006,ANDHRA BANK,440.93,436.91,52.46,326.8038,3533.9099,462.9665,22100.4261,40669.3389,33922.4136,65.149922,36.309938,37.262196,3.185295,1.38,20.524347,4.51781,426.75,14,0.24,1506.1508,857.9357,1168.9716,217.0913,702.5888,485.4975,Public Sector Bank,87.9929504932366,26.166719082885,14,3.9,6.5,1.97693020950397,2007,1.42353277707257,TRUE,-0.5533974324314,0,53.2384795638897,OK,49.6878762216475,14,3.9,7.92342866735518,8.28129114504204,32.8676900977815,87.9929504932366,49.6878762216475
2007,ANDHRA BANK,436.91,397.01,47.25,391.8307,2557.2254,176.1437,27889.0663,47540.9977,41454.0209,67.277108,34.528745,37.486193,3.213998,1.31,17.781251,4.804633,536.06,11.33,0.17,1897.7861,933.1863,1417.5392,393.3364,931.2389,537.9025,Public Sector Bank,88.0985365607919,26.192437077039,17.1,7.8,7.75,1.42353277707257,2008,1.08775573913457,TRUE,-0.335777037938003,0,17.2644591053963,OK,99.0746832573487,17.1,7.8,8.06072889963741,8.05441849702261,33.498253505701,88.0985365607919,99.0746832573487
2008,ANDHRA BANK,397.01,372.43,53.7,440.6773,4460.9905,380.3149,34238.3852,56592.3896,49436.5476,69.257233,33.565936,36.976373,2.572793,1.16,17.970969,6.112463,626.53,11.61,0.15,2869.9959,909.0889,1339.5684,481.3735,1056.9449,575.5714,Public Sector Bank,85.5811830411084,22.7663372868098,15.1,7.5,7.75,1.08775573913457,2009,0.834042080683107,TRUE,-0.25371365845146,0,3.14601158183703,ABOVE_100_SUSPECT,129.252074215289,15.1,7.5,7.66082415755608,7.3833652744116,38.7091453329433,85.5811830411084,129.252074215289
2009,ANDHRA BANK,372.43,368.14,79.22,435.9194,4417.4195,,44139.2597,68469.2076,59390.0196,74.321005,31.408359,36.234896,2.601766,1.09,18.939225,6.408597,728.29,13.22,0.18,3747.71,1104.26,1626.9,634.9782,1288.0294,653.0512,Public Sector Bank,78.4810126582278,28.9174692152246,12.6,10.2,5,0.834042080683107,2010,0.869434160051931,TRUE,0.0353920793688246,0,-16.8091284433795,CAPPED_AT_150_SUSPECT,172.482805454447,12.6,10.2,3.08669937408871,4.31239885000613,34.63759214019,78.4810126582278,150
2010,ANDHRA BANK,368.14,487.87,95.72,429.9906,6268.7074,3997.5864,56113.5072,90342.4023,77688.2076,72.229118,29.430894,35.517498,2.76395,1.39,25.961112,5.546336,939,13.93,0.17,4178.1287,1349.535,2194.737,763.9738,1809.822,1045.8482,Public Sector Bank,80.3800192674278,27.1283378592777,15.5,13.9,5,0.869434160051931,2011,1.39376357183298,TRUE,0.524329411781044,1,8.08473645307954,CAPPED_AT_150_SUSPECT,156.593723737881,15.5,13.9,7.86188237155002,6.85655166937235,36.237403409036,80.3800192674278,150
2011,ANDHRA BANK,487.87,995.64,273.68,457.9162,6726.489,2297.6528,71435.3582,108900.7195,92156.2816,77.515452,29.058654,33.00067,3.233205,1.36,23.243791,5.37618,1165,14.38,0.38,5070.3074,1704.864,3220.9695,1145.9908,2413.0633,1267.0725,Public Sector Bank,72.5121529870234,27.3051031107177,19.9,10,6.75,1.39376357183298,2012,2.16047305224146,TRUE,0.766709480408484,1,7.85139976074563,ABOVE_100_SUSPECT,115.100920011249,19.9,10,8.49758687599316,8.02988178640115,40.1198616832315,72.5121529870234,115.100920011249
2012,ANDHRA BANK,995.64,1798.01,755.85,469.8759,5094.0111,779.1946,83222.9774,124545.3869,105851.2181,78.622598,26.402432,33.235386,3.220719,1.19,19.248355,7.015945,1262,13.18,0.91,7579.4068,1804.2492,3759.3215,1470.3304,2815.0019,1344.6715,Public Sector Bank,57.9618578317139,16.5010990313758,14.4,8.2,8.5,2.16047305224146,2013,3.77591273469618,TRUE,1.61543968245472,1,42.3665654921833,OK,81.7754295026168,14.4,8.2,5.24131422482317,5.22332743548782,38.9523817758518,57.9618578317139,81.7754295026168
2013,ANDHRA BANK,1798.01,3714.49,2409.18,634.0667,5388.0693,,98373.301,146298.9442,123795.5809,79.464307,25.654296,35.194446,2.774301,0.99,16.194557,7.446054,1355,11.76,2.45,9152.67,2037.21,3757.02,1478.0996,2767.2328,1289.1332,Public Sector Bank,35.1410287818785,18.2044960097763,13.8,11.2,7.5,3.77591273469618,2014,5.44163084412977,TRUE,1.6657181094336,1,32.834915102553,OK,39.7928006267348,13.8,11.2,5.45638755164234,5.41917342231536,39.5016796432622,35.1410287818785,39.7928006267348
2014,ANDHRA BANK,3714.49,5857.6,3342.47,511.5661,7400.4921,,107644.2002,167340.9251,141845.1238,75.888545,24.805891,37.761019,2.383201,0.29,5.071149,7.415499,1347,10.78,3.11,10559.98,2309.94,3737.33,2324.6646,2760.2417,435.5771,Public Sector Bank,42.9378926522808,9.42420260960848,13,11.9,8,5.44163084412977,2015,5.45953310381007,TRUE,0.0179022596802989,0,12.3132003203277,OK,39.686298142584,13,11.9,6.38610640092723,6.05378518913893,35.1811624629026,42.9378926522808,39.686298142584
2015,ANDHRA BANK,5857.6,6876.54,3688.63,675.6048,6841.7989,,125954.7267,185170.3486,155012.2446,81.254695,27.353868,35.447939,2.574688,0.38,6.791338,7.351153,1536,10.63,2.93,11830.57,2739.44,4538.03,2659.996,3298.434,638.438000000002,Public Sector Bank,46.35921553572,17.0102304313465,11,6.5,7.5,5.45953310381007,2016,8.74976251433231,TRUE,3.29022941052224,1,21.2808289581254,OK,38.6821860994046,11,6.5,7.41022760516221,7.15478063868049,34.7632630741904,46.35921553572,38.6821860994046
2016,ANDHRA BANK,6876.54,11443.63,6035.65,884.7228,7906.2907,,130787.8926,199961.7586,174302.4023,75.0350487854406,26.0839934505022,41.2435373241881,2.7631891501774,0.28,5.12702521476328,6.92668140173148,1665,11.58,4.61,12313.71,2925.44,5320.96,3420.1663,3960.003,539.8367,Public Sector Bank,47.2575572611138,3.83722471290156,10.5,5.1,6.75,8.74976251433231,2017,12.9122787108415,TRUE,4.16251619650924,1,14.9424059365762,OK,29.8870751675823,10.5,5.1,7.99625378567371,8.02848944993222,34.4549951026575,47.2575572611138,29.8870751675823
2017,ANDHRA BANK,11443.63,17669.98,10354.81,961.5065,8361.0845,8300,136846.3336,223099.3786,195441.2451,70.0191679243452,29.3260047901731,44.5644831656637,2.61505641317507,0.08,1.55924796533136,6.32456410392407,1752,12.38,7.57,12495.7744,3451.9935,5531.6437,4213.6235,4387.9556,174.3321,Public Sector Bank,41.3988584027826,4.632264408854,11.8,4.4,6.25,12.9122787108415,2018,18.8672894970537,TRUE,5.95501078621216,1,4.63226440885401,OK,23.8462267642635,11.8,4.4,8.256306,7.972023,34.943218,41.3988584027826,23.8462267642635
2018,ANDHRA BANK,17669.98,28124.36,12636.87,1129.7021,8781.3465,5900,149064.125,242171.3712,208070.4786,71.6411698588749,31.0455227645158,44.8873542175222,2.7230417569654,-1.46,-30.76435303339,5.34543591502593,1870,11,8.48,11639.7796,3345.7885,6334.7584,8773.5593,5361.0317,-3412.5276,Public Sector Bank,55.0678842114096,8.92811014996751,11,2.2,6,18.8672894970537,2019,18.2429667275879,TRUE,-0.624322769465781,0,52.0459524616452,OK,31.1955873840329,11,2.2,6.795383,6.231181,37.452479,55.0678842114096,31.1955873840329
2019,ANDHRA BANK,28124.36,28973.97,9091.4,984.6105,9142.1628,4800,158822.6873,249311.4154,219821,72.2509165639316,31.3883933291178,47.3234313546337,2.72979204273113,-1.09,-23.2337851813319,5.363988288595,1958,13.68,5.73,12223.9915,3730.1489,6708.229,7809.2476,5023.1204,-2786.1272,Public Sector Bank,68.6221805296271,6.54655323673621,10.6,0.7,6.25,18.2429667275879,2020,18.1996420361052,TRUE,-0.0433246914827024,0,11.7896319992361,OK,26.9526323110019,10.6,0.7,6.45,5.81,37.347347,68.6221805296271,26.9526323110019
2020,ANDHRA BANK,28973.97,28708.54,7764.52,1213.5088,6515.7917,,157742.3333,243871.0617,212609.3768,74.1934978006106,34.5490548467663,44.6724397476628,2.83411959041803,-0.5,-10.4291003707581,5.62609009571318,1921,11.12,4.92,12795.49,4639.04,6988.69,6416.7271,5092.595,-1324.1321,Public Sector Bank,72.9539711876675,-0.680226495575731,6.4,6,4.4,18.1996420361052,,,FALSE,,,-23.3467623046527,OK,22.3512832766835,6.4,6,3.871437,3.944641,33.785447,72.9539711876675,22.3512832766835
2005,AXIS BANK LTD,274.72,311.1,216.85,272.9047,3175.8364,460.213,15602.9219,37743.6908,31712.0001,49.201948,37.984661,28.222843,2.362682,1.21,18.806946,4.061727,1021,12.66,1.39,1192.9808,581.3789,731.1774,231.0404,565.6181,334.5777,Private Sector Bank,30.295724847316,,14.1,2.6,6,1.99385731719903,2006,1.69376220118261,TRUE,-0.300095116016417,0,34.5624186564777,OK,74.2656380585021,14.1,2.6,7.92293807295951,7.05093547208952,29.739689583569,30.295724847316,74.2656380585021
2006,AXIS BANK LTD,324.77,377.95,219.83,489.8297,1939.5667,699.78,22314.2304,49731.1167,40113.5313,55.627689,39.975341,34.641269,2.465246,1.18,18.280116,4.320753,1020,11.08,0.98,1810.556,814.0507,1078.2344,508.7344,993.8181,485.0837,Private Sector Bank,41.8362217224501,43.0131519148346,14,3.9,6.5,1.69376220118261,2007,1.13533060549548,TRUE,-0.558431595687131,0,25.7141619655489,ABOVE_100_SUSPECT,134.603624818098,14,3.9,7.92342866735518,8.28129114504204,32.8676900977815,41.8362217224501,134.603624818098
2007,AXIS BANK LTD,377.95,418.67,266.33,836.7508,3824.2795,1222.3796,36876.4832,73257.2155,58785.6011,62.730469,39.857026,35.785224,2.387768,1.1,20.962017,5.017008,1024,11.57,0.72,2993.3172,1214.5984,1468.338,604.8226,1263.8509,659.0283,Private Sector Bank,36.3866529725082,65.2599374433277,17.1,7.8,7.75,1.13533060549548,2008,0.82903203301936,TRUE,-0.306298572476123,0,90.6300429812903,ABOVE_100_SUSPECT,144.462846633387,17.1,7.8,8.06072889963741,8.05441849702261,33.498253505701,36.3866529725082,144.462846633387
2008,AXIS BANK LTD,418.67,494.61,248.29,1520.3276,5785.3293,468.0398,59661.1446,109577.8487,87626.2206,68.08595,45.679237,27.777294,2.828072,1.24,17.596944,5.112325,1117,13.73,0.42,4419.9617,2154.9269,2585.3534,1154.8863,2225.9153,1071.029,Private Sector Bank,49.8008531974687,61.7864270744776,15.1,7.5,7.75,0.82903203301936,2009,1.10079156670041,TRUE,0.271759533681045,0,20.9382759740572,CAPPED_AT_150_SUSPECT,233.494328865166,15.1,7.5,7.66082415755608,7.3833652744116,38.7091453329433,49.8008531974687,150
2009,AXIS BANK LTD,494.61,897.77,327.13,1541.4811,7877.7292,190.8545,81556.7658,147722.0487,117374.1052,69.484462,43.147271,28.138738,2.865303,1.44,19.12364,6.057469,1060,13.69,0.4,7149.2742,2858.2127,3686.2114,1909.5184,3724.8768,1815.3584,Private Sector Bank,63.5619367989574,36.6999683743915,12.6,10.2,5,1.10079156670041,2010,1.26316661432927,TRUE,0.162375047628867,0,-8.77223391670746,CAPPED_AT_150_SUSPECT,212.695723849093,12.6,10.2,3.08669937408871,4.31239885000613,34.63759214019,63.5619367989574,150
2010,AXIS BANK LTD,897.77,1318,419,1900.7011,7581.3445,0.5,104340.9464,180647.8519,141300.2175,73.843444,46.729959,28.694793,3.048084,1.67,19.151475,4.418317,1111,15.8,0.4,6633.5261,3709.7223,5004.4954,2726.0217,5240.555,2514.5333,Private Sector Bank,68.2094081942337,27.9365916199684,15.5,13.9,5,1.26316661432927,2011,1.12312645710827,TRUE,-0.140040157221,0,-7.55213414634147,CAPPED_AT_150_SUSPECT,206.830174506829,15.5,13.9,7.86188237155002,6.85655166937235,36.237403409036,68.2094081942337,150
2011,AXIS BANK LTD,1318,1599.42,410.35,2208.2833,11677.8797,613.9415,142407.8286,242713.3716,189237.801,75.253373,41.095067,28.993571,3.100418,1.68,19.338797,4.53716,1366,12.65,0.29,8591.823,4779.4281,6562.9828,3027.1979,6415.6885,3388.4906,Private Sector Bank,74.3438246364307,36.4831674557247,19.9,10,6.75,1.12312645710827,2012,1.06403446598435,TRUE,-0.0590919911239256,0,-3.55581393035096,CAPPED_AT_150_SUSPECT,189.268478573483,19.9,10,8.49758687599316,8.02988178640115,40.1198616832315,74.3438246364307,150
2012,AXIS BANK LTD,1599.42,1806.3,472.64,3595.7442,7107.1772,1113.5275,169759.5386,285627.7934,220104.3033,77.12686,41.535776,28.557593,3.035064,1.68,20.294056,5.95279,1276,13.66,0.27,13976.9024,6007.0995,8017.745,3188.6564,7430.8618,4242.2054,Private Sector Bank,73.8338039085423,19.2066056121299,14.4,8.2,8.5,1.06403446598435,2013,1.21514399320255,TRUE,0.151109527218207,0,32.707176585578,CAPPED_AT_150_SUSPECT,176.529723744671,14.4,8.2,5.24131422482317,5.22332743548782,38.9523817758518,73.8338039085423,150
2013,AXIS BANK LTD,1806.3,2393.42,704.13,4053.8842,10738.2041,1866.8973,196965.9574,340560.6584,252613.5881,77.971244,44.37601,24.622658,3.087334,1.7,18.52563,6.352858,1215,17,0.36,17516.3111,6914.2375,9666.2633,4123.6992,9303.1321,5179.4329,Private Sector Bank,70.5805917891553,16.0264448315366,13.8,11.2,7.5,1.21514399320255,2014,1.36760739442835,TRUE,0.152463401225794,0,-14.7679001951705,CAPPED_AT_150_SUSPECT,172.293170442296,13.8,11.2,5.45638755164234,5.41917342231536,39.5016796432622,70.5805917891553,150
2014,AXIS BANK LTD,2393.42,3146.41,1024.62,4164.6443,12876.6753,5786.9914,230066.7584,383244.8882,280944.5649,81.890446,45.013273,27.279507,3.302443,1.78,17.433929,5.794644,1230,16.07,0.44,18689.522,7900.7739,11951.6334,5238.4176,11456.0842,6217.6666,Private Sector Bank,67.435267495336,16.8053411040867,13,11.9,8,1.36760739442835,2015,1.46226899730902,TRUE,0.0946616028806713,0,27.9990698266213,CAPPED_AT_150_SUSPECT,166.488715710921,13,11.9,6.38610640092723,6.05378518913893,35.1811624629026,67.435267495336,150
2015,AXIS BANK LTD,3146.41,4110.19,1316.71,4215.4312,15603.4085,11563.1527,281083.0297,461932.3942,322441.9369,87.173223,44.78335,24.822377,3.365954,1.83,17.751721,5.68021,1371,15.09,0.46,21254.4595,9203.7456,14224.1382,6027.6161,13385.4384,7357.8223,Private Sector Bank,67.9647412893321,22.1745512714626,11,6.5,7.5,1.46226899730902,2016,1.79692508258586,TRUE,0.334656085276837,0,9.38969814953596,ABOVE_100_SUSPECT,146.650546568407,11,6.5,7.41022760516221,7.15478063868049,34.7632630741904,67.9647412893321,146.650546568407
2016,AXIS BANK LTD,4110.19,6087.51,2522.14,4120.4831,18240.6664,5369.8057,338773.7229,539821.0196,357967.5603,94.6381070441371,47.3353066568362,24.087241242169,3.36070108034804,1.72,16.8101865379363,5.44972213829939,1484,15.29,0.74,24155.0675,10100.8186,16832.9689,7879.9519,16103.6147,8223.6628,Private Sector Bank,58.5686101542338,20.5244312549119,10.5,5.1,6.75,1.79692508258586,2017,5.70416198181941,TRUE,3.90723689923356,1,28.1945827726966,ABOVE_100_SUSPECT,129.444582431897,10.5,5.1,7.99625378567371,8.02848944993222,34.4549951026575,58.5686101542338,129.444582431897
2017,AXIS BANK LTD,6087.51,21280.48,8626.55,6357.9154,24500.0236,14851.9645,373069.3495,601467.6703,414378.7878,90.030995910935,51.4143197413929,25.1625597293942,3.17064666637244,0.65,6.75546747931693,5.08570437299644,1400,14.95,2.27,26449.042,12199.9053,18093.1159,13905.2421,17584.5213,3679.2792,Private Sector Bank,59.4626155049134,10.1234612609324,11.8,4.4,6.25,5.70416198181941,2018,7.78997299659553,TRUE,2.08581101477611,1,27.1413099481524,OK,65.3427089050623,11.8,4.4,8.256306,7.972023,34.943218,59.4626155049134,65.3427089050623
2018,AXIS BANK LTD,21280.48,34248.64,16591.71,5258.0352,30223.0225,1575.0618,439650.3045,691329.5799,453622.7223,96.9198152753117,53.7564777318916,22.4287590138585,2.88022433480885,0.04,0.4625222456288,4.41785401912286,1484,16.57,3.64,27162.5818,13990.3398,18617.7305,15318.7959,15594.4772,275.6813,Private Sector Bank,51.5551274444766,17.8468038420294,11,2.2,6,7.78997299659553,2019,6.02052588727657,TRUE,-1.76944710931896,0,56.7396560293546,OK,44.7281874550347,11,2.2,6.795383,6.231181,37.452479,51.5551274444766,44.7281874550347
2019,AXIS BANK LTD,34248.64,29789.44,11275.6,4213.2147,30885.8192,23926.7974,494797.9721,800996.5316,548471.3409,90.2140066768254,44.376819215496,24.0286031479473,2.90930695813936,0.63,7.18806087555892,4.7315942426192,1653,15.84,2.2,33277.597,15833.4077,21708.1737,14328.4971,19005.1054,4676.6083,Private Sector Bank,62.149003136682,12.5435299454,10.6,0.7,6.25,6.02052588727657,2020,5.29095937953945,TRUE,-0.729566507737116,0,70.7064807445373,OK,48.0992495998582,10.6,0.7,6.45,5.81,37.347347,62.149003136682,48.0992495998582
2020,AXIS BANK LTD,29789.44,30233.82,9360.41,7987.8972,76971.3419,5310.1165,571424.1564,915164.8161,640104.9373,89.2703872602984,41.1973161951113,25.1755773865636,2.937509767,0.2,2.146380408,4.941888314,1727,17.53,1.62,37428.9538,17304.6243,25206.2036,21810.9246,23438.14,1627.2154,Private Sector Bank,69.0399360715913,15.4863577905921,6.4,6,4.4,5.29095937953945,2021,3.6916849328833,TRUE,-1.59927444665616,0,29.2027354105521,OK,72.1408164763831,6.4,6,3.871437,3.944641,33.785447,69.0399360715913,72.1408164763831
2021,AXIS BANK LTD,26604.1,22681.69,6584.59,12673.1503,39135.4089,6327.6705,614399.3979,986797.6306,697985.2901,88.0246914389808,45.5236961590518,29.975838311283,3.075,0.7,7.063,3.967,1713,19.12,1.06,34107.1103,18375.1491,29239.1218,16539.0706,23127.5712,6588.5006,Private Sector Bank,70.9695794272825,7.52072536988042,-1.2,7.3,4,3.6916849328833,2022,2.62246194867375,TRUE,-1.06922298420955,0,27.2893742944765,OK,72.918158214842,-1.2,7.3,-5.777724706874,-4.145902641222,32.071601,70.9695794272825,72.918158214842
2022,AXIS BANK LTD,22681.69,18565.63,4745.3,9840.0898,84194.4158,7741.0784,707946.5923,1175428.75,821971.5463,86.127871,45.014458,35.901401,3.064639,1.21,12.017395,3.511124,1792.48,18.54,0.67,34244.6131,23610.7543,33132.2165,11716.5291,24742.0075,13025.4784,Private Sector Bank,74.4404041231028,15.2257952595237,18.9,4.2,4,2.62246194867375,2023,2.01337191530863,TRUE,-0.609090033365117,0,30.7519122721803,OK,63.1087073263875,18.9,4.2,9.689592491912,9.375448587977,36.663675,74.4404041231028,63.1087073263875
2023,AXIS BANK LTD,18565.63,17019.09,3439.11,9665.8774,56451.8791,21698.5419,845302.841,1317325.532,946945.2104,89.266288,47.155471,36.300708,3.445646,0.8,7.963465,3.587839,1999.83,17.64,0.41,42218.0212,39298.5377,42945.7444,10210.9477,19790.6262,9579.6785,Private Sector Bank,79.7926328610989,19.4020636858711,14,6.7,6.5,2.01337191530863,2024,1.48642730747055,TRUE,-0.526944607838088,0,25.6698735142413,OK,59.9970251053376,14,6.7,7.609364977704,7.214814133485,35.24891,79.7926328610989,59.9970251053376
2024,AXIS BANK LTD,17019.09,14345.04,3247.47,9634.8066,76442.6783,13258.4534,965068.3843,1477208.601,1068641.392,90.307973,42.98922,38.242897,3.570863,1.83,17.984369,4.51896,2019.36,16.63,0.34,59474.1459,35213.284,49894.4868,12261.7248,37123.158,24861.4332,Private Sector Bank,77.3617222398822,14.1683592543373,12,7,6.5,1.48642730747055,2025,1.34137568757419,TRUE,-0.145051619896357,0,14.1683592543373,OK,85.4771042813404,12,7,9.190754930285,8.559254114773,34.642678,77.3617222398822,85.4771042813404
2025,AXIS BANK LTD,14345.04,13961.19,3685.45,8073.9346,65564.5023,9410.5791,1040811.32,1609929.879,1172952.022,88.734347,40.767909,36.947996,3.520919,1.74,15.945914,4.809229,2087.59,17.07,0.35,68329.2212,37499.9428,54347.8189,15731.4504,42104.9323,26373.4819,Private Sector Bank,73.6021786108491,7.84845270368473,9.8,6.7,6.25,1.34137568757419,,,FALSE,,,2.51743370688213,ABOVE_100_SUSPECT,112.679867547107,9.8,6.7,6.49476552384,6.414086697106,,73.6021786108491,112.679867547107
2016,BANDHAN BANK LTD,,18.77,10.24,84.7803,725.5063,2188.2174,12437.5461,19756.5,12088.7481,102.885311176266,21.5539324539321,98.5753299037018,4.72166223774454,1.88,8.25451448141021,1.82835888523477,1,29.01,0.08,648.5253,615.9175,932.8352,191.5646,466.8116,275.247,Private Sector Bank,45.4448588172616,,10.5,5.1,6.75,0.150914013496601,2017,0.512260828723882,TRUE,0.36134681522728,0,19.7953093187681,CAPPED_AT_150_SUSPECT,1020.58923814598,10.5,5.1,7.99625378567371,8.02848944993222,34.4549951026575,45.4448588172616,150
2017,BANDHAN BANK LTD,18.77,86.26,61.17,202.1888,5809.8772,955.9286,16839.0779,30236.0904,23228.6579,72.492685425446,29.4349192684094,97.5802665536692,9.61541932822109,4.46,28.5813829094052,7.3112889434745,170,26.36,0.36,1505.2106,1022.005,2403.4986,680.9543,1792.907,1111.9527,Private Sector Bank,29.0864827266404,35.389069231269,11.8,4.4,6.25,0.512260828723882,2018,1.25581242933706,TRUE,0.743551600613182,1,22.1507522151834,CAPPED_AT_150_SUSPECT,789.420704845815,11.8,4.4,8.256306,7.972023,34.943218,29.0864827266404,150
2018,BANDHAN BANK LTD,86.26,373.14,172.9,201.331711,2635.735416,1763.706093,29713.036062,44310.056148,33869.001998,87.729293186007,34.3202112972989,94.2827354247634,8.13519159182173,4.03,19.4607701202397,5.89017406318924,232,31.48,0.58,1770.060401,1308.31034,3032.235923,1084.55334,2430.110155,1345.556815,Private Sector Bank,53.6635043147344,76.4528689661801,11,2.2,6,1.25581242933706,2019,2.0673305777048,TRUE,0.81151814836774,1,47.5531496359231,CAPPED_AT_150_SUSPECT,290.655877150667,11,2.2,6.795383,6.231181,37.452479,53.6635043147344,150
2019,BANDHAN BANK LTD,373.14,819.56,228.32,374.9825,3504.1722,1297.0944,39643.3937,56441.7126,43231.6203,91.6999951075162,40.7519514136739,95.0836396229115,8.92374725697158,4.25,18.9616293077076,5.43796103719484,258,29.2,0.58,2147.9528,1810.279,4495.4166,1796.6835,3748.1854,1951.5019,Private Sector Bank,72.1411489091708,33.4208783554769,10.6,0.7,6.25,2.0673305777048,2020,1.48998956125895,TRUE,-0.577341016445855,0,7.8928610325822,CAPPED_AT_150_SUSPECT,219.225377031578,10.6,0.7,6.45,5.81,37.347347,72.1411489091708,150
2020,BANDHAN BANK LTD,933.996487,992.779265,389.396154,551.537725,5793.369641,756.700564,66629.947673,91717.799137,57081.503553,116.727737578136,36.8393578008595,90.7735911272655,8.536629515,4.18,22.9095269,6.55106962,322,27.43,0.58,4561.579032,2426.542173,6323.914304,2422.832022,5446.569575,3023.737553,Private Sector Bank,60.7771669163537,68.0732688458002,6.4,6,4.4,1.48998956125895,2021,7.05496529486166,TRUE,5.56497573360271,1,24.9858710064138,CAPPED_AT_150_SUSPECT,244.045389283992,6.4,6,3.871437,3.944641,33.785447,60.7771669163537,150
2021,BANDHAN BANK LTD,992.779265,5757.760073,2861.026154,764.378065,2571.008289,1943.866,81612.87593,115016.17479,77972.224841,104.6691640471,43.3838001544527,88.1943880273697,7.317,2.13,13.529,5.869,321.57,23.47,3.51,4960.856345,2816.884931,7563.355431,4563.267522,6768.724413,2205.456891,Private Sector Bank,50.3100838220704,22.4867777632541,-1.2,7.3,4,7.05496529486166,2022,6.78904574021871,TRUE,-0.265919554642951,0,12.6523115966966,OK,79.2542145581689,-1.2,7.3,-5.777724706874,-4.145902641222,32.071601,50.3100838220704,79.2542145581689
2022,BANDHAN BANK LTD,5757.760073,6380.000758,1564.229451,1173.081,3769.4835,3424.9993,93974.9267,138995.174064,96330.6131,97.554582,41.605857,57.964422,6.861477,0.1,0.723176,4.954824,325.1,20.1,1.66,5157.1016,3523.5605,8714.4646,7887.6094,8013.4034,125.794,Private Sector Bank,75.4822999191876,15.1471818988502,18.9,4.2,4,6.78904574021871,2023,5.05802608129502,TRUE,-1.73101965892369,0,-16.1563921632003,ABOVE_100_SUSPECT,123.630226690954,18.9,4.2,9.689592491912,9.375448587977,36.663675,75.4822999191876,123.630226690954
2023,BANDHAN BANK LTD,6380.000758,5298.624703,1228.272438,1222.3863,6104.1966,,104756.7691,156037.0926,108064.6905,96.938943,39.28252,50.288515,6.277021,1.5,11.877881,5.336418,302.09,19.76,1.17,6645.08,4636.82,9259.62,4896.7115,7091.3495,2194.638,Private Sector Bank,76.8190331105245,11.4731054107861,14,6.7,6.5,5.05802608129502,2024,3.94998248479989,TRUE,-1.10804359649513,0,14.2003116888565,OK,92.4147637259072,14,6.7,7.609364977704,7.214814133485,35.24891,76.8190331105245,92.4147637259072
2024,BANDHAN BANK LTD,5298.624703,4784.881723,1347.609458,1445.270245,13947.41393,,121136.7833,177841.659,135201.9863,89.596896,37.093171,48.403595,6.181191,1.39,10.839523,5.961891,319.07,14.69,1.11,8550.78,5850.78,10318.84,4409.920759,6639.483459,2229.5627,Private Sector Bank,71.8360967728355,15.6362346230474,12,7,6.5,3.94998248479989,2025,4.87589389203869,TRUE,0.925911407238797,1,80.2256636131339,OK,92.1636315021616,12,7,9.190754930285,8.559254114773,34.642678,71.8360967728355,92.1636315021616
2025,BANDHAN BANK LTD,4784.881723,6435.561562,1692.84292,856.3032,6621.1464,1726.5368,131987.3177,191476.2885,151212.4992,87.285984,31.371024,39.145301,6.222597,1.5,11.955677,6.656953,335.45,18.71,1.28,10457.6451,7068.4951,11490.5836,4643.393028,7388.6885,2745.295472,Private Sector Bank,73.6954902273686,8.95725815430335,9.8,6.7,6.25,4.87589389203869,,,FALSE,,,-20.6343528850694,OK,72.1521033287569,9.8,6.7,6.49476552384,6.414086697106,,73.6954902273686,72.1521033287569
2005,BANK OF BARODA,3979.86,3321.81,619.64,397.227,2315.0949,3774.0125,43400.3839,94664.237,81333.4643,53.361042,36.452423,28.261959,3.314483,0.75,12.582215,4.209912,1889,12.61,1.89,3452.146,1982.1861,2979.2718,1635.9723,2301.9135,665.9412,Public Sector Bank,81.3463142082178,,14.1,2.6,6,7.65387238890299,2006,3.98943256873844,TRUE,-3.66443982016456,0,-5.51728786114626,OK,49.2494242596657,14.1,2.6,7.92293807295951,7.05093547208952,29.739689583569,81.3463142082178,49.2494242596657
2006,BANK OF BARODA,3321.81,2390.14,518.04,536.2835,2797.1499,3936.0108,59911.7784,113392.5273,93661.9916,63.965945,37.944058,29.356717,3.051923,0.79,12.276545,4.019772,396,13.65,0.87,3875.0873,2384.7527,3174.8666,1090.5445,1917.5042,826.9597,Public Sector Bank,78.3259558017522,38.0443512620634,14,3.9,6.5,3.98943256873844,2007,2.50193522861442,TRUE,-1.48749734012401,0,21.9882173024125,OK,45.626804287615,14,3.9,7.92342866735518,8.28129114504204,32.8676900977815,78.3259558017522,45.626804287615
2007,BANK OF BARODA,2390.14,2092.14,501.67,673.3661,5740.1541,5519.5387,83620.8698,143146.1746,124915.9793,66.941692,33.183966,28.763799,2.789075,0.8,12.446239,4.562264,555,11.8,0.6,5426.557,2544.3134,3577.5285,1388.5433,2415.0078,1026.4645,Public Sector Bank,76.0212031699599,39.5733393886368,17.1,7.8,7.75,2.50193522861442,2008,1.85694040510974,TRUE,-0.644994823504681,0,2.89535669337948,OK,66.3695211601518,17.1,7.8,8.06072889963741,8.05441849702261,33.498253505701,76.0212031699599,66.3695211601518
2008,BANK OF BARODA,2092.14,1981.38,493.55,880.9814,8488.742,6474.3815,106701.3241,179599.5162,152034.1272,70.182482,31.224823,27.623409,2.42408,0.89,14.578363,5.347075,710,12.94,0.47,7901.6706,3034.2921,3911.8061,1493.0286,2928.5501,1435.5215,Public Sector Bank,75.0905934247847,27.6013085671108,15.1,7.5,7.75,1.85694040510974,2009,1.28649345970409,TRUE,-0.57044694540565,0,-6.50375144577517,OK,75.3529661145262,15.1,7.5,7.66082415755608,7.3833652744116,38.7091453329433,75.0905934247847,75.3529661145262
2009,BANK OF BARODA,1981.38,1842.92,449.04,998.9849,9597.3586,7187.0416,143251.4084,226672.2377,192396.9517,74.456174,29.594285,26.70134,2.522159,1.09,18.619248,5.334887,914,14.05,0.31,9968.1676,3576.0617,5123.4098,2077.8043,4305.0061,2227.2018,Public Sector Bank,75.6343194495692,34.2545742597771,12.6,10.2,5,1.28649345970409,2010,1.37154630716663,TRUE,0.0850528474625354,0,15.6893725122934,ABOVE_100_SUSPECT,112.745224969071,12.6,10.2,3.08669937408871,4.31239885000613,34.63759214019,75.6343194495692,112.745224969071
2010,BANK OF BARODA,1842.92,2400.69,602.32,1173.0657,12366.9034,9953.2736,175035.2859,278316.7028,241261.9252,72.5499,29.622374,26.35005,2.352323,1.21,21.856067,4.556921,981,14.36,0.34,10758.8566,3810.5813,5939.4858,1876.93,4935.261,3058.331,Public Sector Bank,74.9105465511999,22.1874799382426,15.5,13.9,5,1.37154630716663,2011,1.37858587026343,TRUE,0.0070395630967985,0,10.4193923857366,OK,78.1829390716835,15.5,13.9,7.86188237155002,6.85655166937235,36.237403409036,74.9105465511999,78.1829390716836
2011,BANK OF BARODA,2400.69,3152.5,790.88,1357.0676,18511.1113,12153.1493,228676.3609,358397.1754,305439.4819,74.867977,28.676285,24.011783,2.764902,1.33,23.467162,4.339702,1229,14.52,0.35,13083.6577,4629.8349,8802.2579,2739.9293,6981.609,4241.6797,Public Sector Bank,74.9126090404441,30.6458636178341,19.9,10,6.75,1.37858587026343,2012,1.55361961469652,TRUE,0.175033744433097,0,4.44454176983655,OK,86.9129040444092,19.9,10,8.49758687599316,8.02988178640115,40.1198616832315,74.9126090404441,86.9129040444092
2012,BANK OF BARODA,3152.5,4464.75,1543.64,1200.7863,20450.6733,15266.7211,287377.2935,447321.467,384871.1059,74.668451,26.898327,22.587009,2.560947,1.24,20.638568,5.148615,1466,14.67,0.54,19356.7123,5158.7173,10317.0119,3573.6666,8580.6228,5006.9562,Public Sector Bank,65.4260596897923,25.6698735142413,14.4,8.2,8.5,1.55361961469652,2013,2.43233584565508,TRUE,0.878716230958553,1,54.0893223151387,OK,80.0418074920208,14.4,8.2,5.24131422482317,5.22332743548782,38.9523817758518,65.4260596897923,80.0418074920208
2013,BANK OF BARODA,4464.75,7982.58,4192.03,1559.5062,11892.5721,31109.8914,328185.7649,547135.4403,473883.3375,69.254548,25.31866,24.214076,2.275667,0.9,15.074852,5.227499,1689,13.3,1.28,23881.3891,5946.7363,11315.2653,4518.4339,8999.1539,4480.72,Public Sector Bank,47.4852741845368,14.2003116888565,13.8,11.2,7.5,2.43233584565508,2014,2.99136679537991,TRUE,0.559030949724835,1,14.2003116888565,OK,56.6036782594099,13.8,11.2,5.45638755164234,5.41917342231536,39.5016796432622,47.4852741845368,56.6036782594099
2014,BANK OF BARODA,7982.58,11875.9,6034.76,2218.4827,16410.6112,26768.3717,397005.8108,659504.5334,568894.3885,69.785503,25.749564,21.202889,1.98325,0.75,13.364949,4.837261,1865,12.28,1.52,26974.3632,7137.0656,11965.3463,4749.9418,9291.0248,4541.083,Public Sector Bank,49.1848196768245,20.9698449050555,13,11.9,8,2.99136679537991,2015,3.79882371215443,TRUE,0.807456916774517,1,41.8942465456222,OK,39.9964785826758,13,11.9,6.38610640092723,6.05378518913893,35.1811624629026,49.1848196768245,39.9964785826758
2015,BANK OF BARODA,11875.9,16261.44,8069.49,3263.8294,19224.7676,26245.2446,428065.1389,714988.548,617559.5233,69.315608,26.389173,22.311975,1.91885,0.49,8.964362,4.653456,1889,12.61,1.89,29776.3241,7674.1273,13187.2329,6516.6653,9915.1006,3398.4353,Public Sector Bank,50.3765349194167,7.82339382826989,11,6.5,7.5,3.79882371215443,2016,10.5586734144701,TRUE,6.75984970231565,1,18.4098762420936,OK,40.0743433545861,11,6.5,7.41022760516221,7.15478063868049,34.7632630741904,50.3765349194167,40.0743433545861
2016,BANK OF BARODA,16261.44,40521.04,19406.46,3756.4451,17915.9703,35392.0305,383770.1803,671376.4769,574037.8722,66.8545054055756,26.3631510269541,24.0190670437038,1.83787840448715,-0.78,-13.4830568444708,4.90100265580851,1680,13.18,5.06,31321.4257,8923.1371,12739.8517,14211.1135,8815.5762,-5395.5373,Public Sector Bank,52.1076951628093,-10.3477145356487,10.5,5.1,6.75,10.5586734144701,2017,11.1461635950908,TRUE,0.587490180620709,1,8.71349090861542,OK,35.0709495610182,10.5,5.1,7.99625378567371,8.02848944993222,34.4549951026575,52.1076951628093,35.0709495610182
2017,BANK OF BARODA,40521.04,42718.7,18080.18,2955.3649,19824.8484,46778.0559,383259.2231,694875.4235,601675.1729,63.6986933086732,32.159505579626,27.1556807056524,1.97817264825669,0.2,3.43626717481121,4.55612985015777,1749,12.24,4.72,28686.5191,9296.4023,13513.4107,9591.9333,10975.0693,1383.136,Public Sector Bank,57.6761933298532,-0.13314145450295,11.8,4.4,6.25,11.1461635950908,2018,13.2138918686096,TRUE,2.06772827351885,1,606.9355,OK,22.4537106700344,11.8,4.4,8.256306,7.972023,34.943218,57.6761933298532,22.4537106700344
2018,BANK OF BARODA,42718.7,56480.38,23482.65,3024.4682,19675.1716,16974.3622,427431.8313,719999.7716,591314.8224,72.2849851057615,35.8148590695635,26.4345811252172,2.19408396638164,-0.34,-5.81091894149015,4.36012774666393,1766,12.13,5.49,28126.7669,10173.3696,15521.7749,14437.3702,12005.558,-2431.8122,Public Sector Bank,58.4233498429012,11.5255173359454,11,2.2,6,13.2138918686096,2019,10.2881468413463,TRUE,-2.92574502726333,0,56.638618767804,OK,25.5617440959144,11,2.2,6.795383,6.231181,37.452479,58.4233498429012,25.5617440959144
2019,BANK OF BARODA,56480.38,48232.76,15609.5,3336.7322,23324.9961,6938.991,468818.7362,780987.4049,638689.7172,73.4032071559395,35.039608008895,27.7226616097857,2.46242018444053,0.06,0.970545210747219,4.49122013955858,1888,13.42,3.33,31290.3004,11287.9781,18480.3056,13053.2998,13486.8223,433.5225,Public Sector Bank,67.6371412293222,9.68269133679749,10.6,0.7,6.25,10.2881468413463,2020,10.053520577169,TRUE,-0.234626264177276,0,37.2111789947654,OK,27.0631409025733,10.6,0.7,6.45,5.81,37.347347,67.6371412293222,27.0631409025733
2020,BANK OF BARODA,48232.76,69381.43,21576.6,4761.602,27884.2506,23742.668,690120.734,1157915.5151,945984.4256,72.952652847565,35.288494933547,28.3017920600542,2.451024299,0.06,0.842950979,4.691372951,1877,13.3,3.13,48532.3695,18872.3909,27451.2855,18350.0309,18896.2184,546.1875,Public Sector Bank,68.9014769513975,47.2041709752811,6.4,6,4.4,10.053520577169,2021,9.43946364393932,TRUE,-0.614056933229714,0,47.2041709752811,OK,26.4480436624036,6.4,6,3.871437,3.944641,33.785447,68.9014769513975,26.4480436624036
2021,BANK OF BARODA,69381.43,66670.98,21799.89,4178.2033,34662.8343,17306.199,706300.5115,1155364.7714,966996.9266,73.0406159596992,40.1534079705109,31.0736433750976,2.491,0.07,1.113,3.927,1957,14.99,3.09,41686.0359,20543.656,28809.0262,20370.3801,21199.3383,828.9582,Public Sector Bank,67.3022805424489,2.34448505933456,-1.2,7.3,4,9.43946364393932,2022,6.95606251418583,TRUE,-2.4834011297535,0,5.32588459835759,OK,30.5535933325114,-1.2,7.3,-5.777724706874,-4.145902641222,32.071601,67.3022805424489,30.5535933325114
2022,BANK OF BARODA,66670.99,54059.4,13364.65,4439.0888,66745.3165,8903.8508,777155.1778,1277999.8334,1045938.56,74.302183,41.45609,29.706465,2.681171,0.6,8.925485,3.307591,2205,15.68,1.72,37259.4421,21716.4388,32621.3382,15116.5681,22388.8497,7272.2816,Public Sector Bank,75.2778425213746,10.0318016405684,18.9,4.2,4,6.95606251418583,2023,3.90688284770319,TRUE,-3.04917966648263,0,16.9484285376402,OK,27.9628854556284,18.9,4.2,9.689592491912,9.375448587977,36.663675,75.2778425213746,27.9628854556284
2023,BANK OF BARODA,54059.4,36763.7,8384.32,3794.8082,51087.8232,8831.3797,940998.2698,1458561.545,1203687.788,78.176275,39.470105,28.034796,3.02248,1.03,15.325494,3.707018,2666,16.24,0.89,48232.5323,24518.3124,41356.0084,12753.9152,26863.5319,14109.6167,Public Sector Bank,77.1940256285412,21.0824165726867,14,6.7,6.5,3.90688284770319,2024,2.98688085486623,TRUE,-0.920001992836959,0,-6.13986944734623,OK,34.6915985061351,14,6.7,7.609364977704,7.214814133485,35.24891,77.1940256285412,34.6915985061351
2024,BANK OF BARODA,36763.7,31833.63,7213.34,3938.2844,50901.549,13390.3506,1065781.715,1585797.091,1335136.399,79.82568,38.52537,27.319925,2.937994,1.17,16.905756,4.715688,3046,16.31,0.68,67884.4113,28251.6756,44721.5349,13176.4408,30965.2254,17788.7846,Public Sector Bank,77.3405043659803,13.2607518212038,12,7,6.5,2.98688085486623,2025,2.30124411952705,TRUE,-0.685636735339183,0,4.632264408854,OK,41.3915748847995,12,7,9.190754930285,8.559254114773,34.642678,77.3405043659803,41.3915748847995
2025,BANK OF BARODA,31833.63,27834.88,6994.22,3891.0593,52177.4351,18665.7015,1209557.898,1781247.32,1472034.849,82.169108,37.816087,26.668555,2.712092,1.16,15.71841,4.833835,3433,17.19,0.58,75782.9638,29871.3807,45658.6756,12853.4758,32434.6279,19581.1521,Public Sector Bank,74.8724621769521,13.4902092029229,9.8,6.7,6.25,2.30124411952705,,,FALSE,,,13.4902092029229,OK,46.1775865389037,9.8,6.7,6.49476552384,6.414086697106,,74.8724621769521,46.1775865389037
2005,BANK OF INDIA,3734.02,3155.91,1554.28,244.7455,3659.9777,263.5128,55528.8868,94978.1835,78821.4379,70.448964,34.546516,28.590607,2.487666,0.38,8.025154,4.173918,320,11.52,2.8,3794.6398,1932.3245,2236.8869,1120.3101,1460.3574,340.0473,Public Sector Bank,50.750179821351,,14.1,2.6,6,5.68336622948472,2006,3.80395513994743,TRUE,-1.87941108953729,0,7.14495651204494,OK,35.4987974942251,14.1,2.6,7.92293807295951,7.05093547208952,29.739689583569,50.750179821351,35.4987974942251
2006,BANK OF INDIA,3155.91,2479.18,969.5,284.5303,5303.8856,1842.9951,65173.7444,112274.2744,93932.0317,69.38394,35.017589,31.502272,2.539877,0.68,14.847141,4.049979,381,10.75,1.49,4396.7194,2115.1376,2631.9783,999.7852,1701.2205,701.4353,Public Sector Bank,60.8943279632782,17.3690814921937,14,3.9,6.5,3.80395513994743,2007,2.46779995065175,TRUE,-1.33615518929567,0,10.8435058713712,OK,40.3272533660323,14,3.9,7.92342866735518,8.28129114504204,32.8676900977815,60.8943279632782,40.3272533660323
2007,BANK OF INDIA,2479.18,2100.49,812.03,324.5646,6872.3248,1506.3674,85115.8944,141816.9913,119881.7362,70.999885,32.215535,29.809868,2.708055,0.88,20.647886,4.310668,498,11.75,0.95,5495.8176,2608.4303,3440.4656,1271.8196,2394.9886,1123.169,Public Sector Bank,61.3409252126885,30.5984414177682,17.1,7.8,7.75,2.46779995065175,2008,1.70160601885681,TRUE,-0.766193931794944,0,3.56294142094558,OK,60.5487100628901,17.1,7.8,8.06072889963741,8.05441849702261,33.498253505701,61.3409252126885,60.5487100628901
2008,BANK OF INDIA,2100.49,1930.92,591.98,456.323,11285.5275,909.7499,113476.3264,178829.9777,150011.9812,75.644842,30.605315,28.410307,2.63796,1.25,24.378903,5.230563,652,12.04,0.52,8125.9517,2644.9874,4229.2695,1691.8056,3701.2082,2009.4026,Public Sector Bank,69.3420752801773,33.3197838076175,15.1,7.5,7.75,1.70160601885681,2009,1.72898385480155,TRUE,0.0273778359447423,0,4.16464010672004,OK,87.6165558386676,15.1,7.5,7.66082415755608,7.3833652744116,38.7091453329433,69.3420752801773,87.6165558386676
2009,BANK OF INDIA,1930.92,2470.88,628.21,457.9829,8457.3016,4104.9499,142909.3738,225501.7671,189708.4797,75.331042,26.764874,26.27194,2.719997,1.49,24.973487,5.755617,833,13.01,0.44,10848.4531,3093.9633,5498.9048,2449.4579,5456.8042,3007.3463,Public Sector Bank,74.5754548986596,25.9376103666324,12.6,10.2,5,1.72898385480155,2010,2.89787490704725,TRUE,1.1688910522457,1,-0.467496823583802,OK,99.1330173865181,12.6,10.2,3.08669937408871,4.31239885000613,34.63759214019,74.5754548986596,99.1330173865182
2010,BANK OF INDIA,2470.88,4882.65,2207.45,650.7161,14951.9079,4506.5248,168490.7098,274966.4585,229761.9439,73.332732,27.838836,25.478495,2.300224,0.7,12.559598,5.15516,1011,12.94,1.31,12122.0429,3667.8137,5755.945,2963.6987,4704.7676,1741.0689,Public Sector Bank,54.7899194085179,17.9003905200794,15.5,13.9,5,2.89787490704725,2011,2.25792407992264,TRUE,-0.63995082712461,0,36.7569019973226,OK,60.6985694243904,15.5,13.9,7.86188237155002,6.85655166937235,36.237403409036,54.7899194085179,60.6985694243904
2011,BANK OF INDIA,4882.65,4811.55,1944.99,767.3536,21015.0796,4920.9296,213096.1817,351172.5491,298885.8063,71.296856,25.416947,25.755064,2.494875,0.82,15.790947,4.607442,1284,12.17,0.91,13941.0323,5068.2387,7810.6915,2895.5213,5384.2277,2488.7064,Public Sector Bank,59.5766437010942,26.4735497600711,19.9,10,6.75,2.25792407992264,2012,2.60048347652276,TRUE,0.342559396600119,0,2.49115700477476,OK,60.1785557668527,19.9,10,8.49758687599316,8.02988178640115,40.1198616832315,59.5766437010942,60.1785557668527
2012,BANK OF INDIA,5073.88,6470.87,3842.46,1153.4386,13833.2714,3823.5015,248833.3442,384535.4714,318216.0332,78.196357,26.650312,22.561253,2.259982,0.72,13.999179,5.819798,1360,11.95,1.47,20167.233,4940.6581,8313.4334,4016.433,6693.9485,2677.5155,Public Sector Bank,40.6191130404412,16.7704377501758,14.4,8.2,8.5,2.60048347652276,2013,3.21719961297713,TRUE,0.61671613645437,1,29.5836833232609,OK,62.0694435215048,14.4,8.2,5.24131422482317,5.22332743548782,38.9523817758518,40.6191130404412,62.0694435215048
2013,BANK OF INDIA,6470.87,9309.53,6032.64,1757.1477,20209.8888,267.1885,289367.4972,452602.7183,381839.5859,75.782477,25.640865,22.451063,2.155916,0.65,12.252006,5.781914,1582,11.02,2.06,22884.9298,5331.5467,9023.9992,4709.149,7458.4956,2749.3466,Public Sector Bank,35.1993065170852,16.2896789939135,13.8,11.2,7.5,3.21719961297713,2014,3.47376180883322,TRUE,0.256562195856091,0,58.0304774872047,OK,50.5841755706249,13.8,11.2,5.45638755164234,5.41917342231536,39.5016796432622,35.1993065170852,50.5841755706249
2014,BANK OF INDIA,9309.52,12878.4,7690.6,2010.0256,17063.4181,180.9661,370733.5364,573190.1989,476974.0518,77.726144,22.944335,20.876331,2.111641,0.51,10.138218,5.536689,1963,9.97,2,27079.5694,6699.468,10830.5322,5693.6327,8422.9038,2729.2711,Public Sector Bank,40.2829544042738,28.1185827666619,13,11.9,8,3.47376180883322,2015,5.52035565729901,TRUE,2.04659384846579,1,-68.4072714067625,OK,44.2107148403528,13,11.9,6.38610640092723,6.05378518913893,35.1811624629026,40.2829544042738,44.2107148403528
2015,BANK OF INDIA,11868.6,22193.24,13517.57,2271.1915,24898.8413,13670.2853,402025.5465,618697.7572,531906.6346,75.581976,22.298898,21.162444,1.909317,0.27,5.56926,5.733365,2069,10.73,3.36,32086.2461,8088.587,11378.4606,5778.8514,7487.7738,1708.9224,Public Sector Bank,39.0914981318636,8.44056634418899,11,6.5,7.5,5.52035565729901,2016,13.8865988840784,TRUE,8.36624322677939,1,0.501124453658064,OK,26.0387910913413,11,6.5,7.41022760516221,7.15478063868049,34.7632630741904,39.0914981318636,26.0387910913413
2016,BANK OF INDIA,22193.24,49879.13,27996.4,2631.0955,31330.5193,21751.9641,359188.9592,609913.9267,513004.5218,70.0167238175014,25.8719960662928,25.5743722481323,1.90859697228051,0.94,-19.4978641716978,5.15402170511269,1796,12.01,7.79,30071.8471,9341.5418,11724.6227,12124.8331,6035.6198,-6089.2133,Public Sector Bank,43.8715150003619,-10.6551903661177,10.5,5.1,6.75,13.8865988840784,2017,14.2011250963336,TRUE,0.314526212255242,0,0.702756182875231,OK,24.3084293972248,10.5,5.1,7.99625378567371,8.02848944993222,34.4549951026575,43.8715150003619,24.3084293972249
2017,BANK OF INDIA,49879.13,52044.52,25305.03,2012.3805,25335.2816,36270.919,366481.6671,626309.2666,540032.0078,67.8629529003262,31.8905871156773,26.0487324933368,1.91326562454003,-0.24,-5.04482628582629,4.63940931076319,1940,12.14,6.9,27464.7356,8865.7966,11826.1167,11290.9653,9732.6505,-1558.3148,Public Sector Bank,51.3781085885699,2.03032629851503,11.8,4.4,6.25,14.2011250963336,2018,18.257784852942,TRUE,4.05665975660839,1,70.8932427357234,OK,21.6948207035054,11.8,4.4,8.256306,7.972023,34.943218,51.3781085885699,21.6948207035054
2018,BANK OF INDIA,52044.52,62328.46,28207.27,2580.7047,28767.1402,28113.186,341380.1866,609574.826,520854.3783,65.5423475010846,34.1097397279957,29.7584215744289,1.70021416456574,-0.91,-18.2297923731197,4.58577567187428,1829,12.94,8.28,27565.0707,9101.1698,10506.3382,13182.6306,7138.9255,-6043.7051,Public Sector Bank,54.7441570030769,-6.84931410038327,11,2.2,6,18.257784852942,2019,17.7888746556961,TRUE,-0.468910197245876,0,81.0763770772848,OK,21.1502588063302,11,2.2,6.795383,6.231181,37.452479,54.7441570030769,21.1502588063302
2019,BANK OF INDIA,62328.46,60661.12,19118.96,2455.6246,26780.938,19986.2077,341005.9443,625222.8437,520862.3485,65.4694940576992,35.9018996743628,32.882539813251,2.21213088348607,-0.84,-14.3661520093987,4.41398804656306,1839,14.19,5.61,27110.141,10224.3485,13657.6703,13639.1105,8092.2101,-5546.9004,Public Sector Bank,68.4823491554393,-0.109626250933703,10.6,0.7,6.25,17.7888746556961,2020,16.6854745974934,TRUE,-1.1034000582027,0,29.0051416961277,OK,22.4841059644135,10.6,0.7,6.45,5.81,37.347347,68.4823491554393,22.4841059644134
2020,BANK OF INDIA,60661.12,61549.93,14320.1,3230.0213,26009.2295,20634.7892,368883.3041,656995.4817,555504.9786,66.4050401545762,36.5125196917542,30.5179765497009,2.37977856,-0.43,-6.916897541,4.391936954,1940,13.1,3.88,27096.2884,10451.4011,15256.9784,14475.537615,11518.651415,-2956.8862,Public Sector Bank,76.7341733776139,8.17503632003405,6.4,6,4.4,16.6854745974934,2021,15.4599462394901,TRUE,-1.22552835800338,0,8.17503632003404,OK,23.5183656829504,6.4,6,3.871437,3.944641,33.785447,76.7341733776139,23.5183656829504
2021,BANK OF INDIA,61549.93,56534.94,12262.02,3295.5084,57402.0594,15554.798,365686.5239,725856.4456,627113.5601,58.3126481656189,36.6895386161496,33.291157847887,2.064,0.28,4.827,4.14,1994,14.93,3.35,26329.6031,10839.1063,14269.8354,8112.296,10272.5947,2160.2987,Public Sector Bank,78.3107225372487,-0.866610162202797,-1.2,7.3,4,15.4599462394901,2022,10.8367065742552,TRUE,-4.62323966523492,0,11.6062014046513,OK,14.3491723879074,-1.2,7.3,-5.777724706874,-4.145902641222,32.071601,78.3107225372487,14.3491723879074
2022,BANK OF INDIA,56534.94,45605.39,9851.93,2424.4922,37856.0856,8870.8456,420841.7907,734614.0123,627895.9591,67.024128,40.080529,31.51223,1.925694,0.43,6.754221,3.606266,2071,16.51,2.34,24013.7287,11952.3743,14062.0972,6583.7588,9988.4546,3404.6958,Public Sector Bank,78.397443810918,15.0826632088534,18.9,4.2,4,10.8367065742552,2023,7.75583212456793,TRUE,-3.08087444968722,0,17.900485273103,OK,14.4363611406459,18.9,4.2,9.689592491912,9.375448587977,36.663675,78.397443810918,14.4363611406459
2023,BANK OF INDIA,45605.39,37685.56,8053.61,2134.3258,41900.1796,13259.3592,485899.6352,815555.6143,669585.7713,72.567198,38.414691,30.761166,2.61583,0.49,7.051489,3.641983,2247,16.28,1.66,27372.8195,13982.1724,20274.9028,9369.6808,13392.6208,4022.94,Public Sector Bank,78.6294538279383,15.4589791075138,14,6.7,6.5,7.75583212456793,2024,5.18210893097452,TRUE,-2.57372319359341,0,9.48161755011405,OK,24.8627877627399,14,6.7,7.609364977704,7.214814133485,35.24891,78.6294538279383,24.8627877627399
2024,BANK OF INDIA,37685.56,29182.77,6845.26,2127.0221,36429.2466,16607.2803,563144.6654,912597.9248,737920.2058,76.315117,37.177016,29.995378,2.667924,0.7,9.883227,4.439341,2587,16.96,1.22,37656.5746,15079.1633,23052.9158,7750.6897,14068.6063,6317.9166,Public Sector Bank,76.5434878183257,15.8973221225419,12,7,6.5,5.18210893097452,2025,3.34774944532757,TRUE,-1.83435948564695,0,8.92811014996751,OK,26.5591295822843,12,7,9.190754930285,8.559254114773,34.642678,76.5434878183257,26.5591295822843
2025,BANK OF INDIA,29182.77,21748.89,5358.49,1751.4475,49978.9778,22727.497,649657.0414,1042581.947,816541.4874,79.562037,34.837855,30.719409,2.495315,0.9,12.501882,4.859041,2821,17.77,0.82,46432.3503,16975.4609,24393.9479,7193.0897,16412.1096,9219.0199,Public Sector Bank,75.3620069805861,15.3623715743716,9.8,6.7,6.25,3.34774944532757,,,FALSE,,,56.1941767169602,OK,33.0733646636679,9.8,6.7,6.49476552384,6.414086697106,,75.3620069805861,33.0733646636679
2005,BANK OF MAHARASHTRA,954.45,961.94,280.74,210.8163,1918.5025,1306.644,13061.6428,32884.8389,28844.1742,45.283469,33.048944,41.176001,2.708713,0.54,11.895241,5.049405,294.65,12.68,2.15,1486.0347,720.4334,881.6565,369.3417,546.4584,177.1167,Public Sector Bank,70.8152275609705,,14.1,2.6,6,7.36461725932361,2006,5.73221454115917,TRUE,-1.63240271816444,0,0.848673696350999,OK,38.3955028380148,14.1,2.6,7.92293807295951,7.05093547208952,29.739689583569,70.8152275609705,38.3955028380148
2006,BANK OF MAHARASHTRA,961.94,944.08,335.01,216.1483,1657.1802,,16469.7255,31214.5137,26906.1875,61.211666,42.834988,41.648903,3.031404,0.16,3.261611,4.953282,306.18,11.27,2.03,1502.89,658.72,971.56,314.2837,365.0761,50.7924,Public Sector Bank,64.5146597745954,26.092297517124,14,3.9,6.5,5.73221454115917,2007,3.57893548879665,TRUE,-2.15327905236252,0,-18.260105036411,OK,33.2899436488433,14,3.9,7.92342866735518,8.28129114504204,32.8676900977815,64.5146597745954,33.2899436488433
2007,BANK OF MAHARASHTRA,944.08,820.27,277.38,290.0092,1980.1944,335,22919.3849,39009.4727,33919.3385,67.570259,43.159501,39.23395,3.116303,0.76,16.405206,4.927893,404.94,12.06,1.21,1627.8409,746.0524,1094.1961,341.3612,613.1979,271.8367,Public Sector Bank,66.1843051678106,39.1606976084696,17.1,7.8,7.75,3.57893548879665,2008,2.61652289665485,TRUE,-0.962412592141797,0,4.50594806280034,OK,41.6157118997403,17.1,7.8,8.06072889963741,8.05441849702261,33.498253505701,66.1843051678106,41.6157118997403
2008,BANK OF MAHARASHTRA,820.27,766.27,254.04,343.2916,3550.5919,0.0056,29285.8129,48150.9134,41758.3323,70.131663,42.154693,37.799864,2.58989,0.75,18.640419,5.604087,515.69,10.85,0.87,2311.7913,836.3389,1128.6791,344.241,672.6282,328.3872,Public Sector Bank,66.8471948529892,27.777481934081,15.1,7.5,7.75,2.61652289665485,2009,2.32835230823378,TRUE,-0.288170588421074,0,14.0274198846531,OK,44.9242434128962,15.1,7.5,7.66082415755608,7.3833652744116,38.7091453329433,66.8471948529892,44.9242434128962
2009,BANK OF MAHARASHTRA,766.27,798.41,271.9,325.041,3556.3782,,34290.7728,59030.3536,52254.9196,65.622095,35.69114,36.729255,2.344668,0.72,17.455004,5.92091,636,12.05,0.79,3035.03,963.02,1256.52,418.3564,793.524699999999,375.168299999999,Public Sector Bank,65.9448153204494,17.0900494279945,12.6,10.2,5,2.32835230823378,2010,3.00086592738557,TRUE,0.672513619151792,1,26.74440970275,OK,52.3986924011473,12.6,10.2,3.08669937408871,4.31239885000613,34.63759214019,65.9448153204494,52.3986924011473
2010,BANK OF MAHARASHTRA,798.41,1209.79,662.43,390.1061,4925.287,1149.4392,40314.6968,71055.7893,63304.0694,63.68421,36.907838,39.437091,1.992917,0.7,16.354524,5.508981,762,12.78,1.64,3439.3087,1072.947,1296.2547,374.9748,814.5516,439.5768,Public Sector Bank,45.2442159383033,17.5671864706415,15.5,13.9,5,3.00086592738557,2011,2.50358537764418,TRUE,-0.497280549741386,0,46.1020154434949,OK,30.9950321956703,15.5,13.9,7.86188237155002,6.85655166937235,36.237403409036,45.2442159383033,30.9950321956703
2011,BANK OF MAHARASHTRA,1209.79,1173.7,618.95,424.9137,3421.0896,,46880.7659,76442.2177,66844.7352,70.133819,40.440628,34.358016,2.669051,0.47,9.67556,5.044608,825,13.35,1.32,3594.69,1644.22,1968.4,524.6443,855.0326,330.3883,Public Sector Bank,47.26505921445,16.2870357988157,19.9,10,6.75,2.50358537764418,2012,2.31365581693383,TRUE,-0.189929560710353,0,5.9282735398857,OK,44.700034080259,19.9,10,8.49758687599316,8.02988178640115,40.1198616832315,47.26505921445,44.700034080259
2012,BANK OF MAHARASHTRA,1173.7,1297.03,469.57,503.5506,4031.9266,,56059.7644,91137.3861,76528.6508,73.253303,41.333007,33.625501,3.004052,0.55,9.911419,5.989685,967,12.43,0.84,4696.88,1642.52,2517.09,1084.4115,1515.2403,430.8288,Public Sector Bank,63.796519741255,19.5794550788258,14.4,8.2,8.5,2.31365581693383,2013,1.50727212790528,TRUE,-0.806383689028547,0,-6.09014448128722,OK,83.6072797082566,14.4,8.2,5.24131422482317,5.22332743548782,38.9523817758518,63.796519741255,83.6072797082566
2013,BANK OF MAHARASHTRA,1297.03,1137.55,392.93,514.5525,4750.7383,,75470.7779,116952.8056,94336.9318,80.001306,40.785248,32.250305,2.915416,0.74,13.66092,6.881729,1256,12.59,0.52,6580.08,1796.64,3033.35,1389.1856,2148.7052,759.5196,Public Sector Bank,65.4582216166322,34.6255709558423,13.8,11.2,7.5,1.50727212790528,2014,3.21619114642074,TRUE,1.70891901851546,1,72.0784133223509,ABOVE_100_SUSPECT,122.120838644455,13.8,11.2,5.45638755164234,5.41917342231536,39.5016796432622,65.4582216166322,122.120838644455
2014,BANK OF MAHARASHTRA,1137.55,2859.85,1807.32,608.4534,5382.9338,,88920.399,136320.052,116803.0891,76.128465,35.890474,35.674841,2.770871,0.3,5.607931,7.290938,1435,10.79,2.03,8447.73,2396.75,3508.93,1620.4046,2006.3727,385.9681,Public Sector Bank,36.8036785146074,17.8209652454106,13,11.9,8,3.21619114642074,2015,6.49302074054027,TRUE,3.27682959411953,1,39.9244795999133,OK,56.6604751997482,13,11.9,6.38610640092723,6.05378518913893,35.1811624629026,36.8036785146074,56.6604751997482
2015,BANK OF MAHARASHTRA,2859.85,6402.06,4126.57,815.296,5837.4533,,98599.0998,146018.7927,122118.9425,80.740218,37.092366,37.79733,2.744956,0.33,5.839688,6.767677,1560,11.94,4.19,8790.4,2525.93,3875.04,1904.3974,2355.0892,450.6918,Public Sector Bank,35.5430908176431,10.8846799034269,11,6.5,7.5,6.49302074054027,2016,9.65562675421337,TRUE,3.1626060136731,1,10.8846799034269,OK,29.7466346769633,11,6.5,7.41022760516221,7.15478063868049,34.7632630741904,35.5430908176431,29.7466346769634
2016,BANK OF MAHARASHTRA,6402.06,10385.85,6832.03,818.9764,7563.3102,,107562.6706,160957.3244,138989.8178,77.3888852453766,36.6694627036197,34.3041555161982,2.52703463490385,0.07,1.19475545443162,6.45086766933725,1802,11.2,6.35,9174.29,2552.81,3878.7,2244.4919,2345.1768,100.6849,Public Sector Bank,34.2179022419927,9.09092559483997,10.5,5.1,6.75,9.65562675421337,2017,17.9957793306845,TRUE,8.34015257647115,1,5.40800193504443,OK,21.6110563892219,10.5,5.1,7.99625378567371,8.02848944993222,34.4549951026575,34.2179022419927,21.6110563892219
2017,BANK OF MAHARASHTRA,10385.85,17188.71,11229.56,659.2606,14615.4586,,95515.2299,159323.9807,139052.8379,68.689881733079,44.8883961252833,36.5216013577328,1.98243759435711,-0.86,-16.979480249115,5.80888682685676,1854,11.18,11.76,8887.27,2855.7,3174.69,3199.5761,1827.068,-1372.5081,Public Sector Bank,34.6689774858032,-11.2003919508484,11.8,4.4,6.25,17.9957793306845,2018,21.4846327728756,TRUE,3.48885344219105,1,7.34576050922724,OK,18.6144050367945,11.8,4.4,8.256306,7.972023,34.943218,34.6689774858032,18.6144050367945
2018,BANK OF MAHARASHTRA,17188.71,18433.23,9641.19,764.3963,15044.6662,,85797.2775,156328.747,138981.177,61.7330197887157,47.7369957084188,40.657207800096,2.14775986553276,-0.73,-13.226530275955,5.13115116692868,1807,11.01,11.24,7706.68,2704.39,3389.73,3337.0463,2191.3982,-1145.6481,Public Sector Bank,47.6966869072865,-10.1742438459021,11,2.2,6,21.4846327728756,2019,18.537791675806,TRUE,-2.94684109706959,0,-3.38769068806648,OK,18.1034268004034,11,2.2,6.795383,6.231181,37.452479,47.6966869072865,18.1034268004034
2019,BANK OF MAHARASHTRA,18433.23,15324.49,4559.33,699.1425,7220.8438,1157.2303,82666.2111,164535.5316,140650.0864,58.7743763376743,49.6478910090453,40.1300126842272,2.32714374831004,-3.01,-61.0055909293973,4.82845560107712,1813,11.859,5.52,7116.1161,3083.3288,3733.4865,6981.4884,2197.612,-4783.8764,Public Sector Bank,70.2480800339848,-3.64937733601162,10.6,0.7,6.25,18.537791675806,2020,13.9886256035224,TRUE,-4.54916607228358,0,23.3691482670255,OK,45.5577210073549,10.6,0.7,6.45,5.81,37.347347,70.2480800339848,45.5577210073549
2020,BANK OF MAHARASHTRA,15324.49,12152.15,4145.38,812.1119,9541.573,,86871.6509,168867.1824,150066.4046,57.8888067129717,50.2942656627092,41.3350972704952,2.566744133,0.23,4.711580376,4.64864513,1952,13.52,4.77,7216.65,3080.96,4278.8,2458.4823,2847.0633,388.581,Public Sector Bank,65.8876824265665,5.08725359979634,6.4,6,4.4,13.9886256035224,2021,7.59696042993018,TRUE,-6.39166517359222,0,67.9286815005365,OK,20.2308422789383,6.4,6,3.871437,3.944641,33.785447,65.8876824265665,20.2308422789383
2021,BANK OF MAHARASHTRA,12152.15,7779.68,2544.32,1006.8556,11875.6267,,102405.1668,196665.0129,174005.6191,58.8516436018933,53.9897506677703,44.4799919997787,2.68,0.3,4.808,4.027,2145,14.49,2.48,6971.07,3565.06,4897.47,3409.8341,3960.0857,550.2516,Public Sector Bank,67.295312917755,17.8809953984655,-1.2,7.3,4,7.59696042993018,2022,4.0612908248796,TRUE,-3.53566960505058,0,12.0576164294847,OK,43.8300045760237,-1.2,7.3,-5.777724706874,-4.145902641222,32.071601,67.295312917755,43.8300045760237
2022,BANK OF MAHARASHTRA,7779.6793,5327.213,1276.57,1123.4383,18598.4879,139.0527,131170.4389,230611.3651,202294.2918,64.841394,57.853913,41.323505,2.829268,0.55,8.851826,3.432457,2649,16.48,0.97,6974.8231,3849.0128,6044.3968,3696.3271,4847.8633,1151.5362,Public Sector Bank,76.0368132455,28.0896687138642,18.9,4.2,4,4.0612908248796,2023,2.53123803371704,TRUE,-1.53005279116256,0,28.0896687138642,OK,69.3857576184771,18.9,4.2,9.689592491912,9.375448587977,36.663675,76.0368132455,69.3857576184771
2023,BANK OF MAHARASHTRA,5327.213,4334.002751,435.173993,1094.9154,17412.8052,,171220.6712,267651.3901,234082.6837,73.145381,53.383252,37.52538,3.107107,1.1,17.643842,3.293686,3145,18.14,0.25,8157.68,3921.84,7740.78,3497.1754,6099.2128,2602.0374,Public Sector Bank,89.9590743706937,30.5329711754132,14,6.7,6.5,2.53123803371704,2024,1.91422903254244,TRUE,-0.617009001174596,0,6.49658253565395,OK,80.6915823759707,14,6.7,7.609364977704,7.214814133485,35.24891,89.9590743706937,80.6915823759707
2024,BANK OF MAHARASHTRA,4334,3833.05,408.990151,1015.6986,20145.641,9128.3172,200239.8843,307137.8595,270747.1682,73.958256,52.733179,40.491227,3.417546,1.5,22.98497,3.977828,3500,17.38,0.2,10672.8437,4814.3729,9821.8446,3950.3102,8005.3374,4055.0272,Public Sector Bank,89.329903053704,16.9484285376403,12,7,6.5,1.91422903254244,2025,1.7724723523199,TRUE,-0.141756680222547,0,6.54655323673621,ABOVE_100_SUSPECT,103.059187853015,12,7,9.190754930285,8.559254114773,34.642678,89.329903053704,103.059187853015
2025,BANK OF MAHARASHTRA,3833.05,4184.52,431.780151,1025.2908,36967.7029,4177.0563,236083.7953,369142.1546,307142.6051,76.864555,53.283738,38.330711,3.449923,1.75,22.921194,4.255157,3744,20.53,0.18,13281.8809,5800.7149,11665.5708,3799.2431,9319.029,5519.7859,Public Sector Bank,89.6814891313699,17.900485273103,9.8,6.7,6.25,1.7724723523199,,,FALSE,,,-2.44006308685014,OK,90.7928053874757,9.8,6.7,6.49476552384,6.414086697106,,89.6814891313699,90.7928053874757
2005,CANARA BANK,3126.84,2370.55,1125.28,543.545,4440.8382,756.6,60421.4039,110305.1733,96795.9186,62.421438,33.794167,33.744107,3.005777,1.01,19.532498,4.602862,351.12,12.78,1.88,4421.4993,2108.9716,3150.4695,1475.8207,2585.3252,1109.5045,Public Sector Bank,52.5308472717302,,14.1,2.6,6,3.92336133718998,2006,2.25696469091733,TRUE,-1.66639664627265,0,,OK,62.2564679082913,14.1,2.6,7.92293807295951,7.05093547208952,29.739689583569,52.5308472717302,62.2564679082913
2006,CANARA BANK,2370.55,1792.61,879.18,628.9133,7285.0824,535,79425.6998,132821.8587,116803.2319,67.999574,33.29445,37.67907,2.946201,1.13,20.288504,4.517459,441.57,11.22,1.12,5130.0069,2347.1354,3581.5054,1206.7191,2549.9391,1343.22,Public Sector Bank,50.9553109711538,31.4529201132978,14,3.9,6.5,2.25696469091733,2007,1.51608505608412,TRUE,-0.740879634833213,0,31.4529201132978,OK,67.316320895231,14,3.9,7.92342866735518,8.28129114504204,32.8676900977815,50.9553109711538,67.316320895231
2007,CANARA BANK,1792.61,1493.43,926.97,358.4317,8736.7598,1050,98505.687,165961.0427,142381.4519,69.184353,31.521348,37.236759,2.695486,0.98,16.250623,5.315181,548.76,13.5,0.94,7337.7305,2565.3054,4026.8257,1491.66,2912.47,1420.81,Public Sector Bank,37.9301339868625,24.0224351161461,17.1,7.8,7.75,1.51608505608412,2008,1.18672440238509,TRUE,-0.329360653699035,0,-14.8039452173651,OK,99.8814808862819,17.1,7.8,8.06072889963741,8.05441849702261,33.498253505701,37.9301339868625,99.8814808862819
2008,CANARA BANK,1373.46,1272.62,899.03,431.4537,12933.3333,1605,107238.0409,180528.692,154072.4222,69.602359,31.492255,39.146369,2.042076,0.92,15.008831,6.709415,609.41,13.25,0.84,10662.9444,2791.2913,3537.7926,1394.367,2959.3737,1565.0067,Public Sector Bank,29.3559742892615,8.86482208890134,15.1,7.5,7.75,1.18672440238509,2009,1.56849906175074,TRUE,0.381774659365655,0,-5.7599626203594,ABOVE_100_SUSPECT,109.566642045544,15.1,7.5,7.66082415755608,7.3833652744116,38.7091453329433,29.3559742892615,109.566642045544
2009,CANARA BANK,1272.62,2167.97,1507.25,493.1953,9543.5969,200,138219.4005,219645.8034,186892.5073,73.95663,30.053503,33.273995,2.357875,1.06,18.252564,6.71636,780.17,14.1,1.09,12401.2463,3065.2475,4717.8072,1891.3528,3963.7728,2072.42,Public Sector Bank,30.4764364820546,28.8902700384934,12.6,10.2,5,1.56849906175074,2010,1.52969891086177,TRUE,-0.0388001508889726,0,20.5262372488119,OK,87.2407275008418,12.6,10.2,3.08669937408871,4.31239885000613,34.63759214019,30.4764364820546,87.2407275008418
2010,CANARA BANK,2167.97,2590.31,1799.7,617.5983,15101.8659,950,169334.6306,264741.0828,234651.4432,72.164325,29.090509,33.478639,2.345453,1.3,22.481255,5.828562,982.58,13.43,1.06,13071.4284,3477.6235,5680.5339,2039.3824,5060.8128,3021.4304,Public Sector Bank,30.5218294335427,22.5114781191661,15.5,13.9,5,1.52969891086177,2011,1.48501223864438,TRUE,-0.0446866722173922,0,62.7730834041825,OK,78.7312097779802,15.5,13.9,7.86188237155002,6.85655166937235,36.237403409036,30.5218294335427,78.7312097779802
2011,CANARA BANK,2590.31,3137.36,2329.91,718.1381,21296.6543,2815,211268.2925,335944.8567,293436.6416,71.997925,28.325397,32.186235,2.563514,1.42,23.196211,5.393592,1199.13,15.38,1.1,15240.7357,4419.3156,7699.3332,2065.5914,6091.4797,4025.8883,Public Sector Bank,25.7366065736798,24.7637838470591,19.9,10,6.75,1.48501223864438,2012,1.73416196288183,TRUE,0.249149724237452,0,-13.5303215577488,OK,65.8385202845704,19.9,10,8.49758687599316,8.02988178640115,40.1198616832315,25.7366065736798,65.8385202845705
2012,CANARA BANK,3137.36,4031.75,3386.31,1003.2091,16791.9266,550,232489.8185,374160.1927,327053.7271,71.086124,24.34179,29.795235,2.165682,0.95,15.364991,7.078976,1374.36,13.76,1.46,23161.3116,4673.7434,7689.3099,2660.45,5943.163,3282.713,Public Sector Bank,16.0089291250698,10.0448229826063,14.4,8.2,8.5,1.73416196288183,2013,2.58495633521188,TRUE,0.850794372330055,1,38.1581044092711,OK,65.9874744217771,14.4,8.2,5.24131422482317,5.22332743548782,38.9523817758518,16.0089291250698,65.9874744217771
2013,CANARA BANK,4031.75,6260.16,5278.07,1128.7919,14277.1384,5960.1901,242176.6246,412342.6086,355855.9913,68.054671,24.184316,33.879726,2.003551,0.77,12.075842,7.394907,1420.17,12.4,2.18,26198.9433,5141.9899,7878.9917,3017.9067,5890.0096,2872.1029,Public Sector Bank,15.6879376884936,4.16655067413201,13.8,11.2,7.5,2.58495633521188,2014,2.5144562375762,TRUE,-0.070500097635684,0,42.3665726620155,OK,48.2081400475387,13.8,11.2,5.45638755164234,5.41917342231536,39.5016796432622,15.6879376884936,48.2081400475387
2014,CANARA BANK,6260.16,7570.21,5965.46,1140.5129,21013.2679,2001.161,301067.4788,491921.8543,420722.8182,71.559579,24.548085,32.103157,1.978281,0.54,8.947848,7.380527,1438.38,10.63,1.98,30603.1654,6081.0103,8944.4464,4357.9977,6796.1923,2438.1946,Public Sector Bank,21.1982230347639,24.3173156357552,13,11.9,8,2.5144562375762,2015,3.95107781650571,TRUE,1.43662157892951,1,24.3173156357552,OK,57.5677253339075,13,11.9,6.38610640092723,6.05378518913893,35.1811624629026,21.1982230347639,57.5677253339075
2015,CANARA BANK,7570.21,13039.96,8740.09,1850.631,20121.3231,520.5412,330035.5145,548000.5648,473840.1031,69.651241,23.960033,32.399211,1.858536,0.55,8.791975,7.160112,1435.02,10.56,2.65,34086.3744,7263.5513,9663.6682,4247.743,6950.3672,2702.6242,Public Sector Bank,32.9745643391544,9.62177509688569,11,6.5,7.5,3.95107781650571,2016,9.74326629448861,TRUE,5.79218847798289,1,29.1852245495176,OK,32.5748161804177,11,6.5,7.41022760516221,7.15478063868049,34.7632630741904,32.9745643391544,32.5748161804177
2016,CANARA BANK,13039.96,31637.83,20832.91,2011.8673,18652.1837,6639.3138,324714.824,552960.7783,479791.5621,67.6783106769855,25.7491416812893,38.4805650264985,1.77360646878102,-0.52,-8.86452903562648,6.78459507596477,1444.62,11.08,6.42,34258.7746,7491.9346,9763.3608,9959.4783,7146.6554,-2812.8229,Public Sector Bank,34.1518997984375,-1.61215695470251,10.5,5.1,6.75,9.74326629448861,2017,10.0003403187676,TRUE,0.257074024279042,0,-11.6110618120752,OK,31.4796504690745,10.5,5.1,7.99625378567371,8.02848944993222,34.4549951026575,34.1518997984375,31.4796504690745
2017,CANARA BANK,31637.83,34202.04,21648.98,1846.3926,18076.1047,6376.0699,342008.7608,583519.4435,495275.2422,69.0542816719055,30.2354322487069,39.9752341080966,1.73725448285668,0.2,3.4368016119411,6.06319002342022,1442.79,12.86,6.33,31515.8681,8512.2812,9871.7768,7791.9719,8913.8941,1121.9222,Public Sector Bank,36.7026645194263,5.32588459835759,11.8,4.4,6.25,10.0003403187676,2018,12.4359702939961,TRUE,2.43562997522846,1,38.7054246812189,OK,22.7821846299227,11.8,4.4,8.256306,7.972023,34.943218,36.7026645194263,22.7821846299227
2018,CANARA BANK,34202.04,47468.47,28542.4,2649.1605,19450.8776,5720.7731,381702.9864,616886.1048,524771.8603,72.7369387111933,31.8299997840033,41.3622496090589,2.02653596815269,-0.75,-12.1870826548745,5.32057024298052,1480.54,13.22,7.48,29088.7625,9557.9354,12163.3251,13770.4797,9548.2421,-4222.2376,Public Sector Bank,39.8708237278345,11.6062014046513,11,2.2,6,12.4359702939961,2019,9.17035758480532,TRUE,-3.26561270919079,0,-11.2010531017147,OK,29.0097399389532,11,2.2,6.795383,6.231181,37.452479,39.8708237278345,29.0097399389532
2019,CANARA BANK,47468.47,39224.12,22955.11,3203.6697,26715.3463,10736.7392,427727.2684,694766.6905,599033.2748,71.4029230751507,29.1818179479869,41.9502741714842,2.20761496516135,0.06,0.966857338611562,5.3565269742822,1706.81,11.9,5.37,32332.2201,10462.2075,14478.1217,10243.8556,10590.8707,347.0151,Public Sector Bank,41.4770554444561,12.0576164294847,10.6,0.7,6.25,9.17035758480532,2020,8.57086421896205,TRUE,-0.599493365843273,0,-29.8283864970253,OK,26.1162152267533,10.6,0.7,6.45,5.81,37.347347,41.4770554444561,26.1162152267533
2020,CANARA BANK,39224.12,37041.15,18250.95,4598.3477,17971.7894,29679.4321,432175.2049,723874.7453,625351.1737,69.109201849412,31.3754173257739,43.4358185688686,1.850207737,-0.32,-5.924764221,5.475557623,1763,13.65,4.22,35811.0834,11577.2346,13123.9068,11595.5424,9359.8268,-2235.7156,Public Sector Bank,50.7279066659647,1.03990014867146,6.4,6,4.4,8.57086421896205,2021,9.43401856685929,TRUE,0.86315434789724,1,44.3630276034228,OK,31.3044881165947,6.4,6,3.871437,3.944641,33.785447,50.7279066659647,31.3044881165947
2021,CANARA BANK,61127,60288,24442,4400.3835,38711.2394,82698.1576,639048.9861,1153675.0349,1010874.5827,63.2174353808688,32.7342027649144,47.0001774876457,2.187,0.23,4.622,4.391,1814,13.18,3.82,45177.6237,19338.1842,24102.8385,17131.3881,19688.965,2557.5769,Public Sector Bank,59.4579352441614,47.8680356611083,-1.2,7.3,4,9.43401856685929,2022,7.90958722811804,TRUE,-1.52443133874124,0,1.03990014867146,OK,28.4159170979299,-1.2,7.3,-5.777724706874,-4.145902641222,32.071601,59.4579352441614,28.4159170979299
2022,CANARA BANK,60288,55652,18668,4071.0211,47531.8914,72383.0187,703601.8239,1228104.8807,1086409.2541,64.763976,33.949913,48.007755,2.215484,0.48,9.08573,3.789921,1991,14.9,2.65,43026.2626,19791.9055,26383.9767,17410.5645,23088.9754,5678.4109,Public Sector Bank,66.4558326744771,10.1013911615687,18.9,4.2,4,7.90958722811804,2023,5.55682258510122,TRUE,-2.35276464301682,0,18.8605880913585,OK,31.2847058506433,18.9,4.2,9.689592491912,9.375448587977,36.663675,66.4558326744771,31.2847058506433
2023,CANARA BANK,55652,46159,14349,3914.3824,51074.063,43561.9244,830672.5524,1345732.248,1179218.607,70.442626,31.086746,46.385382,2.442679,0.81,15.178757,4.306994,2245,16.68,1.73,52989.487,22481.4799,31435.2952,17112.2529,27716.0179,10603.765,Public Sector Bank,68.9139712732078,18.0600339828084,14,6.7,6.5,5.55682258510122,2024,4.35857027268338,TRUE,-1.19825231241785,0,-17.0362768709288,OK,37.0724081977513,14,6.7,7.609364977704,7.214814133485,35.24891,68.9139712732078,37.0724081977513
2024,CANARA BANK,46159,40605,11823,3361.254,67706.9296,39526.8209,931612.8331,1491540.72,1312366.613,70.98724,29.900571,46.022781,2.577541,1.01,18.129246,5.32044,2597,16.28,1.27,72121.9886,26119.796,36565.937,14858.2581,29412.5773,14554.3192,Public Sector Bank,70.8828961950499,12.1516330843436,12,7,6.5,4.35857027268338,2025,3.00527561694362,TRUE,-1.35329465573975,0,-0.680226495575731,OK,36.5921884004433,12,7,9.190754930285,8.559254114773,34.642678,70.8828961950499,36.5921884004433
2025,CANARA BANK,40605,31530,7353,3161.2262,86837.3413,44489.096,1049155.02,1682849.599,1456883.177,72.013668,28.488927,41.133395,2.33569,1.09,18.224505,5.467871,2930,16.33,0.7,82683.1127,28134.4954,37071.9565,14363.5923,31390.2638,17026.6715,Public Sector Bank,76.6793529971456,12.6170639479998,9.8,6.7,6.25,3.00527561694362,,,FALSE,,,-21.808685181004,OK,45.5553196955281,9.8,6.7,6.49476552384,6.414086697106,,76.6793529971456,45.5553196955281
2005,CENTRAL BANK OF INDIA,2943,2621,814,492.7162,5079.0889,150,27277.3191,68595.8944,60751.6735,44.8997,43.563871,44.782802,3.599999,0.53,11.455868,4.634033,206.89,12.15,2.98,2829.9347,1685.9032,2374.9415,1251.7618,1609.1702,357.4084,Public Sector Bank,68.943151468905,,14.1,2.6,6,9.60871554272355,2006,7.16048755674403,TRUE,-2.44822798597952,0,,OK,47.7589393361312,14.1,2.6,7.92293807295951,7.05093547208952,29.739689583569,68.943151468905,47.7589393361312
2006,CENTRAL BANK OF INDIA,2621,2684,972,529.1823,2853.6791,,37483.4811,74681.0417,66482.6482,56.380848,46.795656,43.484671,3.322335,0.37,7.675891,4.526946,240.46,11.03,2.59,3005.51,1716.22,2380.07,937.2488,1194.6668,257.418,Public Sector Bank,63.7853949329359,37.4162943307724,14,3.9,6.5,7.16048755674403,2007,4.9656855586,TRUE,-2.19480199814403,0,-21.297853933522,OK,34.9198509687034,14,3.9,7.92342866735518,8.28129114504204,32.8676900977815,63.7853949329359,34.9198509687034
2007,CENTRAL BANK OF INDIA,2684,2572,878,738.483,4735.185,1877.9448,51795.4665,93008.0841,82776.2769,62.572839,42.086701,39.120714,2.951205,0.62,13.772874,4.784721,303.85,10.4,1.7,3759.7878,1684.3561,2474.4251,767.7081,1265.7209,498.0128,Public Sector Bank,65.8631415241058,38.1821137738459,17.1,7.8,7.75,4.9656855586,2008,3.21929147622155,TRUE,-1.74639408237845,0,38.1821137738459,OK,29.8486819595645,17.1,7.8,8.06072889963741,8.05441849702261,33.498253505701,65.8631415241058,29.8486819595645
2008,CENTRAL BANK OF INDIA,2572,2350,1060,926.9122,10610.2742,,72997.4287,123955.7915,110319.666,66.169008,36.137419,32.875827,1.946675,0.54,11.305601,5.778881,400.99,9.39,1.45,5772.47,1745.83,2111.79,718.139,1268.3027,550.1637,Public Sector Bank,54.8936170212766,40.9340114737648,15.1,7.5,7.75,3.21929147622155,2009,2.7093044238042,TRUE,-0.509987052417342,0,1.89036850804019,OK,30.5591063829787,15.1,7.5,7.66082415755608,7.3833652744116,38.7091453329433,54.8936170212766,30.5591063829787
2009,CENTRAL BANK OF INDIA,2350,2316,1063,797.3769,10239.5287,,85483.1956,147655.2237,131271.8488,65.119214,33.360062,31.386529,1.64093,0.45,9.247287,6.550992,560.28,13.12,1.24,8226.72,1861.7,2228.47,865.5016,1436.7441,571.2425,Public Sector Bank,54.1018998272884,17.1043927469188,12.6,10.2,5,2.7093044238042,2010,2.33243376196276,TRUE,-0.376870661841441,0,17.1043927469188,OK,37.3705354058722,12.6,10.2,3.08669937408871,4.31239885000613,34.63759214019,54.1018998272884,37.3705354058722
2010,CENTRAL BANK OF INDIA,2316,2458,727,751.8715,16260.0573,,105383.4857,182671.6238,162107.4688,65.008409,34.44315,32.14273,1.541076,0.66,15.005752,6.217903,711.76,12.23,0.69,9519.01,2222.02,2545.29,1000.2934,2058.5214,1058.228,Public Sector Bank,70.4231082180635,23.2797685677534,15.5,13.9,5,2.33243376196276,2011,1.84543649755652,TRUE,-0.486997264406238,0,116.897980560552,OK,40.6954190398698,15.5,13.9,7.86188237155002,6.85655166937235,36.237403409036,70.4231082180635,40.6954190398698
2011,CENTRAL BANK OF INDIA,2458,2394,847,925.7589,13156.2327,,129725.4066,209757.3269,179356.0153,72.328439,35.168207,31.227121,2.714039,0.7,13.491691,5.308117,835.17,11.64,0.65,9895.23,3998.99,5325.34,1338.9804,2591.3905,1252.4101,Public Sector Bank,64.6198830409357,23.0984207234284,19.9,10,6.75,1.84543649755652,2012,4.9304179162756,TRUE,3.08498141871907,1,16.9110285359595,OK,55.9306766917293,19.9,10,8.49758687599316,8.02988178640115,40.1198616832315,64.6198830409357,55.9306766917293
2012,CENTRAL BANK OF INDIA,2394,7273,4600,1667.6309,11446.5463,,147512.8503,229799.7392,196173.3268,75.195162,33.274173,26.114458,2.351749,0.26,4.570553,6.921487,861.56,12.4,3.09,13980.86,3749,5168.64,2281.9075,2814.9466,533.0391,Public Sector Bank,36.752371786058,13.7116114462038,14.4,8.2,8.5,4.9304179162756,2013,4.91811354613573,TRUE,-0.0123043701398675,0,-17.1622448363961,OK,31.3750515605665,14.4,8.2,5.24131422482317,5.22332743548782,38.9523817758518,36.752371786058,31.3750515605665
2013,CENTRAL BANK OF INDIA,7273,8456,4988,1757.8283,11802.3384,50,171935.8433,268129.549,226038.3148,76.064911,32.552737,29.097157,2.304572,0.44,7.311236,7.076966,1067.39,11.49,2.9,16123.0808,4232.3273,5737.5697,2157.6125,3172.572,1014.9595,Public Sector Bank,41.0122989593188,16.5565189407773,13.8,11.2,7.5,4.91811354613573,2014,6.48562663292957,TRUE,1.56751308679384,1,6.90006750931917,OK,25.5157580416273,13.8,11.2,5.45638755164234,5.41917342231536,39.5016796432622,41.0122989593188,25.5157580416272
2014,CENTRAL BANK OF INDIA,8456,11500,6650,1363.1661,10563.4632,,177315.1717,289496.2244,240068.9887,73.86009,33.328224,34.640003,2.329299,-0.47,-8.120802,7.026093,1025.48,9.87,3.75,17933.16,5178.94,6494.39,4500.8721,3238.0302,-1262.8419,Public Sector Bank,42.1739130434783,3.12868352331512,13,11.9,8,6.48562663292957,2015,6.29942457465056,TRUE,-0.18620205827901,0,3.12868352331512,OK,39.1380182608696,13,11.9,6.38610640092723,6.05378518913893,35.1811624629026,42.1739130434783,39.1380182608696
2015,CENTRAL BANK OF INDIA,11500,11873,6807,2263.8009,11851.0478,200,188477.5325,311940.4988,255572.3949,73.747219,34.046056,36.996845,2.409919,0.21,3.648306,7.069751,1137.74,10.9,3.61,19161.7105,5582.1792,7247.0689,2952.673,3559.1212,606.448200000001,Public Sector Bank,42.6682388612819,6.29520908616079,11,6.5,7.5,6.29942457465056,2016,12.6221054402947,TRUE,6.3226808656441,1,141.743888800128,OK,24.8688031668492,11,6.5,7.41022760516221,7.15478063868049,34.7632630741904,42.6682388612819,24.8688031668492
2016,CENTRAL BANK OF INDIA,11873,22721,13242,1658.4535,12411.054,1200,180009.588,305466.0996,266184.1873,67.6259509724829,35.4849352465649,42.0007849248563,2.28880877473952,-0.48,-8.07256295976102,6.76688797123142,1194.78,10.4,7.36,18822.2689,6661.989,7065.6282,3760.6149,2342.4249,-1418.19,Public Sector Bank,41.7191144755953,-4.49281375221739,10.5,5.1,6.75,12.6221054402947,2017,19.549189737541,TRUE,6.92708429724634,1,-10.0017761160926,OK,16.5512737115444,10.5,5.1,7.99625378567371,8.02848944993222,34.4549951026575,41.7191144755953,16.5512737115444
2017,CENTRAL BANK OF INDIA,22720.88,27251.33,14217.83,1769.4112,73317.3439,3499.9852,139398.7698,333401.9442,296671.1934,46.9876324028702,39.2048926850746,49.65639323741,2.05801885500412,-0.8,-13.958727838873,6.15802825885644,1181.33,10.94,10.2,18087.3959,6361.0278,6574.0124,5527.7265,3088.6286,-2439.0979,Public Sector Bank,47.8270234883949,-22.5603639512802,11.8,4.4,6.25,19.549189737541,2018,24.3580999743231,TRUE,4.80891023678214,1,68.0574352909033,OK,20.2842448423618,11.8,4.4,8.256306,7.972023,34.943218,47.8270234883949,20.2842448423618
2018,CENTRAL BANK OF INDIA,27251.33,38130.7,17377.87,1505.4784,34494.4304,2010.7348,156542.1771,326225.2754,294838.8573,53.0941472686273,42.4624410589859,50.053370440828,1.975967336203,-1.61,-28.9609386977475,5.48517780240653,1270.64,9.04,11.1,17518.5079,6406.3689,6517.0092,7837.889,2732.9916,-5104.8974,Public Sector Bank,54.4255153983535,12.2981051587444,11,2.2,6,24.3580999743231,2019,22.0822114803245,TRUE,-2.27588849399869,0,2.0432442945683,OK,20.5553241875969,11,2.2,6.795383,6.231181,37.452479,54.4255153983535,20.5553241875969
2019,CENTRAL BANK OF INDIA,38130.7,32356.04,11333.24,1337.5164,19441.5686,10346.6371,146525.3606,330717.6639,299855.4368,48.8653339634894,46.2074067019218,52.8680195583835,2.06172575877474,-1.7,-30.5602398535864,5.13753811044006,1278.03,9.61,7.73,15866.3898,6058.625,6772.1809,8767.9726,3126.4927,-5641.4799,Public Sector Bank,64.9733403716895,-6.39879723507435,10.6,0.7,6.25,22.0822114803245,2020,21.5677635196372,TRUE,-0.514447960687239,0,72.0478681566959,OK,27.0984106831367,10.6,0.7,6.45,5.81,37.347347,64.9733403716895,27.0984106831367
2020,CENTRAL BANK OF INDIA,32356.04,32589.08,11534.46,1667.3282,28392.4907,1935,151100.8778,356249.0973,313763.1641,48.1576217633509,46.4090563077031,48.6373997094013,2.221023267,-0.35,-5.556154723,5.02000483,1405.98,11.72,7.63,15933.6197,6921.5209,7628.8458,5465.4988,4344.1465,-1121.3523,Public Sector Bank,64.6063650768908,3.12267936503545,6.4,6,4.4,21.5677635196372,2021,18.6979262648783,TRUE,-2.86983725475887,0,27.1266377925256,OK,16.7709514966363,6.4,6,3.871437,3.944641,33.785447,64.6063650768908,16.7709514966363
2021,CENTRAL BANK OF INDIA,32589.08,29276.96,9036.45,1475.1586,30712.6834,200,156578.6472,369214.9938,329972.9496,47.4519645897665,49.2716505692623,51.6306554218333,2.273,-0.26,-4.115,4.348,1559.92,14.81,5.77,14485.1898,6782.233,8245.0431,5466.0689,4578.4843,-887.5846,Public Sector Bank,69.1346027729655,3.62523995873174,-1.2,7.3,4,18.6979262648783,2022,16.7423642845038,TRUE,-1.95556198037454,0,47.8680356611083,OK,18.6702065378373,-1.2,7.3,-5.777724706874,-4.145902641222,32.071601,69.1346027729655,18.6702065378373
2022,CENTRAL BANK OF INDIA,29276.96,28156.22,6675.17,1455.4487,36578.2487,64.0128,168173.5,386422.5012,342691.9375,49.074251,50.632601,51.171972,2.51093,0.3,4.244526,3.819926,1715,13.84,3.97,13314.8828,7258.0987,9486.7648,4152.322,5197.1501,1044.8281,Public Sector Bank,76.2923787354979,7.40513026989544,18.9,4.2,4,16.7423642845038,2023,9.05796626203711,TRUE,-7.6843980224667,0,21.6607764309823,OK,14.747441240337,18.9,4.2,9.689592491912,9.375448587977,36.663675,76.2923787354979,14.7474412403369
2023,CENTRAL BANK OF INDIA,28156.22,18386.25,3591.72,1500.1104,25932.8094,,202984.3065,406165.4828,359296.4686,56.494935,50.458727,47.568299,2.949021,0.44,5.587302,3.814259,1845,14.12,1.77,13855.1,8886.74,11686.79,5301.5663,6883.7675,1582.2012,Public Sector Bank,80.4651845808689,20.6993411566032,14,6.7,6.5,9.05796626203711,2024,4.65901693620243,TRUE,-4.39894932583468,0,-1.34289348839407,OK,28.8344077775512,14,6.7,7.609364977704,7.214814133485,35.24891,80.4651845808689,28.8344077775512
2024,CENTRAL BANK OF INDIA,18386.25,11340.34,3001.95,1426.1838,21528.5053,,243406.2841,446672.6847,385011.3226,63.220552,50.045098,46.864053,3.024331,0.63,8.322521,4.543302,1994,15.08,1.23,17825.91,10244.92,12896.32,4813.63,7362.688,2549.058,Public Sector Bank,73.5285714537659,19.9138437335302,12,7,6.5,4.65901693620243,2025,3.2663353048098,TRUE,-1.39268163139263,0,19.9138437335302,OK,42.4469636712832,12,7,9.190754930285,8.559254114773,34.642678,73.5285714537659,42.4469636712832
2025,CENTRAL BANK OF INDIA,11340.34,9224.78,1543.25,1420.0109,21511.0907,180.8962,282419.8724,479128.1253,412697.1413,68.432718,48.971073,45.608611,3.002134,0.86,11.027049,4.635381,2131,17.02,0.55,19768.9629,11627.1658,13896.89,4339.0546,8124.3124,3785.2578,Public Sector Bank,83.2706037433955,16.0281762832269,9.8,6.7,6.25,3.2663353048098,,,FALSE,,,10.1473826867694,OK,47.0369439704795,9.8,6.7,6.49476552384,6.414086697106,,83.2706037433955,47.0369439704795
2005,CITY UNION BANK LTD,167.42,121.64,67.79,37.2326,123.8679,,2012.9589,3495.4051,3095.242,65.033975,21.854456,39.863208,3.314752,1.33,20.884266,6.031858,325.8,12.18,3.37,179.84,62.6,110.83,35.35,81.6684,46.3184,Private Sector Bank,44.2699769812562,,14.1,2.6,6,6.04284568353581,2006,4.42552660059978,TRUE,-1.61731908293604,0,14.3702666229085,OK,29.0611640907596,14.1,2.6,7.92293807295951,7.05093547208952,29.739689583569,44.2699769812562,29.0611640907596
2006,CITY UNION BANK LTD,130.69,112.83,49.79,64.802,148.9407,,2549.5271,4127.0486,3517.735,72.476383,22.9451,40.822865,3.667685,1.46,21.399677,5.572664,339.69,12.33,1.95,186.61,70.16,139.78,52.7751,109.1486,56.3735,Private Sector Bank,55.871665337233,26.6556957521587,14,3.9,6.5,4.42552660059978,2007,2.61531867269048,TRUE,-1.81020792790929,0,16.6236614009194,OK,46.7739962775858,14,3.9,7.92342866735518,8.28129114504204,32.8676900977815,55.871665337233,46.7739962775857
2007,CITY UNION BANK LTD,112.83,87.07,36.25,61.9553,254.9977,,3329.231,5363.0139,4699.3317,70.844776,24.306843,40.142303,3.52993,1.57,22.032486,5.546471,350.12,12.58,1.09,232.56,90.1,167.5,59.6732,131.4829,71.8097,Private Sector Bank,58.3668312851729,30.5822950460107,17.1,7.8,7.75,2.61531867269048,2008,1.82783685547702,TRUE,-0.78748181721346,0,57.8007994824935,OK,68.5347421614793,17.1,7.8,8.06072889963741,8.05441849702261,33.498253505701,58.3668312851729,68.5347421614793
2008,CITY UNION BANK LTD,87.07,82.93,44.46,113.8307,582.0445,,4537.057,7348.9663,6424.9559,70.616158,20.921348,34.117295,3.143148,1.6,21.817291,7.00331,499.06,12.48,0.98,396.18,109.91,199.78,78.4201,180.1508,101.7307,Private Sector Bank,46.3885204389244,36.2794290933852,15.1,7.5,7.75,1.82783685547702,2009,1.80824494151537,TRUE,-0.0195919139616456,0,16.6175455357399,OK,94.5617991076812,15.1,7.5,7.66082415755608,7.3833652744116,38.7091453329433,46.3885204389244,94.5617991076812
2009,CITY UNION BANK LTD,82.93,102.08,61.11,163.6591,431.6638,,5645.2529,9251.007,8206.6215,68.789,18.901349,32.326771,2.922516,1.5,19.89525,7.603015,565.18,12.69,1.08,561.83,139.53,242.57,104.5866,226.7215,122.1349,Private Sector Bank,40.1351880877743,24.4254348138011,12.6,10.2,5,1.80824494151537,2010,1.36826742003812,TRUE,-0.439977521477251,0,24.4254348138011,ABOVE_100_SUSPECT,102.45552507837,12.6,10.2,3.08669937408871,4.31239885000613,34.63759214019,40.1351880877743,102.45552507837
2010,CITY UNION BANK LTD,102.08,93.5,39.67,134.366,734.1648,,6833.4595,11559.4399,10284.5895,66.443678,21.860287,36.8311,2.673102,1.52,20.552879,7.280162,651,13.46,0.58,678.47,165.85,278.14,103.026,255.7908,152.7648,Private Sector Bank,57.572192513369,21.047889634847,15.5,13.9,5,1.36826742003812,2011,1.21528261538759,TRUE,-0.152984804650534,0,-39.3605804260302,ABOVE_100_SUSPECT,110.188235294118,15.5,13.9,7.86188237155002,6.85655166937235,36.237403409036,57.572192513369,110.188235294118
2011,CITY UNION BANK LTD,88.23,112.48,48.42,211.6131,840.6249,,9255.4603,14591.5188,12914.2851,71.668391,19.577895,36.95948,3.212337,1.67,23.474215,6.726075,781,12.75,0.52,798.38,216.4,420.03,145.977,361.0312,215.0542,Private Sector Bank,56.952347083926,35.4432597427408,19.9,10,6.75,1.21528261538759,2012,1.01784061036228,TRUE,-0.197442005025304,0,34.777671156531,ABOVE_100_SUSPECT,129.780405405405,19.9,10,8.49758687599316,8.02988178640115,40.1198616832315,56.952347083926,129.780405405405
2012,CITY UNION BANK LTD,112.48,123.54,54.04,174.5585,640.1076,24.9691,12137.4603,18350.6579,16340.7562,74.277225,18.185177,36.233206,3.034109,1.71,24.914374,7.974435,847,12.57,0.44,1197.0229,279.8323,499.7507,146.801,427.0528,280.2518,Private Sector Bank,56.2570827262425,31.1383756894295,14.4,8.2,8.5,1.01784061036228,2013,1.13537550459029,TRUE,0.117534894228007,0,22.8641105401346,ABOVE_100_SUSPECT,118.828719443095,14.4,8.2,5.24131422482317,5.22332743548782,38.9523817758518,56.2570827262425,118.828719443095
2013,CITY UNION BANK LTD,123.54,173.1,96.39,92.3071,924.0293,207.2688,15246.0573,22977.0822,20304.7552,75.086142,16.767539,37.650205,3.019813,1.58,22.3331,8.211198,938,13.98,0.63,1564.7397,374.1997,624.0103,201.4303,523.4474,322.0171,Private Sector Bank,44.315424610052,25.6115935555315,13.8,11.2,7.5,1.13537550459029,2014,1.8206061001847,TRUE,0.685230595594408,1,3.91859734195403,ABOVE_100_SUSPECT,116.366435586366,13.8,11.2,5.45638755164234,5.41917342231536,39.5016796432622,44.315424610052,116.366435586366
2014,CITY UNION BANK LTD,173.1,293.06,197.29,128.1832,911.93,249.6687,16096.8372,24993.8257,22016.8916,73.111307,17.792451,46.032918,3.166042,1.44,18.936831,8.194415,906,15.01,1.23,1786.5435,458.2702,759.3896,233.9001,580.9744,347.0743,Private Sector Bank,32.6793148160786,5.5803273151807,13,11.9,8,1.8206061001847,2015,1.86924935305448,TRUE,0.04864325286978,0,16.0342213521414,OK,79.8130416979458,13,11.9,6.38610640092723,6.05378518913893,35.1811624629026,32.6793148160786,79.8130416979458
2015,CITY UNION BANK LTD,293.06,335.82,232.79,281.0577,952.4492,,17965.5004,27871.1269,24074.9556,74.623192,19.23437,46.267665,3.054456,1.49,16.736542,8.041185,965,16.52,1.3,1891.49,507.93,807.37,308.5189,703.5393,395.0204,Private Sector Bank,30.6801262581145,11.6088842595737,11,6.5,7.5,1.86924935305448,2016,2.43141016061982,TRUE,0.562160807565336,1,11.6088842595737,OK,91.8703174319576,11,6.5,7.41022760516221,7.15478063868049,34.7632630741904,30.6801262581145,91.8703174319576
2016,CITY UNION BANK LTD,335.82,511.98,323.15,262.8068,1149.7613,,21056.9162,31803.9613,27158.1313,77.534481173968,20.3716656307645,48.7840698155032,3.28791772108349,1.5,15.4742658565709,7.50675595149431,1069,15.58,1.53,1963.17,557.73,981.03,388.59,833.2831,444.6931,Private Sector Bank,36.8823000898473,17.2075129062367,10.5,5.1,6.75,2.43141016061982,2017,2.86153065816791,TRUE,0.430120497548096,0,17.2075129062367,OK,75.8994491972343,10.5,5.1,7.99625378567371,8.02848944993222,34.4549951026575,36.8823000898473,75.8994491972343
2017,CITY UNION BANK LTD,511.98,681.98,408.34,284.8402,1199.345,,23832.6994,35270.776,30115.7384,79.1370249118647,23.3729839411807,36.1625880281107,3.5744208572547,1.5,15.184359163668,6.78087305841673,1153,15.83,1.71,1975.02,688.97,1198.77,490.9697,993.7385,502.7688,Private Sector Bank,40.1243438223995,13.1822873474702,11.8,4.4,6.25,2.86153065816791,2018,3.07527586701938,TRUE,0.213745208851465,0,22.6694337225081,OK,71.9918032786885,11.8,4.4,8.256306,7.972023,34.943218,40.1243438223995,71.9918032786885
2018,CITY UNION BANK LTD,681.98,856.55,474.78,362.7696,1499.0281,,27852.7858,39937.2453,32852.6218,84.7810137332784,24.2192995994006,53.124746681533,3.80358471151534,1.6,15.3100935977617,6.12087338428102,1148,16.22,1.7,1972.12,754.65,1430.3,615.7542,1207.7521,591.9979,Private Sector Bank,44.5706613741171,16.8679440483355,11,2.2,6,3.07527586701938,2019,2.9903584270146,TRUE,-0.0849174400047761,0,1.60561352794961,OK,71.8877123343646,11,2.2,6.795383,6.231181,37.452479,44.5706613741171,71.8877123343646
2019,CITY UNION BANK LTD,856.55,977.05,591.46,516.7083,1476.4126,25,32673.3408,45258.8883,38447.9485,84.980713080179,25.2241978528451,50.2338190651138,3.78301017171981,1.64,15.1677464690998,5.91285761426792,1296,15.55,1.81,2155.6774,885.8862,1611.4892,557.1403,1239.9917,682.8514,Private Sector Bank,39.4647152141651,17.307263390508,10.6,0.7,6.25,2.9903584270146,2020,4.16594870074821,TRUE,1.17559027373361,1,9.35756290047001,OK,57.022700987667,10.6,0.7,6.45,5.81,37.347347,39.4647152141651,57.022700987667
2020,CITY UNION BANK LTD,977.05,1413.4,778.49,527.515,1502.8527,40,33927.4461,49733.5331,40832.4936,83.0893318256713,24.9726428659748,51.6009824270268,3.52699905,1,9.397725805,6.147574195,1313,16.76,2.29,2493.4119,1013.7397,1675.1909,865.0819,1341.3974,476.3155,Private Sector Bank,44.9207584547899,3.83831365049758,6.4,6,4.4,4.16594870074821,2021,5.23590620020857,TRUE,1.06995749946036,1,30.8381699591208,OK,61.2057379368898,6.4,6,3.871437,3.944641,33.785447,44.9207584547899,61.2057379368898
2021,CITY UNION BANK LTD,1413.4,1893.19,1075.19,795.4432,1997.2673,,36157.8288,53311.6831,44537.3637,81.1853818819545,29.1472981819083,57.1140729003065,3.551,1.15,10.645,5.235,1394,19.52,2.97,2305.02,1050.59,1829.67,875.0178,1467.8406,592.8228,Private Sector Bank,43.2074963421527,6.57397757976248,-1.2,7.3,4,5.23590620020857,2022,4.79002322491516,TRUE,-0.445882975293408,0,24.3612012817135,OK,46.2192278640813,-1.2,7.3,-5.777724706874,-4.145902641222,32.071601,43.2074963421527,46.2192278640813
2022,CITY UNION BANK LTD,1893.19,1933.18,1191.1,822.9814,2142.1154,,40358.4682,61530.9147,47689.6698,84.627275,32.563369,63.144318,3.337591,1.35,12.232926,4.596683,1655,20.85,2.95,2188.29,1080.26,1916.49,835.1459,1595.311,760.1651,Private Sector Bank,38.3864927218366,11.617510064653,18.9,4.2,4,4.79002322491516,2023,4.45995536184311,TRUE,-0.330067863072051,0,-20.5083272476734,OK,43.2006279808398,18.9,4.2,9.689592491912,9.375448587977,36.663675,38.3864927218366,43.2006279808399
2023,CITY UNION BANK LTD,1933.18,1920.16,1017.63,691.3184,2611.0412,,43053.3457,66594.562,52397.858,82.166232,29.880788,65.104039,3.37606,1.46,13.351636,4.556936,1598,22.34,2.36,2551.54,1155.18,2162.8,880.5,1817.9795,937.4795,Private Sector Bank,47.0028539288393,6.67735327972629,14,6.7,6.5,4.45995536184311,2024,4.07336782046187,TRUE,-0.386587541381238,0,20.9698449050555,OK,45.855553703858,14,6.7,7.609364977704,7.214814133485,35.24891,47.0028539288393,45.855553703858
2024,CITY UNION BANK LTD,1920.16,1854.43,898.68,971.7677,3643.6352,,45525.7193,70825.8685,55656.6411,81.797461,30.634539,57.977671,3.090464,1.52,12.80981,5.365805,1421,23.73,1.97,3147.1,1348.39,2123.46,501,1516.7309,1015.7309,Private Sector Bank,51.538747755375,5.74258181286942,12,7,6.5,4.07336782046187,2025,3.14541193867477,TRUE,-0.927955881787108,0,-13.8616916235508,OK,27.0163877849258,12,7,9.190754930285,8.559254114773,34.642678,51.538747755375,27.0163877849258
2025,CITY UNION BANK LTD,1854.43,1638.17,653.07,781.8778,3092.6959,,52081.2546,77623.2149,63525.9539,81.984215,28.522015,59.021009,3.119876,1.55,12.576933,5.499812,1532,23.75,1.25,3518.33,1535.15,2315.71,555,1678.6263,1123.6263,Private Sector Bank,60.1341741089142,14.3996303645443,9.8,6.7,6.25,3.14541193867477,,,FALSE,,,0.728989179808104,OK,33.8792677194675,9.8,6.7,6.49476552384,6.414086697106,,60.1341741089142,33.8792677194675
2005,CORPORATION BANK,722.01,647.25,206.87,237.01,1683.8787,175,18546.3787,33923.8477,27233.158,68.102196,34.587857,34.750281,3.58095,1.12,13.811681,4.265715,438,16.23,1.12,1120.4161,666.969,1129.3876,624.821,1026.9874,402.1664,Public Sector Bank,68.0386249517188,,14.1,2.6,6,3.48989962121285,2006,2.61062854038092,TRUE,-0.879271080831926,0,,OK,96.5347238315952,14.1,2.6,7.92293807295951,7.05093547208952,29.739689583569,68.0386249517188,96.5347238315952
2006,CORPORATION BANK,647.25,625.57,153.79,254.5595,1385.2336,405,23962.4286,40506.6311,32876.5285,72.886128,34.328726,33.270702,3.296537,1.24,13.824926,4.289999,527,13.92,0.64,1399.6589,746.7552,1226.8143,509.1615,953.6198,444.4583,Public Sector Bank,75.4160205892226,29.2027354105521,14,3.9,6.5,2.61062854038092,2007,2.08539998936415,TRUE,-0.52522855101677,0,18.8009116689528,OK,81.391610850904,14,3.9,7.92342866735518,8.28129114504204,32.8676900977815,75.4160205892226,81.391610850904
2007,CORPORATION BANK,625.57,624.57,141.93,290.4438,2693.2216,85,29949.6501,52720.6436,42356.8937,70.707853,34.065574,35.918697,2.806273,1.17,15.017085,5.001815,637,12.76,0.47,2052.3679,803.5963,1308.1058,603.8968,1140.0325,536.1357,Public Sector Bank,77.2755655891253,24.9858710064138,17.1,7.8,7.75,2.08539998936415,2008,1.4914161995141,TRUE,-0.593983789850054,0,25.7512876088393,OK,96.6900107273804,17.1,7.8,8.06072889963741,8.05441849702261,33.498253505701,77.2755655891253,96.6900107273804
2008,CORPORATION BANK,624.57,584.42,126.93,473.3145,6630.2175,,39185.5741,66597.6814,55424.4222,70.700916,35.011705,35.310587,2.419275,1.29,18.38856,5.90766,839,12.09,0.32,3073.24,891.96,1443.32,516.1549,1251.1425,734.9876,Public Sector Bank,78.2810307655453,30.8381699591208,15.1,7.5,7.75,1.4914161995141,2009,1.15274189622468,TRUE,-0.33867430328942,0,17.3514250528281,OK,88.3191711440403,15.1,7.5,7.66082415755608,7.3833652744116,38.7091453329433,78.2810307655453,88.3191711440402
2009,CORPORATION BANK,584.42,559.22,138.3,332.9872,5257.6171,,48512.1606,86905.8102,73983.911,65.57123,31.444222,31.739581,2.203177,1.24,19.567509,6.310002,1049,13.61,0.29,4376.37,1046.58,1690.98,858.845,1751.6148,892.7698,Public Sector Bank,75.2691248524731,23.8010714764544,12.6,10.2,5,1.15274189622468,2010,1.02992660003268,TRUE,-0.122815296191996,0,26.9498854234282,CAPPED_AT_150_SUSPECT,153.579092307142,12.6,10.2,3.08669937408871,4.31239885000613,34.63759214019,75.2691248524731,150
2010,CORPORATION BANK,559.22,650.94,197.25,365.5175,8469.5167,994.4265,63202.5622,111667.2986,92733.6653,68.154927,28.553003,31.565437,1.917018,1.28,21.932525,5.464692,1268.7,15.37,0.31,5084.3465,1259.9527,1903.3408,966.4754,2136.7265,1170.2511,Public Sector Bank,69.697667987833,30.2818951337327,15.5,13.9,5,1.02992660003268,2011,0.909874867341147,TRUE,-0.120051732691533,0,54.3029116155883,ABOVE_100_SUSPECT,148.473807109718,15.5,13.9,7.86188237155002,6.85655166937235,36.237403409036,69.697667987833,148.473807109718
2011,CORPORATION BANK,650.94,790.23,397.74,474.3357,7667.9801,200,86850.4042,143508.5931,116747.4977,74.391662,25.95079,27.524043,2.304091,1.21,21.889623,5.09215,1572.79,14.11,0.46,6195.5053,1641.7099,2939.743,1140.6422,2553.9101,1413.2679,Public Sector Bank,49.6678182301355,37.4159546335607,19.9,10,6.75,0.909874867341147,2012,1.26826158934755,TRUE,0.358386722006402,0,-0.922301109794765,ABOVE_100_SUSPECT,144.343064677372,19.9,10,8.49758687599316,8.02988178640115,40.1198616832315,49.6678182301355,144.343064677372
2012,CORPORATION BANK,790.23,1274.21,869.38,582.7943,8705.4402,1338.2211,100469.0208,163560.4209,136142.2006,73.797118,22.11909,29.187629,2.049636,1.06,19.541565,7.132953,1712.96,13,0.87,9870.8853,1783.55,3146.8989,1349.9258,2855.9683,1506.0425,Public Sector Bank,31.7710581458315,15.6805448695885,14.4,8.2,8.5,1.26826158934755,2013,1.72530986674037,TRUE,0.457048277392822,0,15.664641670623,ABOVE_100_SUSPECT,105.942175936463,14.4,8.2,5.24131422482317,5.22332743548782,38.9523817758518,31.7710581458315,105.942175936463
2013,CORPORATION BANK,1274.21,2048.23,1410.88,894.276,7953.5697,2527.7595,118716.6456,193442.3335,166005.4547,71.513702,21.683759,31.347404,1.919228,0.88,16.082334,7.345513,1921.33,12.33,1.19,11908.2344,1996.7812,3425.8483,1602.3307,3037.0054,1434.6747,Public Sector Bank,31.1171108713377,18.162439182447,13.8,11.2,7.5,1.72530986674037,2014,3.45533436064922,TRUE,1.73002449390885,1,24.9601976491653,OK,78.2300181132002,13.8,11.2,5.45638755164234,5.41917342231536,39.5016796432622,31.1171108713377,78.2300181132002
2014,CORPORATION BANK,2048.23,4736.79,3180.56,850.6661,12889.5415,0.0007,137086.2992,222048.4706,193393.0069,70.884827,20.329024,34.812562,1.82131,0.29,5.717004,7.369314,1933.31,11.65,2.32,14174.8821,2392.0076,3783.687,2477.6787,3039.3973,561.7186,Public Sector Bank,32.8541058396087,15.4735281705096,13,11.9,8,3.45533436064922,2015,4.89892066782309,TRUE,1.44358630717387,1,15.4735281705096,OK,52.3071257117162,13,11.9,6.38610640092723,6.05378518913893,35.1811624629026,32.8541058396087,52.3071257117162
2015,CORPORATION BANK,4736.79,7106.67,4464.98,1404.2789,8744.6548,100.0371,145066.0356,225993.0178,199345.819,72.771045,19.721812,36.017569,1.816948,0.28,5.680773,7.486672,1914,11.09,3.08,15486.1042,2525.3571,4070.3406,2443.19,3027.4457,584.2557,Public Sector Bank,37.1719806885644,5.82095836459782,11,6.5,7.5,4.89892066782309,2016,10.3648929334442,TRUE,5.46597226562114,1,8.2400516114231,OK,34.3788300286913,11,6.5,7.41022760516221,7.15478063868049,34.7632630741904,37.1719806885644,34.3788300286914
2016,CORPORATION BANK,7106.67,14544.25,9160.14,1221.376,8865.838,600,140322.2406,234863.6156,205170.8436,68.392875974898,22.1375072125502,39.7283706856659,1.8398168075495,-0.23,-4.63589986284803,7.11415238498015,1879,10.56,6.53,15171.778,2879.6014,4239.4589,3601.4976,3095.0172,-506.4804,Public Sector Bank,37.0188218711862,-3.27009349940491,10.5,5.1,6.75,10.3648929334442,2017,12.1442073095746,TRUE,1.77931437613042,1,-14.527492241524,OK,24.7623466318305,10.5,5.1,7.99625378567371,8.02848944993222,34.4549951026575,37.0188218711862,24.7623466318304
2017,CORPORATION BANK,14544.25,17045.22,11692.18,1151.9784,16344.6565,2449.3973,140356.7937,247891.0547,220559.6192,63.6366684931237,26.4664759178184,41.9662632262025,1.84400494654313,0.23,4.66160004944965,6.62713267320367,1958,11.32,8.33,15020.4618,3101.7898,4451.01,3878.3229,4439.5289,561.206,Public Sector Bank,31.4049334652178,0.0246241079477239,11.8,4.4,6.25,12.1442073095746,2018,18.5314553285176,TRUE,6.38724801894293,1,-47.3603865217613,OK,22.7531407632169,11.8,4.4,8.256306,7.972023,34.943218,31.4049334652178,22.7531407632169
2018,CORPORATION BANK,17045.22,22213.44,14077.02,1234.3348,9905.8188,,119868.8371,221891.3054,183315.9499,65.3892021754731,29.5244986208371,45.5690018536102,2.05977257169474,-1.67,-34.4169964856349,5.76375829116721,1663,9.23,11.74,12790.11,3200.89,4838.22,8004.3595,3950.4164,-4053.9431,Public Sector Bank,36.6283655300575,-14.5970537370575,11,2.2,6,18.5314553285176,2019,17.0915243952883,TRUE,-1.43993093322931,0,-3.35370028079518,OK,36.0338583308123,11,2.2,6.795383,6.231181,37.452479,36.6283655300575,36.0338583308123
2019,CORPORATION BANK,22213.44,20723.68,6926.64,1083.774,8577.2945,,121251.2092,213577.8538,184567.8445,65.6946552789156,31.590810229135,40.8292790864802,2.5298987005737,-3.14,-46.2080853620106,5.16480711823386,1720,12.3,5.71,10114.17,3486.07,5508.46,10227.4479,3894.465,-6332.9829,Public Sector Bank,66.5762065424674,1.15323726620185,10.6,0.7,6.25,17.0915243952883,2020,15.226972943051,TRUE,-1.86455145223727,0,52.6623890011583,OK,49.3515046555438,10.6,0.7,6.45,5.81,37.347347,66.5762065424674,49.3515046555438
2020,CORPORATION BANK,20723.68,19399.02,6256.97,1126.5911,14618.6468,,127399.0574,229539.7699,205354.7818,62.0385151411166,30.5667180719139,41.5059191010938,2.35986285372382,-1.13,-15.7781142946812,5.41930151643524,1900,11.53,4.91,10942.1,5175.19,5228.48,6194.0861,3802.4921,-2391.594,Public Sector Bank,67.7459479911872,5.0703397026411,6.4,6,4.4,15.226972943051,,,FALSE,,,65.1081402841865,OK,31.9298918192775,6.4,6,3.871437,3.944641,33.785447,67.7459479911872,31.9298918192775
2005,CSB BANK LTD,175.24,169.75,86.85,33.5258,330.2098,50,2289.3295,4435.1674,4021.1208,56.932622,27.621336,31.441691,3.344214,0.24,5.276639,5.469912,220,11.35,3.8,222.0024,113.8846,146.1835,67.9223,78.5777,10.6554,Private Sector Bank,48.8365243004418,,14.1,2.6,6,7.41483478022714,2006,5.93423889601189,TRUE,-1.48059588421525,0,,OK,40.0131369661267,14.1,2.6,7.92293807295951,7.05093547208952,29.739689583569,48.8365243004418,40.0131369661267
2006,CSB BANK LTD,169.75,159.92,74.79,33.2748,286.0524,4.9973,2694.8696,4773.8251,4288.852,62.834288,28.878334,34.07881,3.191298,0.13,2.885384,5.069942,247,11.26,2.78,218.3452,150.1987,146.9432,30.8497,36.9874,6.1377,Private Sector Bank,53.2328664332166,17.7143613446645,14,3.9,6.5,5.93423889601189,2007,4.28394801426097,TRUE,-1.65029088175092,0,11.0289535875426,OK,19.290707853927,14,3.9,7.92342866735518,8.28129114504204,32.8676900977815,53.2328664332166,19.290707853927
2007,CSB BANK LTD,159.92,129.06,59.68,34.2183,436.8287,,3012.6416,5300.6272,4748.5955,63.442793,28.834732,34.002163,3.125303,0.37,8.573437,5.315105,278,9.58,1.98,251.52,137.4,157.43,43.5713,62.6461,19.0748,Private Sector Bank,53.7579420424609,11.7917393850894,17.1,7.8,7.75,4.28394801426097,2008,3.96522719976253,TRUE,-0.318720814498446,0,-1.43846225884299,OK,33.7604989927166,17.1,7.8,8.06072889963741,8.05441849702261,33.498253505701,53.7579420424609,33.7604989927166
2008,CSB BANK LTD,129.06,131.39,53.24,45.3026,461.202,,3313.5554,5960.201,5317.6234,62.312713,27.830666,39.301914,2.914327,0.64,13.679046,6.112098,317,11.21,1.61,317.18,151.1,164.09,36.9185,73.4798,36.5613,Private Sector Bank,59.4794124362585,9.98837033917344,15.1,7.5,7.75,3.96522719976253,2009,4.66306365508074,TRUE,0.697836455318218,1,6.45171589179197,OK,28.0984093157775,15.1,7.5,7.66082415755608,7.3833652744116,38.7091453329433,59.4794124362585,28.0984093157775
2009,CSB BANK LTD,131.39,171.78,87.94,51.4344,318.8197,,3683.8442,7040.0439,6332.8293,58.170591,26.025156,38.341355,2.549717,0.57,10.724734,6.540985,374,12.29,2.39,390.88,186.51,165.73,41.6156,78.8019,37.1863,Private Sector Bank,48.8066131097916,11.1749693395801,12.6,10.2,5,4.66306365508074,2010,3.34211041209885,TRUE,-1.3209532429819,0,-49.6902210314802,OK,24.2261031551985,12.6,10.2,3.08669937408871,4.31239885000613,34.63759214019,48.8066131097916,24.2261031551985
2010,CSB BANK LTD,171.78,149.29,70.52,54.8369,530.7997,49.9675,4466.938,7689.2547,6978.3509,64.01137,25.116001,33.706102,1.667445,0.02,0.425125,6.701799,419,10.82,1.58,455.1549,189.0749,122.8015,6.0372,7.6912,1.654,Private Sector Bank,52.763078571907,21.2575168081213,15.5,13.9,5,3.34211041209885,2011,3.09403921007001,TRUE,-0.248071202028842,0,-35.7166971160154,OK,4.04394132225869,15.5,13.9,7.86188237155002,6.85655166937235,36.237403409036,52.763078571907,4.04394132225869
2011,CSB BANK LTD,149.29,192.45,108.4,59.7373,527.404,,6220.0246,9829.0704,8725.6698,71.284208,22.360985,34.588665,2.833076,0.14,2.604837,6.320793,537,11.22,1.74,513.98,289.04,248.15,21.441,33.617,12.176,Private Sector Bank,43.673681475708,39.2458234253531,19.9,10,6.75,3.09403921007001,2012,2.38701612506185,TRUE,-0.707023085008159,0,70.0358632258115,OK,11.141075604053,19.9,10,8.49758687599316,8.02988178640115,40.1198616832315,43.673681475708,11.141075604053
2012,CSB BANK LTD,192.45,182.93,84.21,66.1018,620.3736,,7663.5427,12049.0754,10604.8705,72.264369,19.315235,33.778413,2.806687,0.24,4.664366,7.635684,675,11.08,1.1,768.61,298.77,307.03,67.6002,93.5015,25.9013,Private Sector Bank,53.9659979227027,23.2075947095129,14.4,8.2,8.5,2.38701612506185,2013,2.38219018312372,TRUE,-0.0048259419381215,0,-5.54349399911273,OK,36.954135461652,14.4,8.2,5.24131422482317,5.22332743548782,38.9523817758518,53.9659979227027,36.954135461652
2013,CSB BANK LTD,182.93,210.86,99.25,84.6796,544.5776,,8851.5183,13620.1202,12341.6258,71.720845,17.529254,21.621336,2.642983,0.25,4.937844,8.28211,736,12.29,1.12,981.65,331.82,339.22,69.3126,101.9789,32.6663,Private Sector Bank,52.9308545954662,15.5016504312033,13.8,11.2,7.5,2.38219018312372,2014,3.83066672952536,TRUE,1.44847654640163,1,-44.7455686494777,OK,32.8713838565873,13.8,11.2,5.45638755164234,5.41917342231536,39.5016796432622,52.9308545954662,32.8713838565873
2014,CSB BANK LTD,210.86,333.55,193.24,72.0207,551.8817,,8707.3615,15315.5475,13673.8617,63.678876,17.266398,29.37735,2.621015,0.18,3.519232,8.412219,771,11,2.22,1124.77,401.2,379.2,68.4582,95.3377,26.8795,Private Sector Bank,42.0656573227402,-1.62861099208256,13,11.9,8,3.83066672952536,2015,5.01415089672156,TRUE,1.1834841671962,1,3.89593450275707,OK,20.5241193224404,13,11.9,6.38610640092723,6.05378518913893,35.1811624629026,42.0656573227402,20.5241193224404
2015,CSB BANK LTD,333.55,474.81,364.59,76.9965,611.4739,49.9181,9469.3999,15759.7123,14474.4865,65.421318,18.001644,38.164784,2.29107,-0.34,-6.411154,8.171021,789.45,11,3.85,1188.5764,433.2358,355.9779,103.2485,50.0834000000001,-53.1650999999999,Private Sector Bank,23.2134959246857,8.75165685954349,11,6.5,7.5,5.01415089672156,2016,5.69120297495662,TRUE,0.677052078235064,1,8.7516568595435,OK,21.7452244055517,11,6.5,7.41022760516221,7.15478063868049,34.7632630741904,23.2134959246857,21.7452244055517
2016,CSB BANK LTD,474.81,446.91,345.15,71.8236,604.6109,,7852.6456,15651.9417,14438.4049,54.3872100442342,20.0301018016194,49.3008700150686,2.06047029551516,-0.92,-16.8108294399364,7.85591924576592,775.35,10.55,4.4,1159.27,432.04,323.61,145.9782,-3.7462,-149.7244,Private Sector Bank,22.769685171511,-17.0734610120331,10.5,5.1,6.75,5.69120297495662,2017,7.39136461489562,TRUE,1.700161639939,1,-17.0734610120331,OK,32.6638920588038,10.5,5.1,7.99625378567371,8.02848944993222,34.4549951026575,22.769685171511,32.6638920588038
2017,CSB BANK LTD,446.91,600.1,447.64,50.5942,705.7915,378,8118.9338,16223.236,14911.5623,54.4472378994118,24.7766285360991,45.424639378141,1.96768408917764,0.01,0.164310501290781,6.84257459749393,859.28,12.15,5.51,1022.6935,443.0891,313.6014,150.1591,151.7136,1.5545,Private Sector Bank,25.4057657057157,3.3910635162244,11.8,4.4,6.25,7.39136461489562,2018,8.18357966929483,TRUE,0.792215054399217,1,26.3972376993856,OK,25.0223462756207,11.8,4.4,8.256306,7.972023,34.943218,25.4057657057157,25.0223462756207
2018,CSB BANK LTD,600.1,764.13,416.29,54.9479,622.9471,490.98,9337.3564,15870.0515,14690.6493,63.559861850354,27.0284486336489,38.771930136457,2.39804289292582,-0.59,-10.323011324627,6.06210922429863,851.23,9.91,4.46,912.0005,435.8987,384.8054,171.7962,74.3269,-97.4693,Private Sector Bank,45.521050083101,15.0071749568891,11,2.2,6,8.18357966929483,2019,4.99866357203338,TRUE,-3.18491609726145,0,-29.036384874099,OK,22.4825880413019,11,2.2,6.795383,6.231181,37.452479,45.521050083101,22.4825880413019
2019,CSB BANK LTD,764.13,530.62,240.68,58.4284,666.977,225,10615.2373,16911.1578,15123.8729,70.1886174936051,27.8406597823233,34.168830121207,2.68418712667809,-1.13,-17.0135776086898,5.78125380791781,858.77,16.7,2.27,907.5609,562.5137,439.9545,210.7777,13.3585,-197.4192,Private Sector Bank,54.6417398514945,13.6856819559763,10.6,0.7,6.25,4.99866357203338,2020,3.60212257688017,TRUE,-1.39654099515321,0,4.44649457098414,OK,39.7229090497908,10.6,0.7,6.45,5.81,37.347347,54.6417398514945,39.7229090497908
2020,CSB BANK LTD,530.62,409.43,216.94,98.3849,449.4067,280,11366.3539,18864.2381,15790.6789,71.9814136680343,29.1728748914019,33.8088461243495,3.311137082,0.07,0.7501981,5.810957932,852,22.46,1.91,917.6003,533.3202,592.2862,267.8512,280.5759,12.7247,Private Sector Bank,47.0141416115087,7.07583428210314,6.4,6,4.4,3.60212257688017,2021,2.72538417270506,TRUE,-0.876738404175112,0,23.8010714764544,OK,65.4205114427375,6.4,6,3.871437,3.944641,33.785447,47.0141416115087,65.4205114427375
2021,CSB BANK LTD,409.434,393.4943,168.81,87.2707,648.866,405,14438.1223,23337.3538,19140.0427,75.4341175006888,32.1932494957287,38.9631455054235,4.461,0.99,10.548,4.936,800,21.37,1.17,930.9064,728.9952,941.3881,297.1227,515.5229,218.4002,Private Sector Bank,57.0997597678035,27.0250990513325,-1.2,7.3,4,2.72538417270506,2022,1.83064717513988,TRUE,-0.894736997565183,0,17.1288527173189,OK,75.508768487879,-1.2,7.3,-5.777724706874,-4.145902641222,32.071601,57.0997597678035,75.508768487879
2022,CSB BANK LTD,393.4943,289.511,106.9894,102.1376,1371.1001,,15814.6804,25356.2722,20188.296,78.335885,33.658942,53.189502,4.736968,1.9,18.978874,4.125796,771,25.9,0.68,885.0106,786.3799,1153.3007,155.2268,613.7208,458.494,Private Sector Bank,63.0447893171589,9.53419060593495,18.9,4.2,4,1.83064717513988,2023,1.27143900922069,TRUE,-0.559208165919183,0,-3.9404939281207,OK,53.6168919315674,18.9,4.2,9.689592491912,9.375448587977,36.663675,63.0447893171589,53.6168919315674
2023,CSB BANK LTD,289.511037,262.56036,71.8214,111.0567,1358.8537,299.4624,20650.6453,29162.2815,24505.8119,84.268358,32.181179,54.267374,4.893185,2.06,18.697152,4.103851,647,27.1,0.35,985.8065,942.1281,1333.8469,160.0383,707.3997,547.3614,Private Sector Bank,72.6457565795538,30.5789606725154,14,6.7,6.5,1.27143900922069,2024,1.48372286093072,TRUE,0.212283851710021,0,7.82339382826989,OK,60.9529557317792,14,6.7,7.609364977704,7.214814133485,35.24891,72.6457565795538,60.9529557317792
2024,CSB BANK LTD,262.5604,361.0725,124.8996,140.1766,2949.4717,,24335.5757,36055.9902,29718.8036,81.886122,27.203018,54.04332,4.52761,1.79,16.178096,4.976563,656,24.47,0.51,1451.13,1280.78,1476.41,213.1001,779.9218,566.8217,Private Sector Bank,65.4087198554307,17.8441416549826,12,7,6.5,1.48372286093072,2025,1.5820583765566,TRUE,0.0983355156258827,0,10.3134380047977,OK,59.0186458398244,12,7,9.190754930285,8.559254114773,34.642678,65.4087198554307,59.0186458398244
2025,CSB BANK LTD,361.0725,498.4599,163.5307,143.1467,3044.1363,299.7167,31507.0485,47836.2719,36861.4881,85.474163,24.194554,53.424686,3.519216,1.49,14.306003,5.668198,838,22.46,0.52,2120.9693,1537.9923,1476.1751,316.4377,910.2354,593.7977,Private Sector Bank,67.1928072849993,29.4690903901649,9.8,6.7,6.25,1.5820583765566,,,FALSE,,,7.97497615749008,OK,63.4830805848174,9.8,6.7,6.49476552384,6.414086697106,,67.1928072849993,63.4830805848174
2005,DCB BANK LTD,211.62,310.75,143.87,31.2052,189.9015,,2156.0635,4659.4572,3894.7628,55.358018,22.706759,32.76763,1.386736,-3.38,-63.787093,4.906101,402,9.88,6.34,233.52,165.11,69.7,158.7871,-4.1274,-162.9145,Private Sector Bank,53.7023330651649,,14.1,2.6,6,14.4128408091877,2006,16.8647953448624,TRUE,2.45195453567469,1,16.2406667120543,OK,51.098020917136,14.1,2.6,7.92293807295951,7.05093547208952,29.739689583569,53.7023330651649,51.098020917136
2006,DCB BANK LTD,310.75,314.92,83.96,19.7994,172.6753,,1867.3218,3741.7226,3123.9958,59.773505,32.056826,29.686072,1.789946,-2.01,-46.896027,5.038358,390,9.66,4.5,201.95,150.09,75.19,65.5954,-19.6654,-85.2608,Private Sector Bank,73.3392607646387,-13.3920777379701,14,3.9,6.5,16.8647953448624,2007,5.49822945801324,TRUE,-11.3665658868491,0,16.6049842402841,OK,20.8292264702147,14,3.9,7.92342866735518,8.28129114504204,32.8676900977815,73.3392607646387,20.8292264702147
2007,DCB BANK LTD,314.92,146.16,43.64,35.014,294.3129,,2658.3103,5262.1468,4415.2028,60.208113,28.349407,34.023669,2.655574,0.71,2.948865,5.476192,391,11.34,1.64,227.38,171.07,119.55,33.6045,40.9764,7.3719,Private Sector Bank,70.1423097974822,42.3595172508563,17.1,7.8,7.75,5.49822945801324,2008,1.55893763671887,TRUE,-3.93929182129437,0,32.7003779670942,OK,22.9915845648604,17.1,7.8,8.06072889963741,8.05441849702261,33.498253505701,70.1423097974822,22.9915845648604
2008,DCB BANK LTD,146.16,63.43,26.98,40.8572,633.7509,274.908,4068.7965,7582.4499,6074.8508,66.977719,24.268757,35.342967,2.708267,0.48,7.887375,6.845837,454,13.38,0.66,388.3666,237.9783,173.933,71.2805,109.6106,38.3301000000001,Private Sector Bank,57.4649219612171,53.0595017443976,15.1,7.5,7.75,1.55893763671887,2009,8.8576139774859,TRUE,7.29867634076703,1,9.82640281087586,ABOVE_100_SUSPECT,112.376635661359,15.1,7.5,7.66082415755608,7.3833652744116,38.7091453329433,57.4649219612171,112.376635661359
2009,DCB BANK LTD,57.67,290,127.01,36.4122,250.4653,319.926,3274.0194,5943.0496,4646.8917,70.456116,31.011054,41.885882,2.916774,-1.25,-14.272522,7.487236,379,13.3,3.88,447.9511,241.9807,197.2541,163.4326,75.3371,-88.0955,Private Sector Bank,56.2034482758621,-19.5334689262537,12.6,10.2,5,8.8576139774859,2010,9.22562847100975,TRUE,0.368014493523855,0,10.9801963721085,OK,56.3560689655173,12.6,10.2,3.08669937408871,4.31239885000613,34.63759214019,56.2034482758621,56.3560689655172
2010,DCB BANK LTD,290,319.18,107.62,48.4062,242.9579,,3459.7101,6136.6652,4787.3288,72.268069,35.359109,42.12964,2.34361,-1.3,-13.081106,5.999569,515,14.85,3.11,317.42,200.81,141.55,126.7172,48.2671,-78.4501,Private Sector Bank,66.2823485180776,5.67164324072116,15.5,13.9,5,9.22562847100975,2011,6.15575122609383,TRUE,-3.06987724491593,0,-39.4482090997096,OK,39.7008584497776,15.5,13.9,7.86188237155002,6.85655166937235,36.237403409036,66.2823485180776,39.7008584497776
2011,DCB BANK LTD,319.18,263.57,41.23,63.8566,340.6538,,4281.687,7412.8723,5610.1658,76.320151,35.212102,37.908189,2.791805,0.3,3.50551,5.611069,491,13.25,0.96,347.12,215.18,189.14,64.6273,86.0564,21.4291,Private Sector Bank,84.3570967864325,23.7585484402292,19.9,10,6.75,6.15575122609383,2012,4.57571294830633,TRUE,-1.5800382777875,0,22.2987415644258,OK,24.5199757180256,19.9,10,8.49758687599316,8.02988178640115,40.1198616832315,84.3570967864325,24.5199757180256
2012,DCB BANK LTD,263.57,241.8,30.24,85.6762,321.8285,,5284.4224,8676.8473,6335.5555,83.408983,32.115097,36.325168,2.830389,0.68,7.428501,6.832399,514,15.41,0.57,489.27,244.25,227.7,28.7449,83.8219,55.077,Private Sector Bank,87.4937965260546,23.4191663239279,14.4,8.2,8.5,4.57571294830633,2013,3.26415455421075,TRUE,-1.31155839409558,0,37.411800255925,OK,11.88788254756,14.4,8.2,5.24131422482317,5.22332743548782,38.9523817758518,87.4937965260546,11.88788254756
2013,DCB BANK LTD,241.8,214.98,49.13,90.5841,288.1829,310.726,6586.0852,11278.8239,8363.8385,78.744768,27.159967,32.183995,2.850403,1.06,10.9484,7.274288,674,13.61,0.75,631.6946,275.2948,284.4085,24.0705,126.1329,102.0624,Private Sector Bank,77.1467113219834,24.6320733179846,13.8,11.2,7.5,3.26415455421075,2014,1.70082104510091,TRUE,-1.56333350910984,0,157.925088947101,OK,11.196622941669,13.8,11.2,5.45638755164234,5.41917342231536,39.5016796432622,77.1467113219834,11.196622941669
2014,DCB BANK LTD,214.98,138.45,74.02,84.9018,420.1675,,8140.1862,12923.1372,10325.1608,78.838348,24.99977,37.641752,3.044296,1.31,14.034232,7.115289,689,13.71,0.91,759.87,319.09,368.39,36.6044,187.9649,151.3605,Private Sector Bank,46.5366558324305,23.5967339141012,13,11.9,8,1.70082104510091,2015,1.77801180096446,TRUE,0.0771907558635552,0,-9.56463661842158,OK,26.4387143373059,13,11.9,6.38610640092723,6.05378518913893,35.1811624629026,46.5366558324305,26.4387143373059
2015,DCB BANK LTD,138.45,186.07,105.7,122.5391,511.1438,,10465.0599,16132.2851,12609.1272,82.99591,23.396197,41.109822,3.498309,1.37,13.942081,7.332148,696,14.95,1.01,914.2,396.49,508.22,86.2635,277.4467,191.1832,Private Sector Bank,43.1934218304939,28.5604486541107,11,6.5,7.5,1.77801180096446,2016,1.52754501552419,TRUE,-0.250466785440279,0,28.5604486541106,OK,46.360778201752,11,6.5,7.41022760516221,7.15478063868049,34.7632630741904,43.1934218304939,46.360778201752
2016,DCB BANK LTD,186.07,197.38,97.46,145.3978,557.9711,,12921.3868,19118.5231,14925.9858,86.569737993453,23.381156506259,42.6078367996847,3.51481756948767,1.14,11.5077344886283,7.33315603244483,678,14.11,0.75,1078.96,490.93,619.5,154.5042,349.0279,194.5237,Private Sector Bank,50.6231634410781,23.4716946053983,10.5,5.1,6.75,1.52754501552419,2017,1.60706730289757,TRUE,0.0795222873733883,0,23.4716946053983,OK,78.2775357179045,10.5,5.1,7.99625378567371,8.02848944993222,34.4549951026575,50.6231634410781,78.2775357179045
2017,DCB BANK LTD,197.38,254.2,124.41,183.3002,675.0019,225,15817.6325,24046.3786,19289.2114,82.002484041416,24.3098771782863,41.14973337508,3.69321679701636,0.93,9.99111395942984,6.88650948356948,685,13.76,0.79,1279.0592,627.7286,797.0867,218.5314,418.2066,199.6752,Private Sector Bank,51.0582218725413,22.4143564837793,11.8,4.4,6.25,1.60706730289757,2018,1.81460222402778,TRUE,0.207534921130209,0,20.6253148726555,OK,85.9682926829268,11.8,4.4,8.256306,7.972023,34.943218,51.0582218725413,85.9682926829268
2018,DCB BANK LTD,254.2,369.03,146.72,239.7731,896.6167,1175,20336.6884,30222.0921,24006.8628,84.7119782764785,24.3277114075897,46.15517932605,3.6685268155161,0.94,9.78880929597466,5.95015240434894,723,16.47,0.72,1417.5584,780.7316,995.4267,279.6282,524.9708,245.3426,Private Sector Bank,60.2417147657372,28.5697363369644,11,2.2,6,1.81460222402778,2019,1.86473206132255,TRUE,0.0501298372947641,0,6.32874851368879,OK,75.7738395252419,11,2.2,6.795383,6.231181,37.452479,60.2417147657372,75.7738395252419
2019,DCB BANK LTD,369.03,439.48,153.77,244.6337,1072.5838,1250,23567.9972,35791.8325,28435.1142,82.8834272802041,23.9488941458164,56.8837194193149,3.48196992366062,0.99,10.9857271790577,6.51897620106885,792,16.81,0.65,1892.1955,852.8513,1149.2925,321.234,646.6001,325.3661,Private Sector Bank,65.0109219987258,15.889060875811,10.6,0.7,6.25,1.86473206132255,2020,2.49163942765024,TRUE,0.626907366327692,1,11.525924886838,OK,73.0941112223537,10.6,0.7,6.45,5.81,37.347347,65.0109219987258,73.0941112223537
2020,DCB BANK LTD,439.479198,631.513296,293.51,221.8117,807.9866,2415,25345.2923,38505.1407,30369.9287,83.4552249047592,21.4660467740907,55.7467628810894,3.405022427,0.9,10.33798937,6.879996681,804.49,17.75,1.16,2271.7186,902.9445,1264.9143,415.1257,753.0618,337.9361,Private Sector Bank,53.5227521163703,7.54113760672035,6.4,6,4.4,2.49163942765024,2021,4.20961381303489,TRUE,1.71797438538465,1,30.2818951337327,OK,65.7350688622714,6.4,6,3.871437,3.944641,33.785447,53.5227521163703,65.7350688622714
2021,DCB BANK LTD,631.513296,1083.4366,594.15,197.3833,985.504,1559.9676,25737.197,39602.1289,29703.8646,86.6459544796067,22.8472304576826,59.8401162333256,3.294,0.87,9.353,6.26,828.62,19.67,2.31,2171.5978,846.6272,1286.6166,550.0255,885.8153,335.7898,Private Sector Bank,45.1606120745783,1.54626230134265,-1.2,7.3,4,4.20961381303489,2022,4.43340802961496,TRUE,0.223794216580075,0,11.8998119674692,OK,50.7667453730103,-1.2,7.3,-5.777724706874,-4.145902641222,32.071601,45.1606120745783,50.7667453730103
2022,DCB BANK LTD,1083.4366,1289.9347,573.2306,191.7985,2915.7022,246.3523,29095.7812,44792.5614,34691.6866,83.869607,26.753047,48.69229,3.217045,0.7,7.364906,5.856682,860.92,18.92,1.97,2155.2576,1012.5643,1357.5074,509.478,796.9823,287.5043,Private Sector Bank,55.5612698844368,13.0495337157345,18.9,4.2,4,4.43340802961496,2023,3.26614786167653,TRUE,-1.16726016793843,0,-40.1864207569929,OK,39.4964179194497,18.9,4.2,9.689592491912,9.375448587977,36.663675,55.5612698844368,39.4964179194497
2023,DCB BANK LTD,1289.9347,1122.8377,356.9195,184.6304,1845.9737,,34378.0425,52365.8692,41238.9076,83.363126,26.420695,53.205778,3.534444,0.97,10.808178,5.866227,779.76,17.55,1.04,2483.27,1339.66,1717.01,321.1748,786.7337,465.5589,Private Sector Bank,68.2127256681887,18.154732686813,14,6.7,6.5,3.26614786167653,2024,3.30722150995645,TRUE,0.0410736482799128,0,-10.3477145356487,OK,28.6038489801331,14,6.7,7.609364977704,7.214814133485,35.24891,68.2127256681887,28.6038489801331
2024,DCB BANK LTD,1122.8377,1353.466,454.3305,185.6784,2681.2539,,40924.5645,63036.9669,49353.0343,82.922084,26.021583,51.65286,3.341163,0.93,11.122822,6.781008,836.55,16.59,1.11,3434.14,1537.69,1927.9,328.4702,864.4447,535.9745,Private Sector Bank,66.432071437332,19.0427421805648,12,7,6.5,3.30722150995645,2025,3.04510262514717,TRUE,-0.262118884809281,0,12.0576695351503,OK,24.2688179828677,12,7,9.190754930285,8.559254114773,34.642678,66.432071437332,24.2688179828677
2025,DCB BANK LTD,1353.466,1554.4309,571.5502,154.8626,2352.6248,,51046.9134,76809.7809,60030.9531,85.034321,24.521751,51.747743,3.01268,0.89,11.435376,7.014385,896.61,16.77,1.12,4364.02,1820.08,2106.57,421.665,1036.9997,615.3347,Private Sector Bank,63.2309033486146,24.7341640006945,9.8,6.7,6.25,3.04510262514717,,,FALSE,,,11.3810978601831,OK,27.1266480870909,9.8,6.7,6.49476552384,6.414086697106,,63.2309033486146,27.1266480870909
2005,DENA BANK,1484.01,1147.54,591,150.2321,1339.8119,25,11308.587,24028.5872,20896.5528,54.116998,42.034067,38.973579,2.973002,0.26,5.650696,4.99164,313,11.91,5.23,1038.5785,615.6008,686.5973,321.1789,382.1769,60.998,Public Sector Bank,48.498527284452,,14.1,2.6,6,10.1475100293255,2006,6.6712401739919,TRUE,-3.4762698553336,0,496.307039679412,OK,27.988470990118,14.1,2.6,7.92293807295951,7.05093547208952,29.739689583569,48.498527284452,27.988470990118
2006,DENA BANK,1147.54,949.4,432.85,140.9085,1545.5411,,14231.237,26545.3333,23623.0589,60.24299,43.648849,41.00562,2.857877,0.29,5.975321,4.372827,364,10.62,3.04,1037.46,561.34,722.67,527.3762,600.3641,72.9879,Public Sector Bank,54.4080471876975,25.8445197441555,14,3.9,6.5,6.6712401739919,2007,4.06744315523096,TRUE,-2.60379701876095,0,-0.0047636512174653,OK,55.5483673899305,14,3.9,7.92342866735518,8.28129114504204,32.8676900977815,54.4080471876975,55.5483673899305
2007,DENA BANK,949.4,744.48,364.8,181.1796,1776.1501,,18303.3904,31450.6475,27689.9064,66.101308,44.510263,39.544542,2.949726,0.71,14.216424,4.636916,458,11.52,1.99,1263.16,611.51,855.36,433.8087,635.3724,201.5637,Public Sector Bank,50.9993552546744,28.6141914437937,17.1,7.8,7.75,4.06744315523096,2008,2.48697188960819,TRUE,-1.58047126562276,0,31.2459437712761,OK,58.2700274016763,17.1,7.8,8.06072889963741,8.05441849702261,33.498253505701,50.9993552546744,58.2700274016763
2008,DENA BANK,744.48,572.6,215.43,193.1247,3339.8873,,23023.9836,38641.726,33943.1809,67.830955,39.244041,34.363563,2.450345,1.06,21.824804,5.575281,559,11.09,0.94,1817.14,650.44,858.75,326.6505,686.44,359.7895,Public Sector Bank,62.3768774013273,25.7908130506794,15.1,7.5,7.75,2.48697188960819,2009,2.1496326765775,TRUE,-0.33733921303069,0,1.39339045106153,OK,57.046891372686,15.1,7.5,7.66082415755608,7.3833652744116,38.7091453329433,62.3768774013273,57.046891372686
2009,DENA BANK,572.6,620.77,313.38,220.1991,4762.2103,,28877.957,48460.5066,43050.6141,67.079083,34.77589,33.982793,2.444081,1.02,21.286594,5.859952,714,12.07,1.09,2383.07,768.19,1064.42,303.6977,726.3599,422.6622,Public Sector Bank,49.5175346746782,25.4255453865073,12.6,10.2,5,2.1496326765775,2010,1.81033778079157,TRUE,-0.339294895785931,0,48.8860435521266,OK,48.922741111845,12.6,10.2,3.08669937408871,4.31239885000613,34.63759214019,49.5175346746782,48.922741111845
2010,DENA BANK,620.77,641.99,427.53,230.6542,4124.3776,,35462.4428,57586.5764,51344.2759,69.067958,35.95529,32.917065,2.074592,1.01,21.426376,5.850314,827,12.77,1.21,2910.33,848.08,1100.02,329.3248,840.5779,511.2531,Public Sector Bank,33.4055047586411,22.801079037551,15.5,13.9,5,1.81033778079157,2011,1.87882384369244,TRUE,0.0684860629008683,0,54.2459268920168,OK,51.2974968457453,15.5,13.9,7.86188237155002,6.85655166937235,36.237403409036,33.4055047586411,51.2974968457453
2011,DENA BANK,641.99,842.24,548.95,241.3171,4480.0948,200,44828.0451,70838.4195,64209.619,69.815155,35.524848,33.79505,2.746135,1,19.548341,5.395535,1077,13.41,1.22,3270.1641,1073.4162,1763.3616,612.1565,1223.7863,611.6298,Public Sector Bank,34.822615881459,26.409918664712,19.9,10,6.75,1.87882384369244,2012,1.68717090554084,TRUE,-0.191652938151601,0,26.409918664712,OK,72.6819552621581,19.9,10,8.49758687599316,8.02988178640115,40.1198616832315,34.822615881459,72.6819552621581
2012,DENA BANK,842.24,956.5,571.73,338.784,4856.1716,,56692.5376,87387.9166,77166.797,73.467527,34.553754,30.256282,2.655693,1.08,19.749557,6.405872,1284,11.51,1.01,4693.13,1154.75,2101,725.2869,1528.4279,803.141,Public Sector Bank,40.2268687924726,26.4666738724237,14.4,8.2,8.5,1.68717090554084,2013,2.20800108753232,TRUE,0.52083018199148,1,25.5369770334961,OK,75.8271719811814,14.4,8.2,5.24131422482317,5.22332743548782,38.9523817758518,40.2268687924726,75.8271719811814
2013,DENA BANK,956.5,1452.45,917.18,448.0321,8196.4609,80,65781.2176,113440.424,97207.1508,67.671171,28.961863,28.147641,2.373272,0.86,15.825705,7.150575,1431,11.03,1.39,6516.2879,1299.6975,2383.1015,928.4848,1738.8672,810.3824,Public Sector Bank,36.8529037144136,16.0315279307589,13.8,11.2,7.5,2.20800108753232,2014,3.37318203626627,TRUE,1.16518094873396,1,41.175597227446,OK,63.9254225618782,13.8,11.2,5.45638755164234,5.41917342231536,39.5016796432622,36.8529037144136,63.9254225618782
2014,DENA BANK,1452.45,2616.03,1818.92,485.8535,5758.0968,,77553.7748,124863.4886,110027.6878,70.48569,28.184259,29.461809,2.102424,0.51,8.548562,6.861092,1453,11.14,2.35,7473.4,1647.78,2505.08,1222.3672,1774.0273,551.6601,Public Sector Bank,30.4702163201492,17.8965328242875,13,11.9,8,3.37318203626627,2015,5.56543762593652,TRUE,2.19225558967024,1,17.8965328242875,OK,46.7260390744754,13,11.9,6.38610640092723,6.05378518913893,35.1811624629026,30.4702163201492,46.7260390744754
2015,DENA BANK,2616.03,4393.04,3014.3,778.7187,8306.3337,200,78934.3138,129920.5492,115936.0791,68.08434,27.821917,35.077869,1.921519,0.22,3.641075,7.07116,1442,10.93,3.82,8315.6232,1838.9247,2447.862,1064.7897,1330.2718,265.4821,Public Sector Bank,31.3846448017773,1.7801054862387,11,6.5,7.5,5.56543762593652,2016,10.3979875468099,TRUE,4.83254992087343,1,-40.2472742215339,OK,24.238106186149,11,6.5,7.41022760516221,7.15478063868049,34.7632630741904,31.3846448017773,24.238106186149
2016,DENA BANK,4393.04,8560.49,5230.47,597.5075,4751.2292,,82328.3348,133441.6391,117430.9603,70.1078613252216,29.3672598026093,34.8153456153713,1.88086635821745,-1.02,-12.8287493472342,6.61336581193308,1462,11,6.35,8168.99,2268.25,2476.75,1860.6155,925.2966,-935.3189,Public Sector Bank,38.8998760584966,4.29980427599537,10.5,5.1,6.75,10.3979875468099,2017,17.3872500856398,TRUE,6.98926253882985,1,-11.5461534303387,OK,21.7349182114575,10.5,5.1,7.99625378567371,8.02848944993222,34.4549951026575,38.8998760584966,21.7349182114575
2017,DENA BANK,8560.49,12618.73,7735.12,624.4078,5386.4544,,72574.6161,129530.5146,113942.7674,63.6939208657486,38.2495640526281,38.9280725385745,1.83164640522925,-0.67,-11.6496551536033,6.23497055754961,1369,11.39,10.66,7773.31,2269.55,2408.36,2253.838,1390.2132,-863.6248,Public Sector Bank,38.7012797642869,-11.8473411659481,11.8,4.4,6.25,17.3872500856398,2018,24.9482497464255,TRUE,7.5609996607857,1,-11.5214470622931,OK,17.8610525781913,11.8,4.4,8.256306,7.972023,34.943218,38.7012797642869,17.8610525781913
2018,DENA BANK,12618.73,16361.44,7838.78,482.2794,5412.456,,65581.5144,120859.7962,106130.1424,61.7934857307795,40.1159409920852,39.6527195779425,1.97756270367631,-1.59,-22.7754610391845,5.41234303250895,1325,11.09,11.95,6456.41,2468.18,2475.81,3094.3101,1171.1569,-1923.1532,Public Sector Bank,52.089913846214,-9.63574053270121,11,2.2,6,24.9482497464255,2019,24.5731219868627,TRUE,-0.375127759562847,0,-9.3500635256588,OK,18.9122112723574,11,2.2,6.795383,6.231181,37.452479,52.089913846214,18.9122112723574
2019,DENA BANK,16361.44,12767.94,4166.97,577.3182,6196.8398,,51958.9656,109100.3223,100651.8522,51.6224634363957,43.0091803119347,39.8331053380324,2.15013848151239,-5.49,-103.272518836306,5.2463344407647,1212,2,8.02,5767.32,3246.74,2472.23,6536.4,197.7176,-6338.6824,Public Sector Bank,67.3638034013318,-20.7719338667788,10.6,0.7,6.25,24.5731219868627,,,FALSE,,,10.7185614300805,OK,51.1938495951579,10.6,0.7,6.45,5.81,37.347347,67.3638034013318,51.1938495951579
2005,DHANLAXMI BANK LTD,136.55,125.58,60.19,49.1394,154.9013,,1410.1492,2644.463,2338.8355,60.292791,26.870496,29.931932,2.872712,-0.83,-17.407145,5.074501,292.7,10.16,3.92,119.06,69.37,73.1,40.0492,18.4483,-21.6009,Private Sector Bank,52.0703933747412,,14.1,2.6,6,8.90544064415312,2006,6.98594444035359,TRUE,-1.91949620379952,0,45.364476447864,OK,31.8913839783405,14.1,2.6,7.92293807295951,7.05093547208952,29.739689583569,52.0703933747412,31.8913839783405
2006,DHANLAXMI BANK LTD,125.58,111.38,44.89,48.9353,127.077,,1594.3442,2848.7395,2532.6708,62.951103,28.918362,35.571961,3.021829,0.33,7.658237,4.959123,311.71,9.75,2.82,126.89,81.81,83,13.5822,23.098,9.5158,Private Sector Bank,59.696534386784,13.0620930040594,14,3.9,6.5,6.98594444035359,2007,5.24153892105297,TRUE,-1.74440551930062,0,-1.49303722950278,OK,12.1944693840905,14,3.9,7.92342866735518,8.28129114504204,32.8676900977815,59.696534386784,12.1944693840905
2007,DHANLAXMI BANK LTD,111.38,96.29,32.24,43.8986,206.8239,,1837.0559,3447.9452,3087.958,59.490961,28.365732,38.526541,3.135993,0.47,11.456158,5.052826,366.68,9.77,1.75,149.77,87.76,98.73,22.5012,38.6413,16.1401,Private Sector Bank,66.5178107799356,15.2232936902834,17.1,7.8,7.75,5.24153892105297,2008,3.00708856548983,TRUE,-2.23445035556314,0,-0.0715850932490492,OK,23.3681586872988,17.1,7.8,8.06072889963741,8.05441849702261,33.498253505701,66.5178107799356,23.3681586872988
2008,DHANLAXMI BANK LTD,96.29,63.21,18.56,52.8317,301.2364,,2102.0332,4032.9836,3608.4202,58.253559,29.235029,43.232704,2.646179,0.76,17.811552,6.119057,409.08,9.21,0.88,213.51,96.52,98.98,16.0327,44.4963,28.4636,Private Sector Bank,70.6375573485208,14.4240194323972,15.1,7.5,7.75,3.00708856548983,2009,2.01592187171666,TRUE,-0.991166693773175,0,5.72302563755434,OK,25.3641828824553,15.1,7.5,7.66082415755608,7.3833652744116,38.7091453329433,70.6375573485208,25.3641828824553
2009,DHANLAXMI BANK LTD,63.21,64.43,28.24,78.8698,316.1251,,3196.0564,5642.8241,4968.8113,64.322354,24.304183,32.860653,2.513882,1.21,19.255999,6.516653,585.88,15.38,0.88,286.8,113.07,121.62,30.4532,87.9046,57.4514,Private Sector Bank,56.1694862641627,52.0459524616452,12.6,10.2,5,2.01592187171666,2010,1.54806225950853,TRUE,-0.467859612208129,0,135.61660268714,OK,47.2655595219618,12.6,10.2,3.08669937408871,4.31239885000613,34.63759214019,56.1694862641627,47.2655595219618
2010,DHANLAXMI BANK LTD,64.43,77.5,41.94,118.1108,494.7878,,5006.2586,8086.891,7098.484,70.525743,21.857377,25.075784,2.047383,0.35,5.39091,6.136043,369.61,12.99,0.84,394.02,192.86,140.55,15.3756,38.6793,23.3037,Private Sector Bank,45.8838709677419,56.638618767804,15.5,13.9,5,1.54806225950853,2011,0.740086897828748,TRUE,-0.80797536167978,0,-60.1627791100453,OK,19.8394838709677,15.5,13.9,7.86188237155002,6.85655166937235,36.237403409036,45.8838709677419,19.8394838709677
2011,DHANLAXMI BANK LTD,77.5,67.09,27.47,148.6831,654.1216,,9065.1517,14268.15,12529.6317,72.349706,22.899398,28.297778,2.372009,0.23,4.057267,5.953067,589.22,11.8,0.3,641.29,344.47,265.13,41.371,67.4332,26.0622,Private Sector Bank,59.0550007452675,81.0763770772848,19.9,10,6.75,0.740086897828748,2012,1.19056149972339,TRUE,0.450474601894638,0,42.4639124843787,OK,61.6649277090475,19.9,10,8.49758687599316,8.02988178640115,40.1198616832315,59.0550007452675,61.6649277090475
2012,DHANLAXMI BANK LTD,67.09,104.27,58,157.5023,710.443,,8758.0524,14676.4863,11804.4103,74.193053,19.348804,32.088641,1.710299,-0.73,-14.70252,8.347102,592.92,9.49,0.66,1146.13,488.96,247.52,17.8283,-97.7986,-115.6269,Private Sector Bank,44.375179821617,-3.38769068806648,14.4,8.2,8.5,1.19056149972339,2013,4.88963802675878,TRUE,3.69907652703539,1,10.0447152259012,OK,17.0982065790736,14.4,8.2,5.24131422482317,5.22332743548782,38.9523817758518,44.375179821617,17.0982065790736
2013,DHANLAXMI BANK LTD,104.27,380.27,261.02,180.1379,329.6619,175,7777.0583,13829.5902,11202.132,69.424805,22.460095,28.930247,1.939393,0.02,0.351014,7.964178,674.74,11.06,3.36,1031.5765,339.3213,276.4224,48.7767,51.3992,2.6225,Private Sector Bank,31.3592973413627,-11.2010531017147,13.8,11.2,7.5,4.88963802675878,2014,6.12175264031612,TRUE,1.23211461355734,1,-29.1536240232228,OK,12.8268598627291,13.8,11.2,5.45638755164234,5.41917342231536,39.5016796432622,31.3592973413627,12.8268598627291
2014,DHANLAXMI BANK LTD,380.27,485.82,301.88,142.2981,487.8607,359.911,7935.9626,14687.5889,12133.2061,65.406971,21.985047,36.158883,1.96458,-1.84,-33.536728,7.875609,774.32,8.67,3.8,1011.827,347.4885,280.1214,257.975,6.0609,-251.9141,Private Sector Bank,37.8617594994031,2.0432442945683,13,11.9,8,6.12175264031612,2015,7.27905507802262,TRUE,1.1573024377065,1,10.2246092970128,OK,53.1009427359928,13,11.9,6.38610640092723,6.05378518913893,35.1811624629026,37.8617594994031,53.1009427359928
2015,DHANLAXMI BANK LTD,485.82,558.29,252.63,192.0135,477.3175,274.9466,7669.8142,14351.9086,12381.6833,61.944842,24.339226,38.944679,2.058184,-1.77,-33.074065,7.314709,899.67,9.59,3.29,984.7511,358.1957,298.8431,267.0624,25.5928,-241.4696,Private Sector Bank,54.749323828118,-3.35370028079518,11,6.5,7.5,7.27905507802262,2016,6.60061857858386,TRUE,-0.678436499438762,0,12.6746505073678,OK,47.8357842698239,11,6.5,7.41022760516221,7.15478063868049,34.7632630741904,54.749323828118,47.8357842698239
2016,DHANLAXMI BANK LTD,558.29,458.92,193.19,118.966,460.5154,42,6952.6817,12462.9826,11353.7574,61.2368351291353,25.0281946309686,46.3416310284994,2.27244181397238,-1.61,-34.0072361832543,7.29499242034297,836,7.51,2.78,899.5965,380.9029,304.6764,209.9524,0.5002,-209.4522,Private Sector Bank,57.9033382724658,-9.3500635256588,10.5,5.1,6.75,6.60061857858386,2017,4.89579404753351,TRUE,-1.70482453105035,0,-99.3725992317542,OK,45.7492373398414,10.5,5.1,7.99625378567371,8.02848944993222,34.4549951026575,57.9033382724658,45.7492373398414
2017,DHANLAXMI BANK LTD,458.92,315.6,166.48,108.8423,466.1331,35,6446.3496,12333.1221,11293.6779,57.0792761851301,29.4416631095881,42.1411305399881,2.67460880660018,0.1,2.12963012348372,6.45258317616211,885,10.26,2.58,757.4563,348.5462,331.5994,81.6943,94.0721,12.3778,Private Sector Bank,47.2496831432193,-7.2825439427207,11.8,4.4,6.25,4.89579404753351,2018,7.68039451609587,TRUE,2.78460046856236,1,27.1136183095668,OK,25.8853929024081,11.8,4.4,8.256306,7.972023,34.943218,47.2496831432193,25.8853929024081
2018,DHANLAXMI BANK LTD,315.6,469.31,194.65,100.8831,501.9635,160,6110.4934,12286.4596,10919.6596,55.9586436192571,30.8021946032091,44.2883973984818,2.80913627383036,-0.2,-3.54351488128096,5.76936446402977,919,13.87,3.19,667.517,302.0877,345.7988,171.0543,146.1798,-24.8745,Private Sector Bank,58.5242164028041,-5.21002149805836,11,2.2,6,7.68039451609587,2019,7.88388893809959,TRUE,0.203494422003725,0,-17.6586491420306,OK,36.4480407406618,11,2.2,6.795383,6.231181,37.452479,58.5242164028041,36.4480407406618
2019,DHANLAXMI BANK LTD,469.31,495.84,151.71,79.9418,477.4991,20,6289.2819,11798.889,10603.3206,59.314267079692,32.0054559134994,40.063771032429,2.87953731340222,0.1,1.54495414058699,5.52725964966506,972,13.75,2.41,624.7152,304.5805,346.7733,83.2568,94.9258,11.669,Private Sector Bank,69.4034365924492,2.92592575257506,10.6,0.7,6.25,7.88388893809959,2020,6.17638728756463,TRUE,-1.70750165053497,0,23.7076004698212,OK,16.7910616327848,10.6,0.7,6.45,5.81,37.347347,69.4034365924492,16.7910616327848
2020,DHANLAXMI BANK LTD,495.84,401.224239,100.94,135.676,412.8468,460,6496.0991,12265.0916,10904.0692,59.5749988453852,29.8004931956962,38.6087151903209,3.10157248,0.55,8.284224131,5.481622879,1033,14.41,1.55,614.4088,324.0594,373.1809,96.1929,161.9714,65.7785,Private Sector Bank,74.8419985164456,3.28840721863652,6.4,6,4.4,6.17638728756463,2021,9.68279687251009,TRUE,3.50640958494547,1,37.4159546335607,OK,23.9748476412463,6.4,6,3.871437,3.944641,33.785447,74.8419985164456,23.9748476412463
2021,DHANLAXMI BANK LTD,401.222489,657.21,322.922381,102.8677,499.2531,364,6787.3984,13096.5067,11711.9041,57.9529881908784,33.3713610240371,37.1569421945233,2.6,0.29,4.398,5.134,1137,14.47,4.76,601.0965,366.039,329.6502,48.6447,85.8328,37.1881,Private Sector Bank,50.8646580240715,4.48421884450623,-1.2,7.3,4,9.68279687251009,2022,6.55289984863148,TRUE,-3.12989702387861,0,16.7201744549353,OK,7.40169808736933,-1.2,7.3,-5.777724706874,-4.145902641222,32.071601,50.8646580240715,7.40169808736933
2022,DHANLAXMI BANK LTD,657.206697,533.536031,232.162559,101.3603,607.0429,,8141.9836,13795.7636,12402.8899,65.645859,34.285059,43.741507,2.694553,0.27,4.070526,4.435314,1209,12.98,2.85,554.3242,397.1328,362.3133,98.3945,134.2986,35.9041,Private Sector Bank,56.4860580147023,19.9573550891016,18.9,4.2,4,6.55289984863148,2023,5.40811723902742,TRUE,-1.14478260960406,0,-22.7725815510658,OK,18.4419597333624,18.9,4.2,9.689592491912,9.375448587977,36.663675,56.4860580147023,18.4419597333624
2023,DHANLAXMI BANK LTD,533.536031,511.149369,109.200381,105.1031,731.2342,,9451.5216,15132.1325,13351.6494,70.789169,31.903463,50.833152,3.289235,0.34,5.304507,4.412097,1313,12.32,1.16,595.48,427.07,475.75,73.8412,123.2037,49.3625,Private Sector Bank,78.6363071887114,16.0837710358444,14,6.7,6.5,5.40811723902742,2024,4.16951201140121,TRUE,-1.23860522762621,0,-0.13314145450295,OK,14.4461099784709,14,6.7,7.609364977704,7.214814133485,35.24891,78.6363071887114,14.4461099784709
2024,DHANLAXMI BANK LTD,511.149369,421.210612,126.467609,106.0649,653.9679,199.9975,10102.1561,15961.8888,14290.3085,70.692358,30.660207,52.342192,2.948809,0.38,5.808582,5.252168,1464,12.71,1.25,748.5389,541.7495,458.4517,11.4398,69.2617,57.8219,Private Sector Bank,69.9752082694441,6.8839127448008,12,7,6.5,4.16951201140121,2025,3.04454503531961,TRUE,-1.1249669760816,0,-23.3992727165821,OK,2.71593347225544,12,7,9.190754930285,8.559254114773,34.642678,69.9752082694441,2.71593347225544
2025,DHANLAXMI BANK LTD,421.210612,364.112056,117.939209,96.071,896.3242,49.997,11959.4899,17936.9373,16013.4513,74.684025,29.018954,55.8409,2.851339,0.41,5.49609,5.39459,1607,16.12,0.99,836.5919,557.3883,483.2853,28.4628,95.1042,66.6414,Private Sector Bank,67.6090898237108,18.3855187111987,9.8,6.7,6.25,3.04454503531961,,,FALSE,,,-0.225447493293984,OK,7.81704410248915,9.8,6.7,6.49476552384,6.414086697106,,67.6090898237108,7.81704410248915
2005,FEDERAL BANK LTD,600.75,677.79,194.51,154.9982,534.2706,148,8822.5905,16820.9623,15192.8796,58.070562,24.523237,32.147093,3.145613,0.62,13.130335,4.581888,366,11.27,2.21,688.7514,313.8624,502.2794,310.3059,400.3918,90.0859,Private Sector Bank,71.302320777822,,14.1,2.6,6,7.68243748817312,2006,4.79744044261635,TRUE,-2.88499704555677,0,30.8198559747154,OK,45.7820121276502,14.1,2.6,7.92293807295951,7.05093547208952,29.739689583569,71.302320777822,45.7820121276502
2006,FEDERAL BANK LTD,677.79,563.05,111.6,157.7742,1056.8115,25,11736.4667,20642.9063,17878.7372,65.64483,25.015208,34.302022,3.202019,1.28,22.824875,4.82225,431,13.75,0.95,836.7288,364.5693,599.8001,226.9734,452.1791,225.2057,Private Sector Bank,80.1793801616197,33.027444717059,14,3.9,6.5,4.79744044261635,2007,3.02568607465302,TRUE,-1.77175436796333,0,-14.5540359726573,OK,40.3114110647367,14,3.9,7.92342866735518,8.28129114504204,32.8676900977815,80.1793801616197,40.3114110647367
2007,FEDERAL BANK LTD,563.05,450.8,65.05,201.2817,1030.261,65,14899.1002,25089.9325,21584.4402,69.02704,25.232415,37.264147,3.133405,1.38,21.272678,5.220338,544,13.43,0.44,1084.9583,406.1006,716.4975,320.25,612.9828,292.7328,Private Sector Bank,85.5700976042591,26.9470666158836,17.1,7.8,7.75,3.02568607465302,2008,2.47870080890525,TRUE,-0.546985265747769,0,43.7346554618073,OK,71.0403726708074,17.1,7.8,8.06072889963741,8.05441849702261,33.498253505701,85.5700976042591,71.0403726708075
2008,FEDERAL BANK LTD,450.8,468.59,43.2,240.4849,2115.2079,,18904.6616,32506.457,25913.3558,72.953352,25.087387,36.511076,3.014145,1.34,13.561542,6.424942,655,22.46,0.23,1647.42,468.62,868.02,426.0654,794.1192,368.0538,Private Sector Bank,90.7808531978916,26.8845859564056,15.1,7.5,7.75,2.47870080890525,2009,2.63282996504018,TRUE,0.154129156134928,0,-28.5325537867318,OK,90.9249877291449,15.1,7.5,7.66082415755608,7.3833652744116,38.7091453329433,90.7808531978916,90.9249877291449
2009,FEDERAL BANK LTD,468.59,589.54,68.12,220.4879,1993.9073,120,22391.8752,38850.8646,32198.1915,69.543891,24.499633,37.799009,3.686944,1.48,12.130865,6.447061,750,20.22,0.3,1999.9238,571.4557,1315.4524,759.2784,1259.772,500.4936,Private Sector Bank,88.4452284832242,18.4463159076066,12.6,10.2,5,2.63282996504018,2010,3.04625829133403,TRUE,0.413428326293856,0,32.9909373249835,ABOVE_100_SUSPECT,128.791668080198,12.6,10.2,3.08669937408871,4.31239885000613,34.63759214019,88.4452284832242,128.791668080198
2010,FEDERAL BANK LTD,589.54,820.97,128.79,276.9175,2041.9596,249.8681,26950.1113,43675.6051,36057.9508,74.741106,26.186733,36.55298,3.419105,1.15,10.304534,6.35329,813,18.36,0.48,2262.403,676.8937,1410.8333,800.3021,1264.8472,464.5451,Private Sector Bank,84.312459651388,20.3566519520438,15.5,13.9,5,3.04625829133403,2011,3.5937833734806,TRUE,0.547525082146567,1,-77.1753008462562,OK,97.4825024056908,15.5,13.9,7.86188237155002,6.85655166937235,36.237403409036,84.312459651388,97.4825024056908
2011,FEDERAL BANK LTD,820.97,1148.33,190.69,332.6689,2602.3842,399.7213,31953.2337,51456.3642,43014.7806,74.284312,26.860764,33.129039,3.671907,1.34,11.982378,5.468338,923,16.79,0.6,2305.4496,836.1391,1746.5787,840.1705,1427.2537,587.0832,Private Sector Bank,83.3941462819921,18.5643849270485,19.9,10,6.75,3.5937833734806,2012,3.44536096460403,TRUE,-0.148422408876574,0,18.5643849270485,OK,73.1645520016023,19.9,10,8.49758687599316,8.02988178640115,40.1198616832315,83.3941462819921,73.1645520016023
2012,FEDERAL BANK LTD,1148.33,1300.83,199,395.8443,2028.3023,504.5707,37755.9859,60626.7721,48937.1221,77.152036,27.537082,32.282188,3.48564,1.41,14.365239,7.245701,1011,16.64,0.53,3604.9851,979.2731,1953.4073,729.6779,1506.4774,776.799500000001,Private Sector Bank,84.7020748291475,18.1601407058842,14.4,8.2,8.5,3.44536096460403,2013,3.52409567564291,TRUE,0.0787347110388801,0,1.30410913225163,OK,56.0932558443455,14.4,8.2,5.24131422482317,5.22332743548782,38.9523817758518,84.7020748291475,56.0932558443455
2013,FEDERAL BANK LTD,1300.83,1554.01,431.94,528.8505,2213.6456,,44096.7029,71032.9452,57614.8633,76.537026,27.166828,26.069289,2.999632,1.35,13.88731,7.20315,1075,14.73,0.98,4192.91,1184.54,1974.65,616.3867,1454.5543,838.1676,Private Sector Bank,72.2048120668464,16.7939383619698,13.8,11.2,7.5,3.52409567564291,2014,2.50347039644012,TRUE,-1.02062527920279,0,71.1877099514303,OK,39.6642685697003,13.8,11.2,5.45638755164234,5.41917342231536,39.5016796432622,72.2048120668464,39.6642685697003
2014,FEDERAL BANK LTD,1554.01,1087.41,321.56,604.2367,2500.0563,,43436.1038,74594.1468,59731.2817,72.719189,31.246344,35.715115,3.060714,1.2,12.600406,7.174425,997,15.14,0.74,4717.47,1442.07,2228.61,641.5059,1480.3936,838.887699999999,Private Sector Bank,70.4288170975069,-1.49806914475685,13,11.9,8,2.50347039644012,2015,2.0624552546966,TRUE,-0.441015141743515,0,5.57996949242339,OK,58.993930532182,13,11.9,6.38610640092723,6.05378518913893,35.1811624629026,70.4288170975069,58.993930532182
2015,FEDERAL BANK LTD,1087.41,1057.73,373.27,655.5687,2723.9742,200,51284.9914,82850.4803,70824.9928,72.410867,30.756793,33.811565,3.023804,1.32,13.694184,7.088906,1115,15.46,0.73,5039.0589,1630.9327,2380.4088,622.0315,1627.782,1005.7505,Private Sector Bank,64.7102757792631,18.0699623431695,11,6.5,7.5,2.0624552546966,2016,2.87100334444338,TRUE,0.808548089746775,1,17.0516091085657,OK,58.8081552002874,11,6.5,7.41022760516221,7.15478063868049,34.7632630741904,64.7102757792631,58.8081552002874
2016,FEDERAL BANK LTD,1057.73,1667.77,950.01,557.7729,3216.7662,,58090.1448,94581.3712,79171.7068,73.3723537712086,32.9064389957045,31.897664679259,2.8266750065447,0.57,6.00969760468151,6.74868182232991,1203,13.93,1.64,5240.45,1892.12,2507.71,948.1327,1423.7808,475.6481,Private Sector Bank,43.037109433555,13.2692883711783,10.5,5.1,6.75,2.87100334444338,2017,2.35497382765089,TRUE,-0.516029516792484,0,13.2692883711783,OK,56.8503270834708,10.5,5.1,7.99625378567371,8.02848944993222,34.4549951026575,43.037109433555,56.8503270834707
2017,FEDERAL BANK LTD,1667.77,1727.05,941.2,621.3235,3955.2445,1477.5613,73336.2715,114976.9323,97664.5621,75.0899506669677,32.819317069359,27.456504521095,2.91340400166964,0.84,9.75469952063566,6.11141586916845,1449,12.39,1.28,5624.7436,2209.5336,3052.64,1094.1249,1924.9131,830.7882,Private Sector Bank,45.5024463680843,26.2456338377039,11.8,4.4,6.25,2.35497382765089,2018,3.04012268140487,TRUE,0.685148853753973,1,19.36621031686,OK,63.3522422628181,11.8,4.4,8.256306,7.972023,34.943218,45.5024463680843,63.3522422628181
2018,FEDERAL BANK LTD,1727.05,2795.62,1551.96,736.3452,4396.4132,1794.3468,91957.4732,138313.9542,111992.4866,82.1103950735924,33.6511121809488,28.2142562177317,2.82900822015955,0.75,8.30957043428513,5.458345746522,1709,14.7,1.69,6170.0537,2450.9004,3582.81,1412.182,2291.0278,878.8458,Private Sector Bank,44.4860174129531,25.3915304379771,11,2.2,6,3.04012268140487,2019,2.95825859364536,TRUE,-0.0818640877595023,0,12.3302357119059,OK,50.5140898977687,11,2.2,6.795383,6.231181,37.452479,44.4860174129531,50.5140898977687
2019,FEDERAL BANK LTD,2795.62,3260.68,1626.2,700.2297,5718.9385,2243.7883,110222.9537,159339.9947,134954.3444,81.6742537559984,32.4045598490566,27.2589830805813,2.8061746974525,0.88,9.76238895619577,5.46075491043657,1995,14.14,1.48,7242.6796,2764.2669,4176.3449,1519.2137,2763.102,1243.8883,Private Sector Bank,50.1269673810371,19.8629647644559,10.6,0.7,6.25,2.95825859364536,2020,2.88778131773945,TRUE,-0.0704772759059109,0,-18.184486397242,OK,46.5919286774538,10.6,0.7,6.45,5.81,37.347347,50.1269673810371,46.5919286774538
2020,FEDERAL BANK LTD,3260.68,3530.83,1607.17,1373.689396,4801.219149,4211.197,122267.914759,180638.046911,152290.084903,80.2861951497877,30.7139256727006,24.2520637817758,2.734826013,0.94,11.10287897,5.640050338,2193.72,14.35,1.31,8561.849392,3375.613222,4648.90396,1661.917161,3204.69828,1542.781119,Private Sector Bank,54.481807393729,10.9278155363024,6.4,6,4.4,2.88778131773945,2021,3.48986867554087,TRUE,0.602087357801415,1,15.6805448695885,OK,47.068739106669,6.4,6,3.871437,3.944641,33.785447,54.481807393729,47.068739106669
2021,FEDERAL BANK LTD,3530.83,4602.39,1569.28,1667.1921,5979.8486,3893.866,131878.6014,201367.3878,172644.4801,76.3873836705423,34.0077898036428,27.0083310119181,2.897,0.85,10.38,4.804,2403,14.62,1.19,8224.1953,3691.7229,5533.707,2210.3932,3800.6905,1590.2973,Private Sector Bank,65.9029330413112,7.86035049337632,-1.2,7.3,4,3.48986867554087,2022,2.85433507315933,TRUE,-0.635533602381538,0,7.86035049337633,OK,48.0270728903895,-1.2,7.3,-5.777724706874,-4.145902641222,32.071601,65.9029330413112,48.0270728903896
2022,FEDERAL BANK LTD,4602.39,4136.74,1392.62,1712.8797,14336.391,316.7435,144928.3246,220946.3088,181700.5861,79.762167,37.133071,30.548003,2.82347,0.94,10.824245,4.138837,2561,15.77,0.96,7698.802,4293.1938,5961.9509,1868.0291,3757.8506,1889.8215,Private Sector Bank,66.3353268515788,9.89525446999469,18.9,4.2,4,2.85433507315933,2023,2.39830594257572,TRUE,-0.456029130583613,0,-59.5566348705974,OK,45.1570342830345,18.9,4.2,9.689592491912,9.375448587977,36.663675,66.3353268515788,45.1570342830345
2023,FEDERAL BANK LTD,4136.74,4183.77,1205.01,1070.5056,11520.3407,499.258,174446.8846,260341.8295,213386.0385,81.75178,32.860841,32.045683,3.005335,1.28,14.940886,4.360065,2936,14.81,0.69,9571.4736,4767.7655,7232.1602,1783.801,4794.3953,3010.5943,Private Sector Bank,71.1979865049943,20.3676956050315,14,6.7,6.5,2.39830594257572,2024,2.1627497012704,TRUE,-0.235556241305318,0,11.5255173359454,OK,42.6362108815733,14,6.7,7.609364977704,7.214814133485,35.24891,71.1979865049943,42.6362108815733
2024,FEDERAL BANK LTD,4183.77,4528.87,1255.33,952.9372,10540.6305,549.138,209403.3349,308311.8017,252534.0153,82.920843,29.560706,32.527735,2.916883,1.32,14.705731,5.451331,3192,16.13,0.6,13894.7754,6198.2694,8293.4819,1453.8861,5174.4842,3720.5981,Private Sector Bank,72.2816066700965,20.0384491704474,12,7,6.5,2.1627497012704,2025,1.86322908150148,TRUE,-0.299520619768918,0,0.764862800317112,OK,32.1026238333182,12,7,9.190754930285,8.559254114773,34.642678,72.2816066700965,32.1026238333182
2025,FEDERAL BANK LTD,4528.87,4375.54,1040.38,794.2104,19560.2265,1121.3095,234836.3947,349004.8014,283647.4727,82.79164,30.452527,30.844031,2.880802,1.23,12.962922,5.748502,3274,16.4,0.44,16897.2565,7168.111,9467.9958,2049.2466,6101.1341,4051.8875,Private Sector Bank,76.2228204975843,12.1454893792143,9.8,6.7,6.25,1.86322908150148,,,FALSE,,,-11.2167316734127,OK,46.8341416145207,9.8,6.7,6.49476552384,6.414086697106,,76.2228204975843,46.8341416145207
2005,HDFC BANK LTD,335.61,439.17,60.63,353.57,2296.56,507.31,25566.3,51429,36354.25,70.325478,60.649965,21.968842,3.793484,1.47,18.452897,3.31812,806,12.16,0.24,1315.56,1085.4,1777.93,678.31,1343.87,665.56,Private Sector Bank,86.1944121866248,,14.1,2.6,6,1.71776909447202,2006,1.45143100961004,TRUE,-0.266338084861983,0,17.3754005361749,CAPPED_AT_150_SUSPECT,154.452717626432,14.1,2.6,7.92293807295951,7.05093547208952,29.739689583569,86.1944121866248,150
2006,HDFC BANK LTD,439.17,508.89,155.18,507.71,2798.9,1383.06,35061.26,73506.39,55796.82,62.83738,55.448052,30.987278,4.075451,1.38,17.735044,3.384508,758,11.41,0.44,1929.5,1691.09,2545.84,1107.95,1978.73,870.78,Private Sector Bank,69.5061801175107,37.1385769548194,14,3.9,6.5,1.45143100961004,2007,1.40113554691278,TRUE,-0.0502954626972598,0,-10.2355297288591,CAPPED_AT_150_SUSPECT,217.718956945509,14,3.9,7.92342866735518,8.28129114504204,32.8676900977815,69.5061801175107,150
2007,HDFC BANK LTD,508.89,657.76,202.89,639.28,4435.97,1885.33,46944.78,91235.61,68297.94,68.73528,57.683526,37.667809,4.210802,1.33,19.457501,4.343971,607,13.08,0.43,3179.45,2420.8,3468.48,1422.46,2563.91,1141.45,Private Sector Bank,69.1544028216979,33.8935908178999,17.1,7.8,7.75,1.40113554691278,2008,1.42994548744524,TRUE,0.0288099405324587,0,33.8935908178999,CAPPED_AT_150_SUSPECT,216.258209681343,17.1,7.8,8.06072889963741,8.05441849702261,33.498253505701,69.1544028216979,150
2008,HDFC BANK LTD,657.76,906.97,298.52,940.0877,11613.0889,1052.8469,63426.8934,133176.6032,100768.591,62.943118,54.494797,27.474612,4.659189,1.32,17.737405,5.18462,506,13.6,0.47,4887.1146,3745.6168,5227.8941,2175.2268,3765.4198,1590.193,Private Sector Bank,67.086011665215,35.1095764001876,15.1,7.5,7.75,1.42994548744524,2009,2.0105266314947,TRUE,0.580581144049463,1,35.1095764001876,CAPPED_AT_150_SUSPECT,239.834481846147,15.1,7.5,7.66082415755608,7.3833652744116,38.7091453329433,67.086011665215,150
2009,HDFC BANK LTD,906.97,1988.07,627.62,1586.1868,11941.0244,2443.0744,98883.0473,183270.7732,142811.58,69.240217,44.36591,30.118001,4.690294,1.28,17.170326,6.581369,446,15.69,0.63,8911.1044,5532.8058,7421.1567,2934.0152,5178.9544,2244.9392,Private Sector Bank,68.4306890602443,55.9008206131061,12.6,10.2,5,2.0105266314947,2010,1.44381421377047,TRUE,-0.566712417724227,0,-25.6807327507824,ABOVE_100_SUSPECT,147.581081149054,12.6,10.2,3.08669937408871,4.31239885000613,34.63759214019,68.4306890602443,147.581081149054
2010,HDFC BANK LTD,1951.52,1816.76,392.05,2435.256,13048.0281,13443.6957,125830.5939,222458.5697,167404.4394,75.165625,52.032003,35.092871,4.133998,1.53,16.302734,4.511509,590,17.44,0.31,7786.2988,5939.8003,8386.4206,3481.0282,6429.7291,2948.7009,Private Sector Bank,78.4203747330412,27.2519378556814,15.5,13.9,5,1.44381421377047,2011,1.05907724175222,TRUE,-0.384736972018254,0,38.360043956044,CAPPED_AT_150_SUSPECT,191.606387194786,15.5,13.9,7.86188237155002,6.85655166937235,36.237403409036,78.4203747330412,150
2011,HDFC BANK LTD,1816.76,1694.34,296.41,2997.9543,22102.8615,2654.416,159982.6654,277352.5912,208586.4054,76.69851,52.691967,34.241976,4.218845,1.58,16.743085,4.270481,653,16.22,0.19,9385.0839,7152.9141,10543.1283,3798.966,7725.3669,3926.4009,Private Sector Bank,82.5058724931242,27.1413099481524,19.9,10,6.75,1.05907724175222,2012,1.0231243993694,TRUE,-0.035952842382821,0,44.0549874119334,CAPPED_AT_150_SUSPECT,224.215092602429,19.9,10,8.49758687599316,8.02988178640115,40.1198616832315,82.5058724931242,150
2012,HDFC BANK LTD,1694.34,1999.39,352.33,4306.9643,10684.1302,3370.3809,195420.0292,337909.499,246706.4459,79.211562,48.399984,32.679864,4.188334,1.77,18.686156,5.57429,654,16.52,0.18,14989.578,9277.6403,12884.6148,4223.5093,9390.6,5167.0907,Private Sector Bank,82.3781253282251,22.1507522151834,14.4,8.2,8.5,1.0231243993694,2013,0.9739002735998,TRUE,-0.049224125769597,0,13.9008103763345,CAPPED_AT_150_SUSPECT,211.239893167416,14.4,8.2,5.24131422482317,5.22332743548782,38.9523817758518,82.3781253282251,150
2013,HDFC BANK LTD,1999.39,2334.64,468.95,5007.7236,9619.6754,6263.5125,239720.6432,400331.8973,296246.9846,80.919184,47.433909,32.013524,4.283456,1.9,20.339898,6.011795,750,16.8,0.2,19253.7521,11236.1165,15811.1215,4701.3428,11427.6276,6726.2848,Private Sector Bank,79.9133913579824,22.6694337225081,13.8,11.2,7.5,0.9739002735998,2014,0.986560173085416,TRUE,0.012659899485616,0,-19.8223927607239,CAPPED_AT_150_SUSPECT,201.373350923483,13.8,11.2,5.45638755164234,5.41917342231536,39.5016796432622,79.9133913579824,150
2014,HDFC BANK LTD,2334.64,2989.28,820.03,3850.5015,21495.1262,7628.1745,303000.2712,491599.5007,367337.4777,82.485532,44.814748,29.575179,4.144407,2,21.277653,5.740989,890,16.07,0.27,22652.8999,12042.1981,18482.6337,5881.701,14360.0771,8478.3761,Private Sector Bank,72.5676417063641,26.3972376993856,13,11.9,8,0.986560173085416,2015,0.940746031132365,TRUE,-0.0458141419530508,0,19.2772410406557,CAPPED_AT_150_SUSPECT,196.759788310228,13,11.9,6.38610640092723,6.05378518913893,35.1811624629026,72.5676417063641,150
2015,HDFC BANK LTD,2989.28,3438.38,896.28,5321.4928,22188.9608,4767.5999,365495.0312,590503.0731,450795.6425,81.077765,44.031493,29.030228,4.139288,2.02,19.368866,5.748168,1010,16.79,0.25,26074.2352,13987.5416,22395.6692,7188.5608,17404.4797,10215.9189,Private Sector Bank,73.9330731332779,20.6253148726555,11,6.5,7.5,0.940746031132365,2016,0.945520258248885,TRUE,0.0047742271165199,0,22.3225331314323,CAPPED_AT_150_SUSPECT,209.068247255975,11,6.5,7.41022760516221,7.15478063868049,34.7632630741904,73.9330731332779,150
2016,HDFC BANK LTD,3438.38,4392.83,1320.37,5569.4577,24488.851,5171.3667,464593.9589,740796.0728,546424.192,85.0244124806246,43.2467766544275,30.5193289287946,4.14505067249138,1.89,18.2589211392598,5.85192710584819,1139,15.53,0.28,32629.933,16979.7,27591.5121,9067.3223,21363.5354,12296.2131,Private Sector Bank,69.9426110275153,27.1136183095668,10.5,5.1,6.75,0.945520258248885,2017,1.0613049896681,TRUE,0.11578473141922,0,27.1136183095668,CAPPED_AT_150_SUSPECT,206.411864333471,10.5,5.1,7.99625378567371,8.02848944993222,34.4549951026575,69.9426110275153,150
2017,HDFC BANK LTD,4392.83,5885.66,1843.99,4263.5945,33633.281,5945.5458,554568.2021,863840.1917,643639.6563,86.1612855379309,48.0319208696961,29.3053329932347,4.13043443341673,1.88,17.9469974646385,5.26550859346863,1236,14.55,0.33,36166.7334,19703.3442,33139.2244,11182.738,25732.3792,14549.6412,Private Sector Bank,68.6697838475209,19.36621031686,11.8,4.4,6.25,1.0613049896681,2018,1.30738832974975,TRUE,0.246083340081641,0,18.7109337151085,CAPPED_AT_150_SUSPECT,189.999728152832,11.8,4.4,8.256306,7.972023,34.943218,68.6697838475209,150
2018,HDFC BANK LTD,5885.66,8606.97,2601.02,7532.3281,97138.1449,14059.1542,658333.0908,1063934.3234,788770.6396,83.4631840675323,43.497154632174,26.2582408534157,4.15970471504238,1.93,17.8657185761688,4.5756927597912,1508,14.82,0.4,40146.4913,22690.3821,40094.8637,15138.0575,32624.7858,17486.7283,Private Sector Bank,69.7800735915194,18.7109337151085,11,2.2,6,1.30738832974975,2019,1.36980026039056,TRUE,0.062411930640812,0,25.658413133759,CAPPED_AT_150_SUSPECT,175.881378696568,11,2.2,6.795383,6.231181,37.452479,69.7800735915194,150
2019,HDFC BANK LTD,8606.97,11224.16,3214.52,7391.4902,39372.1282,25559.5343,819401.2167,1244540.6906,923140.9284,88.7623104437799,42.3768608091107,26.5342960284623,4.1796616127464,1.9,16.4994552721495,4.79603042205741,1687,17.11,0.39,50728.8285,26119.37,48243.222,18671.5716,39749.7369,21078.1653,Private Sector Bank,71.3607076164274,24.4660534539243,10.6,0.7,6.25,1.36980026039056,2020,1.27301332005672,TRUE,-0.0967869403338371,0,1.34821199368675,CAPPED_AT_150_SUSPECT,166.351616512951,10.6,0.7,6.45,5.81,37.347347,71.3607076164274,150
2020,HDFC BANK LTD,11224.16,12649.97,3542.36,9207.6984,62997.4226,8285.3175,993702.8781,1530511.2589,1147502.2947,86.597027534467,42.2330318674177,25.5810399267475,4.049383869,2.01,16.40096174,4.907050808,1749,18.52,0.36,58626.3979,30697.5289,56186.253,22492.2278,48749.5428,26257.315,Private Sector Bank,71.997087740129,21.2718333641205,6.4,6,4.4,1.27301332005672,2021,1.33170128759119,TRUE,0.0586879675344729,0,18.162439182447,CAPPED_AT_150_SUSPECT,177.80459400299,6.4,6,3.871437,3.944641,33.785447,71.997087740129,150
2021,HDFC BANK LTD,12649.97,15086,4554.82,10692.5639,86648.1724,9869.85,1132836.6309,1746870.5237,1335060.2208,84.8528488266377,46.1164338587714,22.7276848997592,3.959,1.97,16.608,4.04,1930,18.79,0.4,55978.656,32722.6301,64879.5705,26245.3079,57361.8331,31116.5252,Private Sector Bank,69.807636219011,14.0015447138514,-1.2,7.3,4,1.33170128759119,2022,1.17918711131129,TRUE,-0.152514176279901,0,37.4162943307724,CAPPED_AT_150_SUSPECT,173.971283971895,-1.2,7.3,-5.777724706874,-4.145902641222,32.071601,69.807636219011,150
2022,HDFC BANK LTD,15086,16140.96,4407.68,11204.4402,118791.195,12613.9285,1368820.9314,2068535.0503,1559217.44,87.78897,48.168339,28.417527,3.774676,2.03,16.656245,3.379703,2025,18.9,0.32,55743.5282,37442.1858,72009.5909,27115.9503,64077.3055,36961.3552,Private Sector Bank,72.6925783844331,20.8312738185839,18.9,4.2,4,1.17918711131129,2023,1.1257771294874,TRUE,-0.0534099818238978,0,-28.0066737444659,CAPPED_AT_150_SUSPECT,167.994656451661,18.9,4.2,9.689592491912,9.375448587977,36.663675,72.6925783844331,150
2023,HDFC BANK LTD,16140.96,18019.03,4368.43,13242.837,103917.9336,57481.4249,1600585.9,2466081.467,1883394.646,84.984095,44.387345,33.267127,3.83019,2.07,16.955366,3.573906,1974,19.26,0.27,74743.3173,47652.0844,86842.2194,26296.2587,70404.9601,44108.7014,Private Sector Bank,75.7565751319577,16.9317230094484,14,6.7,6.5,1.1257771294874,2024,1.25452946820736,TRUE,0.128752338719963,0,9.68269133679749,ABOVE_100_SUSPECT,145.936039287353,14,6.7,7.609364977704,7.214814133485,35.24891,75.7565751319577,145.936039287353
2024,HDFC BANK LTD,18019.03,31173.32,8091.74,13024.6313,165658.5915,17753.8427,2484861.519,3617623.087,2379786.276,104.415323,38.186748,31.211854,3.567973,1.98,16.88187,4.664731,2149,18.8,0.33,149808.1008,63386.024,108532.4747,33575.1716,94387.4501,60812.2785,Private Sector Bank,74.0427391115223,55.2469954283616,12,7,6.5,1.25452946820736,2025,1.34457642914373,TRUE,0.0900469609363692,0,15.2518096397328,ABOVE_100_SUSPECT,107.704830925933,12,7,9.190754930285,8.559254114773,34.642678,74.0427391115223,107.704830925933
2025,HDFC BANK LTD,31173.32,35222.64,11320.43,12127.6593,132227.3703,63527.8292,2619608.617,3910198.945,2714714.896,96.496638,34.794086,33.539318,3.259112,1.91,14.303806,4.917876,2362,19.55,0.43,177846.9527,68174.882,122670.089,32780.1307,100127.4888,67347.3581,Private Sector Bank,67.8603591326488,5.42272062123716,9.8,6.7,6.25,1.34457642914373,,,FALSE,,,25.6615417680742,OK,93.0655132607891,9.8,6.7,6.49476552384,6.414086697106,,67.8603591326488,93.0655132607891
2005,ICICI BANK LTD,3047.59,2770.43,1505.27,554.4811,5790.4193,2957.6611,91405.1517,167659.4053,99818.7775,91.571099,24.27271,21.978291,1.938628,1.59,18.86314,3.873185,880,11.78,1.65,6570.8876,3299.1475,2839.0068,950.8016,2956.0032,2005.2016,Private Sector Bank,45.6665571770447,,14.1,2.6,6,3.03093419623962,2006,1.5206231016341,TRUE,-1.51031109460552,0,18.8533974782725,OK,34.3196399114939,14.1,2.6,7.92293807295951,7.05093547208952,29.739689583569,45.6665571770447,34.3196399114939
2006,ICICI BANK LTD,2770.43,2222.59,1052.68,1208.8189,7725.5548,1453.6202,146163.1089,251388.9542,165083.1713,88.539073,22.722161,29.197257,2.247323,1.3,14.328054,4.406674,905,13.35,0.72,9597.4483,5001.1537,4708.6842,1348.3417,3888.4164,2540.0747,Private Sector Bank,52.6372385370221,59.9068610265213,14,3.9,6.5,1.5206231016341,2007,2.10657716741802,TRUE,0.585954065783925,1,-7.58925959902946,OK,60.665336386828,14,3.9,7.92342866735518,8.28129114504204,32.8676900977815,52.6372385370221,60.665336386828
2007,ICICI BANK LTD,2222.59,4126.06,1992.04,2066.9585,16639.9209,3358.3264,195865.5996,344658.1126,230510.1863,84.970475,21.784042,28.222025,1.891491,1.09,13.173524,5.888726,1027,11.69,1.02,16358.4984,6690.5564,5637.0892,2764.1854,5874.4054,3110.22,Private Sector Bank,51.7205275735205,34.0048122088076,17.1,7.8,7.75,2.10657716741802,2008,3.35948568439532,TRUE,1.2529085169773,1,70.1380084360923,OK,66.9933398932638,17.1,7.8,8.06072889963741,8.05441849702261,33.498253505701,51.7205275735205,66.9933398932638
2008,ICICI BANK LTD,4126.06,7579.54,3490.55,2847.8239,26529.7098,2647.7613,225616.0827,399795.0762,244431.0502,92.302546,26.093492,26.475293,1.962273,1.12,11.632697,7.205204,1008,13.96,1.55,23484.2423,8154.1819,7304.10060000001,3802.9536,7960.68150000001,4157.72790000001,Private Sector Bank,53.9477329758798,15.1892334135024,15.1,7.5,7.75,3.35948568439532,2009,4.41998647129077,TRUE,1.06050078689546,1,29.3646158494133,OK,50.173936676896,15.1,7.5,7.66082415755608,7.3833652744116,38.7091453329433,53.9477329758798,50.173936676896
2009,ICICI BANK LTD,7579.54,9649.31,4553.94,2855.7057,14680.6285,2831.6822,218310.8492,379300.9623,218347.8249,99.983066,28.700919,28.423506,2.147775,0.98,7.800742,6.821901,1154,15.53,2.09,22725.9343,7045.1137,8366.6141,5167.0943,8925.2275,3758.1332,Private Sector Bank,52.8055373907564,-3.23790459109855,12.6,10.2,5,4.41998647129077,2010,5.23198518794539,TRUE,0.811998716654617,1,13.9495949826789,OK,53.548847534176,12.6,10.2,3.08669937408871,4.31239885000613,34.63759214019,52.8055373907564,53.548847534176
2010,ICICI BANK LTD,9649.31,9480.65,3841.11,3341.0225,24173.2695,795.8625,181205.5971,363399.7151,202016.5972,89.698371,41.68758,29.787925,2.185096,1.13,7.958335,5.477853,765,19.41,2.12,17592.5704,5859.8327,8114.3627,5707.1971,9732.18,4024.9829,Private Sector Bank,59.4847399703607,-16.9965222690362,15.5,13.9,5,5.23198518794539,2011,4.63763464347807,TRUE,-0.59435054446732,0,151.708866382797,OK,60.1983735292412,15.5,13.9,7.86188237155002,6.85655166937235,36.237403409036,59.4847399703607,60.1983735292411
2011,ICICI BANK LTD,9480.65,10034.26,2407.36,3784.3512,17122.6191,5589.7002,216365.9014,406233.6688,225602.1077,95.905975,45.055641,24.681135,2.343168,1.35,9.654971,4.710205,735,19.54,1.11,16957.1515,6617.2492,9016.9013,3896.1684,9047.5446,5151.3762,Private Sector Bank,76.0085945550544,19.403542088491,19.9,10,6.75,4.63763464347807,2012,3.73444900663311,TRUE,-0.903185636844961,0,28.8778534790045,OK,38.8286570210459,19.9,10,8.49758687599316,8.02988178640115,40.1198616832315,76.0085945550544,38.8286570210459
2012,ICICI BANK LTD,10034.26,9475.33,1860.84,4669.6165,15791.677,5952.974,253727.6579,489068.7971,255499.9561,99.306341,43.451814,23.365858,2.397884,1.5,11.195621,5.946373,708,18.52,0.73,22808.4964,7850.4433,10734.1558,3921.2151,10386.4723,6465.2572,Private Sector Bank,80.3612116939463,17.267857947232,14.4,8.2,8.5,3.73444900663311,2013,3.31017009445336,TRUE,-0.424278912179753,0,13.5583732313222,OK,41.3834146145833,14.4,8.2,5.24131422482317,5.22332743548782,38.9523817758518,80.3612116939463,41.3834146145833
2013,ICICI BANK LTD,9475.33,9607.75,2230.56,4677.4823,14375.2486,7779.8916,290249.4351,536794.6811,292613.6257,99.192044,41.890138,20.600918,2.703364,1.7,13.099511,6.162573,735,18.74,0.77,26209.1848,9012.8837,13866.4121,4873.7569,13199.2296,8325.4727,Private Sector Bank,76.7837422913794,14.3940859669284,13.8,11.2,7.5,3.31017009445336,2014,3.10178855252957,TRUE,-0.208381541923781,0,-52.072924542273,OK,50.7273492753246,13.8,11.2,5.45638755164234,5.41917342231536,39.5016796432622,76.7837422913794,50.7273492753246
2014,ICICI BANK LTD,9607.75,10505.84,3297.96,5186.9228,16634.9034,11893.3895,338702.6492,594641.5839,331913.657,102.045409,42.89622,19.058532,2.912327,1.78,14.023052,5.722149,747,17.7,0.97,27702.5886,10308.8614,16475.5642,6784.0979,16594.5749,9810.477,Private Sector Bank,68.6083168980301,16.6936463057392,13,11.9,8,3.10178855252957,2015,3.89518199335973,TRUE,0.79339344083016,1,7.03809182176485,OK,64.5745404460757,13,11.9,6.38610640092723,6.05378518913893,35.1811624629026,68.6083168980301,64.5745404460757
2015,ICICI BANK LTD,10505.84,15094.69,6255.53,6677.7513,18975.1556,1928.4337,387522.0728,646129.2924,361562.7301,107.179762,45.463722,19.665792,3.068997,1.86,14.547201,5.852816,832,17.02,1.61,30051.5294,11495.8307,19039.6105,8544.5554,19719.9103,11175.3549,Private Sector Bank,58.5580757206673,14.4136527173051,11,6.5,7.5,3.89518199335973,2016,6.02421829052502,TRUE,2.12903629716529,1,14.3815463963381,OK,56.6063655497397,11,6.5,7.41022760516221,7.15478063868049,34.7632630741904,58.5580757206673,56.6063655497397
2016,ICICI BANK LTD,15094.69,26221.25,12963.08,6579.7469,20526.3419,15855.5805,435263.9419,720695.1047,421425.7086,103.283670886138,45.8206605243637,21.2365097362548,3.10559863359641,1.49,11.4315997005458,5.5042506721498,943,16.64,2.98,31515.3949,12683.5582,21224.0399,14137.246,23863.5333,9726.2873,Private Sector Bank,50.5626924727082,12.3197805882504,10.5,5.1,6.75,6.02421829052502,2017,9.08153301654113,TRUE,3.05731472601611,1,12.3197805882504,OK,53.9152252466988,10.5,5.1,7.99625378567371,8.02848944993222,34.4549951026575,50.5626924727082,53.9152252466988
2017,ICICI BANK LTD,26221.25,42159.39,25216.81,7193.9219,24508.4832,33565.42,464232.0842,771791.446,490039.0648,94.7336891171049,50.3678077176838,22.952464947273,2.91290005793417,1.35,10.3339801922332,5.01866188743263,989,17.39,5.43,32418.9585,14755.0576,21737.3208,16685.6557,26486.7463,9801.0906,Private Sector Bank,40.1869666520317,6.65530486480208,11.8,4.4,6.25,9.08153301654113,2018,10.3904507898931,TRUE,1.30891777335193,1,24.4660534539243,OK,39.577554846026,11.8,4.4,8.256306,7.972023,34.943218,40.1869666520317,39.577554846026
2018,ICICI BANK LTD,42159.39,53240.18,27823.56,8044.791,25057.5907,29533.6708,512395.2856,879189.1613,560975.2085,91.340094506155,51.6823709153272,18.1442278671894,2.78935389043198,0.87,6.60857362255647,4.45831631314345,1078,18.42,5.43,31940.0463,15703.9436,23025.8459,17964.112,24741.5349,6777.4229,Private Sector Bank,47.7395455838053,10.3748110135469,11,2.2,6,10.3904507898931,2019,7.78595518101873,TRUE,-2.60449560887433,0,10.3748110135469,OK,33.7416439989497,11,2.2,6.795383,6.231181,37.452479,47.7395455838053,33.7416439989497
2019,ICICI BANK LTD,53240.18,45676.04,13449.72,8703.8841,29154.1277,22457.9637,586646.5827,964459.1478,652919.6711,89.8497332316015,49.6141156773918,28.9163188711097,2.93058034622532,0.39,3.15023575147493,4.37017737627172,1222,16.89,2.29,36386.3951,18089.062,27014.7975,20074.5975,23437.8991,3363.3016,Private Sector Bank,70.5541023258584,14.4910187870003,10.6,0.7,6.25,7.78595518101873,2020,6.32724696139036,TRUE,-1.45870821962838,0,5.64804149145073,OK,43.9499516595572,10.6,0.7,6.45,5.81,37.347347,70.5541023258584,43.9499516595572
2020,ICICI BANK LTD,45676.0423,40829.09,9923.2411,9943.7514,25340.2078,69526.0969,645289.9697,1098365.1492,770968.9946,83.6985630057398,45.1144548011892,29.5836322837547,3.225390059,0.81,7.053609679,4.591337987,1274.81,16.11,1.54,41531.2517,21614.4109,33267.0649,20170.4636,28101.276,7930.8124,Private Sector Bank,75.6956593938292,9.99637409121141,6.4,6,4.4,6.32724696139036,2021,5.56628054337261,TRUE,-0.76096641801775,0,15.4735281705096,OK,49.402187508955,6.4,6,3.871437,3.944641,33.785447,75.6956593938292,49.402187508955
2021,ICICI BANK LTD,40829.09,40841.4196,9117.6637,7030.9617,39000.2285,40827.9266,733729.0904,1230432.6758,932522.1605,78.6822149091437,46.2855947217996,27.6913850300299,3.348,1.42,12.267,3.904,1492.01,19.12,1.24,40128.8374,21560.834,38989.4336,20204.4429,36397.127,16192.6841,Private Sector Bank,77.6754486271579,13.7053301388081,-1.2,7.3,4,5.56628054337261,2022,3.87591759036132,TRUE,-1.69036295301129,0,38.1821137738459,OK,49.4704716385519,-1.2,7.3,-5.777724706874,-4.145902641222,32.071601,77.6754486271579,49.470471638552
2022,ICICI BANK LTD,40841.4196,33294.9243,6931.0462,7120.8342,102401.9856,9511.1187,859020.439,1411297.742,1064571.6132,80.691654,48.699079,29.006072,3.593561,1.84,14.677948,3.334861,1669.43,19.16,0.81,38908.4507,26733.316,47466.0945,15910.8177,39250.3084,23339.4907,Private Sector Bank,79.1828744299022,17.0759685337944,18.9,4.2,4,3.87591759036132,2023,2.9408540315676,TRUE,-0.93506355879372,0,-67.9214353787842,OK,47.7875172703126,18.9,4.2,9.689592491912,9.375448587977,36.663675,79.1828744299022,47.7875172703126
2023,ICICI BANK LTD,33294.9243,29986.0742,5150.0699,8559.4376,59966.7345,15848.1884,1019638.305,1584206.652,1180840.697,86.348506,45.836991,27.537339,4.148123,2.16,17.184346,3.470905,1707.04,18.34,0.51,47102.736,32873.2391,62128.602,17190.3146,49086.8108,31896.4962,Private Sector Bank,82.8251278721907,18.6977932896426,14,6.7,6.5,2.9408540315676,2024,2.30612281930202,TRUE,-0.63473121226558,0,47.2041709752811,OK,57.3276597841541,14,6.7,7.609364977704,7.214814133485,35.24891,82.8251278721907,57.3276597841541
2024,ICICI BANK LTD,29986.0742,27313.86601,5377.7934,8751.6682,80960.0278,21989.4063,1184406.389,1871514.577,1412824.951,83.832494,42.175937,31.569067,4.300446,2.37,18.623047,4.461444,1683.2,16.33,0.45,68585.2236,39132.7336,74305.7184,17242.4843,58130.7537,40888.2694,Private Sector Bank,80.3111233026071,16.1594639189237,12,7,6.5,2.30612281930202,2025,1.75314476648215,TRUE,-0.552978052819863,0,45.040552755895,OK,63.1272200489205,12,7,9.190754930285,8.559254114773,34.642678,80.3111233026071,63.1272200489205
2025,ICICI BANK LTD,27313.86601,23523.10323,5589.413112,6274.2327,113653.8865,7884.3421,1341766.161,2118239.969,1610348.021,83.321502,41.837497,34.507533,4.068643,2.41,17.805528,4.671661,2006.3,16.55,0.42,82099.3438,42372.3243,81164.4376,20071.8235,67298.8162,47226.9927,Private Sector Bank,76.2386235466093,13.2859610908431,9.8,6.7,6.25,1.75314476648215,,,FALSE,,,7.55290388919074,OK,85.3281274317649,9.8,6.7,6.49476552384,6.414086697106,,76.2386235466093,85.3281274317649
2009,IDBI BANK LTD,1376.61,1435.69,948.96,410.5281,8180.9722,2314.6482,103444.4781,172402.321,112401.0127,92.031625,14.784724,21.981125,0.817829,0.62,9.410795,7.142412,2030.33,11.57,0.92,10305.7154,1337.914,1239.4064,519.3826,1377.9215,858.538899999999,Public Sector Bank,33.9021655092673,,12.6,10.2,5,1.38788461827041,2010,1.54077528679623,TRUE,0.152890668525819,0,40.0491032887129,OK,36.1765144286023,12.6,10.2,3.08669937408871,4.31239885000613,34.63759214019,33.9021655092673,36.1765144286023
2010,IDBI BANK LTD,1435.69,2129.38,1406.32,655.6648,13247.806,324.4384,138201.8532,233572.7502,167667.0776,82.426351,14.588737,22.434533,1.111448,0.53,10.527836,6.557802,2417.42,11.31,1.02,13005.2169,1831.4253,2256.1017,1695.2768,2726.4103,1031.1335,Public Sector Bank,33.9563628849712,33.600029444201,15.5,13.9,5,1.54077528679623,2011,1.7726061585695,TRUE,0.231830871773272,0,46.921769252701,OK,79.613634015535,15.5,13.9,7.86188237155002,6.85655166937235,36.237403409036,33.9563628849712,79.613634015535
2011,IDBI BANK LTD,2129.38,2784.73,1677.91,1234.6804,18324.3663,65.119,157098.0664,253376.7928,180485.7885,87.041793,20.875858,26.865836,1.753493,0.73,13.345393,5.738098,2346.41,13.64,1.06,14271.9265,2254.6934,4269.3131,2507.5304,4157.8498,1650.3194,Public Sector Bank,39.7460436020727,13.6729086929494,19.9,10,6.75,1.7726061585695,2012,2.52052505870208,TRUE,0.747918900132585,1,13.6729086929494,OK,90.0457279520815,19.9,10,8.49758687599316,8.02988178640115,40.1198616832315,39.7460436020727,90.0457279520815
2012,IDBI BANK LTD,2784.73,4551.37,2910.93,1614.344,13475.8673,1306.3112,180572.2972,290316.3344,210492.5606,85.785596,24.098057,26.818,1.671843,0.83,11.952238,7.175709,2383.31,14.58,1.61,18825.0823,2607.4532,4544.8476,2017.9672,4049.5784,2031.6112,Public Sector Bank,36.0427739340023,14.9424059365762,14.4,8.2,8.5,2.52052505870208,2013,3.28566894719916,TRUE,0.765143888497079,1,-15.6357524595931,OK,44.3375774766719,14.4,8.2,5.24131422482317,5.22332743548782,38.9523817758518,36.0427739340023,44.3375774766719
2013,IDBI BANK LTD,4551.37,6449.98,3100.36,1369.2239,9174.726,3277.086,196306.4479,322768.5106,227116.4745,86.434262,25.118944,17.529999,1.752812,0.72,9.25677,6.985218,2564.37,13.13,1.58,19691.1888,3134.3639,5373.1116,3576.1698,5458.2535,1882.0837,Public Sector Bank,51.9322540535009,8.71349090861542,13.8,11.2,7.5,3.28566894719916,2014,5.03837389527763,TRUE,1.75270494807847,1,33.2429456984062,OK,55.4446649446975,13.8,11.2,5.45638755164234,5.41917342231536,39.5016796432622,51.9322540535009,55.4446649446975
2014,IDBI BANK LTD,6449.98,9960.16,4902.3,1385.4732,11325.6402,116.0701,197686.0036,328988.3556,235773.6325,83.845679,22.628363,20.836806,1.847767,0.41,4.997858,6.682005,2465.3,11.68,2.48,20576.0381,3318.8368,6021.4756,4559.9904,5681.3931,1121.4027,Public Sector Bank,50.7809111500217,0.70275618287523,13,11.9,8,5.03837389527763,2015,6.08751835703413,TRUE,1.0491444617565,1,0.702756182875233,OK,45.7823006859328,13,11.9,6.38610640092723,6.05378518913893,35.1811624629026,50.7809111500217,45.7823006859328
2015,IDBI BANK LTD,9960.16,12684.98,5992.52,1804.1912,11348.6354,84.0952,208376.8665,356143.9993,259835.9739,80.195542,25.060995,24.50368,1.677893,0.29,3.642426,7.127164,2621,11.76,2.88,22406.0995,4027.4178,5747.8925,4854.7184,5728.1068,873.3884,Public Sector Bank,52.758932217473,5.40800193504443,11,6.5,7.5,6.08751835703413,2016,11.521915151544,TRUE,5.43439679450987,1,29.1356528217075,OK,38.2713918350679,11,6.5,7.41022760516221,7.15478063868049,34.7632630741904,52.758932217473,38.2713918350679
2016,IDBI BANK LTD,12684.97,24875.06,14643.39,1585.6281,12237.2791,8463.712,215893.4489,375389.8307,265719.8313,81.2485270082286,25.9686853489283,25.5563653186885,1.66470808328851,-1.09,-14.0848596766642,6.4586346234122,2518,11.67,6.78,21953.8077,4129.5842,6088.9514,9034.8693,5370.0668,-3664.8025,Public Sector Bank,41.1322424950935,3.60720579316323,10.5,5.1,6.75,11.521915151544,2017,23.4520490376279,TRUE,11.9301338860839,1,-1.30300693843756,OK,36.3209950046352,10.5,5.1,7.99625378567371,8.02848944993222,34.4549951026575,41.1322424950935,36.3209950046352
2017,IDBI BANK LTD,24875.07,44752.59,25205.8,2137.5735,11209.3436,18507.6765,190825.9271,361874.4732,268538.0959,71.0610263547341,31.4552744990995,31.7358849084821,1.56027130828787,-1.37,-20.5154404281163,6.41573076503337,2345,10.7,13.21,22039.7056,5140.8095,5751.6617,9776.8262,4618.6866,-5158.1396,Public Sector Bank,43.6774497297251,-11.6110618120752,11.8,4.4,6.25,23.4520490376279,2018,32.3676882321305,TRUE,8.91563919450259,1,87.5908762638421,OK,21.84639190715,11.8,4.4,8.256306,7.972023,34.943218,43.6774497297251,21.84639190715
2018,IDBI BANK LTD,44752.59,55588.25,28665.14,1495.8857,11667.8005,16844.8533,171739.9451,350085.7228,247931.6111,69.2690796216102,37.1481840058111,36.680814392551,1.58394225390592,-2.46,-37.6389472913302,5.1050176695068,2277,10.41,16.69,17386.2083,4744.6876,5640.3242,16147.1361,7909.2165,-8237.9196,Public Sector Bank,48.4330951235198,-10.0017761160926,11,2.2,6,32.3676882321305,2019,34.0811981459455,TRUE,1.713509913815,1,-7.2825439427207,OK,29.047750378902,11,2.2,6.795383,6.231181,37.452479,48.4330951235198,29.047750378902
2019,IDBI BANK LTD,55588.25,50027.94,14837.44,2057.3818,10673.0866,7693.8593,146790.4379,320284.494,227371.7247,64.5596712140346,42.5428509317192,45.5601324968866,1.76189656163138,-4.68,-51.3972359769839,5.27063046124744,2084,11.58,10.11,16165.622,5153.7875,5905.6149,19168.4186,4052.1246,-15116.294,Private Sector Bank,70.341693061917,-14.527492241524,10.6,0.7,6.25,34.0811981459455,2020,36.4076700316456,TRUE,2.32647188570019,1,93.2643091506413,OK,38.3154265396496,10.6,0.7,6.45,5.81,37.347347,70.341693061917,38.3154265396496
2020,IDBI BANK LTD,50027.94,47272.37,5439.49,2139.851098,8398.983001,11260.541369,129841.788719,299928.100468,222424.125156,58.3757668499016,47.7412163179348,47.3987739295479,2.250134789,-4.26,-35.98000873,4.934015326,1851,13.31,4.19,13847.30414,6336.16018,6977.809678,17999.344423,5112.013312,-12887.331111,Private Sector Bank,88.4932995743603,-11.5461534303387,6.4,6,4.4,36.4076700316456,2021,28.2572349702742,TRUE,-8.15043506137139,0,5.82095836459782,OK,38.0758240447856,6.4,6,3.871437,3.944641,33.785447,88.4932995743603,38.0758240447856
2021,IDBI BANK LTD,47272,36211.63,2519.38,3092.146872,9920.656391,14809.913602,128149.941203,297764.076618,230851.777883,55.5117843917792,50.441683667265,49.8163491755902,2.852,0.46,3.838,4.084,1966,15.59,1.97,11414.206531,6047.501673,8523.998128,5675.632887,7035.097029,1359.464142,Private Sector Bank,93.0426219421771,-1.30300693843756,-1.2,7.3,4,28.2572349702742,2022,24.9096004272548,TRUE,-3.34763454301947,0,40.9340114737648,OK,15.6735084474242,-1.2,7.3,-5.777724706874,-4.145902641222,32.071601,93.0426219421771,15.6735084474242
2022,IDBI BANK LTD,36212,34115,1861.38,2230.621157,25564.74383,442.181024,136955.227763,301602.752889,233134.415939,58.745178,56.773766,42.212829,3.057392,0.84,6.216836,3.34427,2020,19.06,1.36,9129.41099,6357.23439,9162.496223,5055.886859,7495.157214,2439.270355,Private Sector Bank,94.5438077092188,6.87108123292208,18.9,4.2,4,24.9096004272548,2023,6.74734158324742,TRUE,-18.1622588440074,0,-98.3487823358276,OK,14.820128562216,18.9,4.2,9.689592491912,9.375448587977,36.663675,94.5438077092188,14.820128562216
2023,IDBI BANK LTD,34115,10969,1495,2488.6586,14150.5256,1047.1334,162567.7293,330502.1721,255490.0509,63.629769,53.01762,34.658989,3.616663,1.2,8.381406,3.204175,2231,20.44,0.92,9139.2316,7066.7,11430.5523,5090.7433,8735.836,3645.0927,Private Sector Bank,86.3706810101194,18.7013682904622,14,6.7,6.5,6.74734158324742,2024,4.72747903172588,TRUE,-2.01986255152154,0,2.34448505933456,OK,46.4102771446805,14,6.7,7.609364977704,7.214814133485,35.24891,86.3706810101194,46.4102771446805
2024,IDBI BANK LTD,10969,8917,644,1772.5842,12218.375,7979.0813,188620.6145,363578.1682,277657.2234,67.932904,50.43156,33.685203,4.087838,1.65,11.836288,3.976881,2350,22.26,0.34,12239.6949,8205.2963,14186.4391,3957.9561,9592.0498,5634.0937,Private Sector Bank,92.7778400807446,16.0258652268695,12,7,6.5,4.72747903172588,2025,3.06548804257373,TRUE,-1.66199098915215,0,-34.1433567418724,OK,44.3866333968824,12,7,9.190754930285,8.559254114773,34.642678,92.7778400807446,44.3866333968824
2025,IDBI BANK LTD,8917,6695,337,1389.925297,19904.22848,14550.31303,218399.1556,411661.3146,310293.5516,70.38469,46.562085,29.260584,3.773405,1.98,13.647472,4.337342,2565,25.05,0.15,14275.57262,8471.845625,14626.46083,3563.425768,11078.60296,7515.177192,Private Sector Bank,94.9663928304705,15.7875326506266,9.8,6.7,6.25,3.06548804257373,,,FALSE,,,15.7875326506266,OK,53.2251795070948,9.8,6.7,6.49476552384,6.414086697106,,94.9663928304705,53.2251795070948
2005,INDIAN BANK,1191.78,748.35,247.42,87.7034,1874.3403,8.9285,18380.1028,43860.7044,34808.4353,52.803588,34.859272,42.932513,3.140771,1.08,7.120064,4.620965,246,14.14,1.35,1567.0035,914.4021,1303.6519,549.5816,958.0667,408.4851,Public Sector Bank,66.9379301129151,,14.1,2.6,6,4.07152238560929,2006,2.97531988191121,TRUE,-1.09620250369808,0,27.2376180509982,OK,73.4391127146389,14.1,2.6,7.92293807295951,7.05093547208952,29.739689583569,66.9379301129151,73.4391127146389
2006,INDIAN BANK,748.35,668.99,176.66,90.5528,2212.433,7.7405,22484.6412,47635.2707,40805.5248,55.101953,34.815683,46.357603,3.301081,1.16,11.971793,4.576714,295,13.19,0.79,1854.3383,1079.761,1510.1783,389.1736,893.6509,504.4773,Public Sector Bank,73.5930282963871,22.3314224336112,14,3.9,6.5,2.97531988191121,2007,1.87833956668182,TRUE,-1.0969803152294,0,0.13986859414461,OK,58.1733060284907,14,3.9,7.92342866735518,8.28129114504204,32.8676900977815,73.5930282963871,58.1733060284907
2007,INDIAN BANK,668.99,545.81,102.13,141.0712,3588.3794,713.0737,29058.1112,56148.6464,47090.9063,61.706417,35.414401,45.101454,3.434404,1.46,23.997078,5.048615,364,14.14,0.35,2412.6167,1246.6499,1782.1796,598.8263,1358.5935,759.7672,Public Sector Bank,81.2883604184606,29.2353786815153,17.1,7.8,7.75,1.87833956668182,2008,1.22207760633075,TRUE,-0.65626196035106,0,29.2353786815153,ABOVE_100_SUSPECT,109.713325149777,17.1,7.8,8.06072889963741,8.05441849702261,33.498253505701,81.2883604184606,109.713325149777
2008,INDIAN BANK,545.81,486.86,97.59,189.4832,6243.4614,108.2719,39838.7138,70507.6872,61045.9473,65.260211,32.345426,37.640432,3.243269,1.64,22.413284,5.510701,488,12.74,0.24,3159.0767,1400.2941,2053.9026,650.557,1659.2963,1008.7393,Public Sector Bank,79.9552232674691,37.1001491659238,15.1,7.5,7.75,1.22207760633075,2009,0.893406504152279,TRUE,-0.328671102178476,0,37.1001491659238,ABOVE_100_SUSPECT,133.623012775747,15.1,7.5,7.66082415755608,7.3833652744116,38.7091453329433,79.9552232674691,133.623012775747
2009,INDIAN BANK,486.87,459.18,93.81,248.026,5963.5491,59.3279,51396.5365,84053.8313,72581.831,70.811849,31.632378,35.51506,3.37537,1.62,20.255072,6.078735,617,13.98,0.18,4221.8182,1588.1262,2608.5117,810.5072,2055.8302,1245.323,Public Sector Bank,79.5701032274925,29.0115357589682,12.6,10.2,5,0.893406504152279,2010,0.820807315148074,TRUE,-0.0725991890042047,0,29.0115357589682,CAPPED_AT_150_SUSPECT,176.511868983841,12.6,10.2,3.08669937408871,4.31239885000613,34.63759214019,79.5701032274925,150
2010,INDIAN BANK,459.18,510.1,144.93,303.7905,6756.9262,569.84,62146.1323,101389.3147,88227.6581,70.438379,32.206644,34.8372,3.409331,1.67,20.184123,5.564554,761,12.71,0.23,4553.1838,1730.2459,3161.1857,1192.3607,2747.3478,1554.9871,Public Sector Bank,71.5879239364831,20.915019828233,15.5,13.9,5,0.820807315148074,2011,0.983801898616601,TRUE,0.162994583468527,0,46.9158433781778,CAPPED_AT_150_SUSPECT,233.750382277985,15.5,13.9,7.86188237155002,6.85655166937235,36.237403409036,71.5879239364831,150
2011,INDIAN BANK,510.1,740.31,397.04,249.7111,6628.2274,27.8296,75249.9056,121718.3058,105804.1827,71.121863,30.915726,34.291534,3.618085,1.53,19.266609,5.291112,930,13.56,0.53,5324.9158,1926.3164,4036.1122,1577.6097,3291.6843,1714.0746,Public Sector Bank,46.3684132322946,21.0854204679122,19.9,10,6.75,0.983801898616601,2012,2.04905474343945,TRUE,1.06525284482285,1,21.0854204679122,CAPPED_AT_150_SUSPECT,213.101227864003,19.9,10,8.49758687599316,8.02988178640115,40.1198616832315,46.3684132322946,150
2012,INDIAN BANK,740.31,1850.78,1196.83,300.1695,6018.7025,676.7813,90323.5995,141419.1998,120803.7995,74.76884,30.55186,32.980554,3.357942,1.31,17.192406,6.584544,1114,13.47,1.33,7813.3208,2186.9974,4418.0022,1716.1982,3463.1652,1746.967,Public Sector Bank,35.3337511751802,20.0315120395314,14.4,8.2,8.5,2.04905474343945,2013,3.37504169295548,TRUE,1.32598694951603,1,-10.0262179210795,OK,92.7283739828613,14.4,8.2,5.24131422482317,5.22332743548782,38.9523817758518,35.3337511751802,92.7283739828613
2013,INDIAN BANK,1850.78,3565.48,2384.3,435.9129,6628.3306,1165.264,105642.5468,162822.6048,141980.155,74.406558,27.600259,34.174983,2.977273,1.02,13.88553,6.866915,1301,13.08,2.26,9368.3742,2750.8608,4529.0543,1480.2095,3061.3456,1581.1361,Public Sector Bank,33.1282183605012,16.9600717695047,13.8,11.2,7.5,3.37504169295548,2014,3.73311337962188,TRUE,0.358071686666402,0,24.0274695059132,OK,41.5150134063296,13.8,11.2,5.45638755164234,5.41917342231536,39.5016796432622,33.1282183605012,41.5150134063296
2014,INDIAN BANK,3565.48,4562.2,2763.65,260.1706,7497.5096,0.3671,122208.9858,187226.2208,162274.8193,75.309889,27.151809,33.407268,2.49132,0.67,8.968959,6.980035,1453,12.64,2.26,10888.7866,2831.5026,4360.4186,1741.655,2900.6,1158.945,Public Sector Bank,39.4228661610626,15.6815975208958,13,11.9,8,3.73311337962188,2015,4.50522823265321,TRUE,0.77211485303133,1,15.6815975208958,OK,38.1757704616194,13,11.9,6.38610640092723,6.05378518913893,35.1811624629026,39.4228661610626,38.1757704616194
2015,INDIAN BANK,4562.2,5670.44,3146.95,401.0209,7900.049,12.3166,125863.5458,192835.9731,169225.2717,74.37633,28.773439,36.631889,2.347661,0.54,6.940251,6.763878,1443,12.86,2.5,11391.6546,2810.9259,4461.2853,2008.5416,3013.7159,1005.1743,Public Sector Bank,44.5025430125352,2.99041840178664,11,6.5,7.5,4.50522823265321,2016,6.8400644569356,TRUE,2.33483622428239,1,42.226867515864,OK,35.4212653691777,11,6.5,7.41022760516221,7.15478063868049,34.7632630741904,44.5025430125352,35.4212653691777
2016,INDIAN BANK,5670.44,8827.04,5419.4,537.1302,8637.3211,6.2942,129049.0763,203710.382,178285.8426,72.3832439065467,31.2751765293561,36.0255504595193,2.24245137690335,0.36,4.53757129248804,6.64572925862245,1531,13.2,4.2,11797.6039,3195.5035,4446.1796,2320.709,3032.0924,711.3834,Public Sector Bank,38.6045605321829,2.5309397409333,10.5,5.1,6.75,6.8400644569356,2017,7.72529010773921,TRUE,0.885225650803613,1,6.87108123292208,OK,26.2909083905817,10.5,5.1,7.99625378567371,8.02848944993222,34.4549951026575,38.6045605321829,26.2909083905817
2017,INDIAN BANK,8827.04,9865.14,5606.57,162.3473,5426.353,11.2058,127699.282,218233.147,182509.2825,69.9686504986397,37.081827331166,42.1029624896403,2.4392149879374,0.67,8.41174176839642,5.85201820400095,1488,13.64,4.39,10893.6906,3356.7195,5146.0549,2595.0298,4000.707,1405.6772,Public Sector Bank,43.1678617840193,-1.04595425143698,11.8,4.4,6.25,7.72529010773921,2018,7.65805841227303,TRUE,-0.0672316954661785,0,3.72738864883579,OK,26.305047875651,11.8,4.4,8.256306,7.972023,34.943218,43.1678617840193,26.305047875651
2018,INDIAN BANK,9865.14,11990.14,5959.56,499.6962,10001.904,0.5449,156568.9285,252715.8226,208294.2217,75.1671972569175,36.9502805559584,39.5968605610021,2.6599713787759,0.53,7.07092195498552,5.21788074591169,1856,12.55,3.81,10850.0931,3668.4013,6263.5539,3741.9971,5000.9899,1258.9928,Public Sector Bank,50.2961600114761,22.60752452782,11,2.2,6,7.65805841227303,2019,7.3669365081685,TRUE,-0.291121904104534,0,-5.21002149805836,OK,31.2089525226561,11,2.2,6.795383,6.231181,37.452479,50.2961600114761,31.2089525226561
2019,INDIAN BANK,11990.14,13353.45,6793.11,1030.7547,10671.1096,2232.1281,181261.9124,280065.2737,242075.9468,74.8781177130978,34.7088544775651,36.1393292350589,2.63451280412856,0.12,1.70177954473325,4.98716228803685,2174,13.21,3.75,12166.7197,4020.3666,7018.0931,4558.664,4880.6161,321.9521,Public Sector Bank,49.128427485032,15.771318189739,10.6,0.7,6.25,7.3669365081685,2020,7.15096074862902,TRUE,-0.215975759539476,0,11.3905051761855,OK,34.1384735779892,10.6,0.7,6.45,5.81,37.347347,49.128427485032,34.1384735779892
2020,INDIAN BANK,13353.434519,14150.822519,6184.2444,1006.0885,4730.0358,2108.6533,197887.0115,309468.1744,260225.897,76.0443191017226,34.6461026129156,45.6906133528627,2.580486697,0.26,3.632571103,5.174618911,2461.84,14.12,3.13,13798.5531,4420.8392,7606.4161,5744.683,6498.0412,753.3582,Public Sector Bank,56.2976329347884,9.17186566106205,6.4,6,4.4,7.15096074862902,2021,10.6034266947747,TRUE,3.45246594614565,1,-2.87179167561361,OK,40.5961066382307,6.4,6,3.871437,3.944641,33.785447,56.2976329347884,40.5961066382307
2021,INDIAN BANK,41997.71,38455.35,12271.13,1658.2776,25886.8041,8929.3743,362669.0796,623426.6658,538071.1149,67.4017001762679,42.298286285503,43.097545473794,2.631,0.5,8.214,4.328,2217,15.71,3.37,23439.839,10349.5528,15665.9475,7961.9066,10966.5843,3004.6777,Public Sector Bank,68.089927669362,83.2707851065809,-1.2,7.3,4,10.6034266947747,2022,9.0481785782508,TRUE,-1.55524811652387,0,10.1013911615687,OK,20.7042884800164,-1.2,7.3,-5.777724706874,-4.145902641222,32.071601,68.089927669362,20.7042884800164
2022,INDIAN BANK,38455.35,35214.25,8848.64,1962.3975,56592.2122,12.0412,389186.0632,671668.0551,593617.8137,65.561722,41.765288,41.986898,2.583278,0.63,9.607366,3.699878,2520,16.53,2.27,22128.2705,10926.5028,16727.9502,8772.0765,12716.8971,3944.8206,Public Sector Bank,74.8719907423841,7.31161962559546,18.9,4.2,4,9.0481785782508,2023,6.27191962156924,TRUE,-2.77625895668156,0,60.7844336546908,OK,24.9105873332529,18.9,4.2,9.689592491912,9.375448587977,36.663675,74.8719907423841,24.9105873332529
2023,INDIAN BANK,35214.25,28179.53,4043.07,1242.4809,31450.1492,5009.7763,449296.7337,710500.7312,621165.7565,72.331214,41.987092,37.840898,2.926627,0.77,11.521842,3.817018,2661,16.49,0.9,24716.7504,12097.9028,20225.4625,9988.9202,15270.6223,5281.7021,Public Sector Bank,85.6524576527713,15.445226893726,14,6.7,6.5,6.27191962156924,2024,4.09919559445795,TRUE,-2.17272402711129,0,15.445226893726,OK,35.4474336513065,14,6.7,7.609364977704,7.214814133485,35.24891,85.6524576527713,35.4474336513065
2024,INDIAN BANK,28179.53,21106.31,2222.58,1304.1513,31398.608,2000.6385,514889.0682,792619.1227,688000.0037,74.838527,40.768467,38.67094,3.096664,1.07,15.161475,4.658488,2985,16.44,0.43,32341.4951,14300.4559,23273.2825,8776.6081,16839.5472,8062.9391,Public Sector Bank,89.4695946378121,14.5988896825136,12,7,6.5,4.09919559445795,2025,3.18329138112367,TRUE,-0.915904213334282,0,71.4130616220588,OK,41.5828636080869,12,7,9.190754930285,8.559254114773,34.642678,89.4695946378121,41.5828636080869
2025,INDIAN BANK,21106.31,18178.86,1109.56,1312.6097,30635.0391,4.2584,571071.1909,873410.6612,737153.5639,77.469773,38.371043,38.531189,3.022319,1.32,17.100171,4.869929,3242,17.94,0.19,36825.7882,15401.6446,25176.3698,8079.9122,18998.2062,10918.294,Public Sector Bank,93.8964269486645,10.9115003929695,9.8,6.7,6.25,3.18329138112367,,,FALSE,,,-39.6374542098935,OK,44.4467485859949,9.8,6.7,6.49476552384,6.414086697106,,93.8964269486645,44.4467485859949
2005,INDIAN OVERSEAS BANK,1575.85,1388.15,319.2,295.9798,3879.4567,12.8397,25205.1881,50815.0422,44241.2386,56.972157,38.882486,39.160003,3.781489,1.28,27.977678,4.645017,269.48,14.2,1.27,2095.5263,1158.526,1855.5213,845.1931,1496.5524,651.3593,Public Sector Bank,77.0053668551669,,14.1,2.6,6,5.5073978995618,2006,3.53188764276341,TRUE,-1.97551025679839,0,2.64366814278876,OK,60.8862947087851,14.1,2.6,7.92293807295951,7.05093547208952,29.739689583569,77.0053668551669,60.8862947087851
2006,INDIAN OVERSEAS BANK,1388.15,1227.55,224.33,315.303,2762.6554,14.547,34756.2019,59357.8117,50529.315,68.784233,39.914351,39.468357,3.752611,1.32,27.234299,4.612515,354.73,13.04,0.65,2339.0981,1261.5713,2067.1791,563.3932,1346.7374,783.3442,Public Sector Bank,81.7253879679035,37.8930471064408,14,3.9,6.5,3.53188764276341,2007,2.38037227398066,TRUE,-1.15151536878275,0,-68.261656703427,OK,45.895743554234,14,3.9,7.92342866735518,8.28129114504204,32.8676900977815,81.7253879679035,45.895743554234
2007,INDIAN OVERSEAS BANK,1227.55,1120.21,257.83,468.5939,4217.514,1102.1137,47060.286,82256.8284,68740.4149,68.46087,34.856903,38.218914,3.616575,1.36,28.137896,4.856968,467.23,13.27,0.55,3271.2737,1387.8105,2560.7998,551.6027,1560.0375,1008.4348,Public Sector Bank,76.9837798269967,35.4011181526713,17.1,7.8,7.75,2.38037227398066,2008,1.65052971110015,TRUE,-0.729842562880505,0,35.4011181526713,OK,49.2410083823569,17.1,7.8,8.06072889963741,8.05441849702261,33.498253505701,76.9837798269967,49.2410083823569
2008,INDIAN OVERSEAS BANK,1120.21,996.95,363.2,593.8584,8530.3744,248.9969,60401.8209,101837.7161,84325.5829,71.629295,33.4525,33.613484,2.661646,1.3,27.15175,6.248586,582.7,11.93,0.6,5288.7923,1485.2945,2449.9727,799.4454,2001.7811,1202.3357,Public Sector Bank,63.5688850995536,28.3498806190851,15.1,7.5,7.75,1.65052971110015,2009,2.56847566045984,TRUE,0.917945949359688,1,32.0667279717919,OK,80.1891168062591,15.1,7.5,7.66082415755608,7.3833652744116,38.7091453329433,63.5688850995536,80.1891168062591
2009,INDIAN OVERSEAS BANK,996.95,1923.41,999.14,679.9693,5260.4749,1350.1386,74885.2726,121073.3987,100115.8896,74.798589,30.252061,32.441733,2.574649,1.17,22.065245,6.458233,689.5,13.2,1.33,6771.8135,1941.6943,2869.5898,1197.9347,2523.7263,1325.7916,Public Sector Bank,48.0537170961989,23.9785017805647,12.6,10.2,5,2.56847566045984,2010,4.57103598569561,TRUE,2.00256032523577,1,70.1322097265354,OK,62.2818171892628,12.6,10.2,3.08669937408871,4.31239885000613,34.63759214019,48.0537170961989,62.2818171892628
2010,INDIAN OVERSEAS BANK,1923.41,3611.08,1994.97,670.3273,6996.1199,712.768,78999.1593,131091.6294,110794.711,71.302284,32.548666,34.477867,2.512532,0.53,9.634551,5.947342,712,14.78,2.52,7077.9095,2466.4971,3167.864,1137.6591,1844.6206,706.9615,Public Sector Bank,44.7542009592698,5.49358579753638,15.5,13.9,5,4.57103598569561,2011,2.76268241181364,TRUE,-1.80835357388197,0,38.7202551330173,OK,31.5046772710657,15.5,13.9,7.86188237155002,6.85655166937235,36.237403409036,44.7542009592698,31.5046772710657
2011,INDIAN OVERSEAS BANK,3611.08,3089.59,1328.42,979.5678,9031.3265,147.25,111832.9775,178784.2785,145228.7511,77.004709,30.20147,29.19367,2.715942,0.71,12.730845,5.275535,1005,14.55,1.19,7893.4395,2572.4949,4208.0255,1788.0904,2860.6331,1072.5427,Public Sector Bank,57.0033564324069,41.5622374857349,19.9,10,6.75,2.76268241181364,2012,2.78563544485782,TRUE,0.0229530330441845,0,41.5622374857349,OK,57.8746824012248,19.9,10,8.49758687599316,8.02988178640115,40.1198616832315,57.0033564324069,57.8746824012248
2012,INDIAN OVERSEAS BANK,3089.59,3920.07,1907.44,1188.1165,9010.7959,3499.447,140724.4443,219637.126,178434.1764,78.866306,26.423911,30.034089,2.518023,0.52,9.88234,6.941998,1176,13.32,1.35,12872.9396,3163.0695,5016.172,2484.0193,3534.1455,1050.1262,Public Sector Bank,51.3416852250087,25.8344787430881,14.4,8.2,8.5,2.78563544485782,2013,4.12059762464155,TRUE,1.33496217978373,1,3.06945220016797,OK,63.3667077373618,14.4,8.2,5.24131422482317,5.22332743548782,38.9523817758518,51.3416852250087,63.3667077373618
2013,INDIAN OVERSEAS BANK,3920.07,6607.96,4027.21,1119.2318,8718.5932,3864.577,160364.1171,244656.0347,202135.348,79.335019,26.510206,31.065189,2.262342,0.24,4.468997,7.290643,1288,11.85,2.5,15424.7761,3407.8437,5251.9494,3249.7824,3817.0101,567.2277,Public Sector Bank,39.0551698254832,13.9561203440474,13.8,11.2,7.5,4.12059762464155,2014,5.12872315445416,TRUE,1.00812552981261,1,9.4052926978282,OK,49.1798134371273,13.8,11.2,5.45638755164234,5.41917342231536,39.5016796432622,39.0551698254832,49.1798134371273
2014,INDIAN OVERSEAS BANK,6607.96,9020.48,5658.12,1111.9423,10623.1552,5934.2632,175881.5933,274898.6666,227976.0866,77.149141,25.338823,32.043907,2.146769,0.23,4.062042,7.165039,1367,10.78,3.2,17106.9153,3748.9181,5576.8185,3395.5029,3997.2443,601.7414,Public Sector Bank,37.2747348256412,9.67640172914967,13,11.9,8,5.12872315445416,2015,8.68816705689326,TRUE,3.5594439024391,1,9.67640172914967,OK,37.6421531891873,13,11.9,6.38610640092723,6.05378518913893,35.1811624629026,37.2747348256412,37.6421531891873
2015,INDIAN OVERSEAS BANK,9020.48,14922.45,9813.33,1489.7016,11148.0731,8188.5517,171756.0206,285636.9835,246048.7215,69.805695,25.093197,34.93163,1.921005,-0.16,-2.856385,7.27634,1324,10.11,5.68,18554.3759,4200.2135,5383.9586,3776.6669,3322.3418,-454.325100000002,Public Sector Bank,34.2378094749857,-2.34565347208508,11,6.5,7.5,8.68816705689326,2016,18.6799112384638,TRUE,9.99174418157058,1,-68.1971533208832,OK,25.3086249241914,11,6.5,7.41022760516221,7.15478063868049,34.7632630741904,34.2378094749857,25.3086249241914
2016,INDIAN OVERSEAS BANK,14922.45,30048.63,19212.58,1825.3872,12208.1052,5756.8519,160860.668,274436.7636,224514.2396,71.648314283581,28.7221971376465,37.0648541631072,1.92213772842273,-0.97,-18.5092340112804,6.90649938193786,1241,9.67,11.89,18134.6005,5025.4957,5382.6944,5782.7832,2885.4557,-2897.3275,Public Sector Bank,36.0617106337294,-6.34350549223192,10.5,5.1,6.75,18.6799112384638,2017,24.9883278255201,TRUE,6.30841658705628,1,18.7013682904622,OK,19.2447482630656,10.5,5.1,7.99625378567371,8.02848944993222,34.4549951026575,36.0617106337294,19.2447482630656
2017,INDIAN OVERSEAS BANK,30048.63,35098.26,19749.32,1155.7885,10344.1768,5193.33,140458.6183,247167.4874,211342.6267,66.4601460165348,36.0876345159952,40.89282252323,1.98985345309235,-1.21,-23.2349297312824,5.97716058052611,1228,10.49,13.99,14529.0188,4912.0123,5189.5801,7066.9417,3650.2031,-3416.7386,Public Sector Bank,43.7313416676496,-12.6830566810776,11.8,4.4,6.25,24.9883278255201,2018,28.8176402127362,TRUE,3.82931238721606,1,-93.2353132209621,OK,20.1347351692078,11.8,4.4,8.256306,7.972023,34.943218,43.7313416676496,20.1347351692078
2018,INDIAN OVERSEAS BANK,35098.26,38180.15,20399.66,1449.0835,10130.3669,13401.335,132488.8149,247968.0302,216831.8111,61.1021114604341,36.7463837966347,45.2000795276191,2.20851613574489,-2.33,-46.6308889499712,5.36876267488381,1310,9.26,15.33,12447.6391,5584.9254,5467.5739,9928.5752,3629.0847,-6299.4905,Public Sector Bank,46.5699846648062,-5.67412914669118,11,2.2,6,28.8176402127362,2019,25.1875694163993,TRUE,-3.6300707963369,0,2.92592575257507,OK,26.0045473891538,11,2.2,6.795383,6.231181,37.452479,46.5699846648062,26.0045473891538
2019,INDIAN OVERSEAS BANK,38180.15,33398.12,14368.3,1028.5328,9263.9994,18758.468,132597.6296,250008.3577,222534.0772,59.585314423925,38.2985589768361,46.1822452518412,2.12023442407077,-1.35,-25.2270941002254,5.25678565747681,1421,10.21,10.81,12352.1278,4451.5816,5279.1334,8771.7537,5033.8727,-3737.881,Public Sector Bank,56.9787161672573,0.0821312350647307,10.6,0.7,6.25,25.1875694163993,2020,16.4115560421358,TRUE,-8.77601337426349,0,15.8177030903839,OK,26.2642139737207,10.6,0.7,6.45,5.81,37.347347,56.9787161672573,26.2642139737207
2020,INDIAN OVERSEAS BANK,33398.12,19912.7,6602.8,1447.691683,1707.529591,14832.874,121333.406466,260726.830675,222951.880026,54.4213426017536,40.2557065917244,55.5586850797682,2.076550105,-2.95,-52.45235747,5.194622807,1438,10.72,5.44,12103.276369,5128.834196,5302.836046,12061.084219,3533.680744,-8527.403475,Public Sector Bank,66.8412621091063,-8.49504110139838,6.4,6,4.4,16.4115560421358,2021,12.7803762865796,TRUE,-3.63117975555617,0,83.2855479072633,OK,60.5698083082656,6.4,6,3.871437,3.944641,33.785447,66.8412621091063,60.5698083082656
2021,INDIAN OVERSEAS BANK,19912.7,16323.18,4577.59,959.833613,11228.420341,12931.7,127720.652616,274010.35355,240288.295565,53.1530894235548,42.5176673923194,65.0395135982837,2.206,0.31,5.024,4.62,1612,15.32,3.58,11067.0242,5561.7212,5898.5083,5064.3353,5895.8055,831.4702,Public Sector Bank,71.9565060239488,5.2642106869305,-1.2,7.3,4,12.7803762865796,2022,10.6061052291446,TRUE,-2.17427105743504,0,18.0600339828084,OK,31.0254209045051,-1.2,7.3,-5.777724706874,-4.145902641222,32.071601,71.9565060239488,31.0254209045051
2022,INDIAN OVERSEAS BANK,16323.18,15298.62,3824.63,1153.899845,21595.09366,159.6,144243.52455,299377.168998,262158.924841,55.021405,43.438029,56.884144,2.201352,0.59,8.559438,4.067929,1869,13.83,2.65,10418.7285,5451.243615,6311.1377,4053.3713,5762.913985,1709.542685,Public Sector Bank,75.0001634134321,12.9367268296671,18.9,4.2,4,10.6061052291446,2023,7.90302903664234,TRUE,-2.70307619250225,0,0.659364930989237,OK,26.4950126220535,18.9,4.2,9.689592491912,9.375448587977,36.663675,75.0001634134321,26.4950126220535
2023,INDIAN OVERSEAS BANK,15298.62,14071.5466,3266.01,1124.4187,16023.67604,177.785,178052.5737,313733.986,260883.2905,68.249896,43.74094,51.560019,2.692785,0.76,8.697226,4.028589,2021,16.1,1.83,11145.4445,6421.463183,8254.8817,3843.380747,5942.166617,2098.78587,Public Sector Bank,76.7899713312252,23.4388678836536,14,6.7,6.5,7.90302903664234,2024,3.18510431363771,TRUE,-4.71792472300463,0,38.0443512620634,OK,27.3131366171221,14,6.7,7.609364977704,7.214814133485,35.24891,76.7899713312252,27.3131366171221
2024,INDIAN OVERSEAS BANK,14071.5466,6794.4266,1216.85,1263.617336,15640.94556,610.095,213318.8094,352033.6188,285905.3782,74.611681,43.898541,50.459721,2.952806,0.81,9.982568,4.61186,2354,17.27,0.57,14220.32037,8721.907544,9829.414041,4108.143975,6763.768876,2655.624901,Public Sector Bank,82.0904680904199,19.8066419188188,12,7,6.5,3.18510431363771,2025,2.17780657391368,TRUE,-1.00729773972403,0,18.2906080516976,OK,60.4634388868076,12,7,9.190754930285,8.559254114773,34.642678,82.0904680904199,60.4634388868076
2025,INDIAN OVERSEAS BANK,6794.4266,5347.7166,911.86,1235.149493,16880.39868,1314.351617,245555.1684,395014.943,311938.8239,78.719015,43.650047,46.255808,2.915528,0.92,11.026877,5.020871,2680,19.74,0.37,17240.80287,7747.263815,10890.20581,5353.305394,8688.010394,3334.705,Public Sector Bank,82.94861025358,15.1118221082665,9.8,6.7,6.25,2.17780657391368,,,FALSE,,,316.565522033702,ABOVE_100_SUSPECT,100.104508043676,9.8,6.7,6.49476552384,6.414086697106,,82.94861025358,100.104508043676
2005,INDUSIND BANK LTD,259.36,320.53,244.27,44.4674,591.6165,,8999.753,15622.0052,13114.2762,68.625617,10.691102,23.501853,2.706101,1.5,25.790146,4.690539,925.78,11.62,2.71,718.89,265.02,415.5,191.0873,401.2324,210.1451,Private Sector Bank,23.791844757121,,14.1,2.6,6,3.56154218899119,2006,2.88739693288267,TRUE,-0.67414525610852,0,20.4857557152592,OK,59.6160421801391,14.1,2.6,7.92293807295951,7.05093547208952,29.739689583569,23.791844757121,59.6160421801391
2006,INDUSIND BANK LTD,320.53,268.83,194.97,83.1405,520.9488,,9310.4622,17622.5197,15006.3014,62.043684,12.8654,26.780107,1.895602,0.22,4.343502,5.531752,880.18,10.54,2.09,873.19,316.63,315.09,150.482,187.2997,36.8177,Private Sector Bank,27.4746122084589,3.45241919417121,14,3.9,6.5,2.88739693288267,2007,3.09205905050592,TRUE,0.204662117623254,0,1.87326414618036,OK,55.9766395119592,14,3.9,7.92342866735518,8.28129114504204,32.8676900977815,27.4746122084589,55.9766395119592
2007,INDUSIND BANK LTD,268.83,342.73,273.75,96.8522,924.3168,100,11084.1997,20927.1406,17644.8048,62.818489,14.920556,31.775438,1.408074,0.34,7.095385,6.492239,1039.77,12.54,2.47,1228.8469,343.9562,271.4038,103.3633,171.58,68.2167,Private Sector Bank,20.1266302920667,19.0510144598407,17.1,7.8,7.75,3.09205905050592,2008,3.06604586825251,TRUE,-0.0260131822534051,0,31.8094474223945,OK,30.158813059843,17.1,7.8,8.06072889963741,8.05441849702261,33.498253505701,20.1266302920667,30.158813059843
2008,INDUSIND BANK LTD,342.73,392.31,291.02,108.0779,1418.1835,28.084,12795.3076,23261.8819,19037.4227,67.211344,15.697089,39.120053,1.36143,0.34,6.237586,7.639418,1062.67,11.91,2.27,1579.8597,402.1928,300.8012,121.1323,196.1861,75.0538000000002,Private Sector Bank,25.8188677321506,15.4373608046777,15.1,7.5,7.75,3.06604586825251,2009,1.61705591085265,TRUE,-1.44898995739986,0,28.8522870784741,OK,30.8766791567893,15.1,7.5,7.66082415755608,7.3833652744116,38.7091453329433,25.8188677321506,30.8766791567893
2009,INDUSIND BANK LTD,392.31,255.02,179.13,141.8778,1048.912,96.368,15770.6359,27614.6825,22110.2527,71.327253,19.244018,35.311104,1.804497,0.58,9.842966,7.660065,836,12.55,1.14,1850.4414,547.0341,459.033,219.9136,368.2524,148.3388,Private Sector Bank,29.7584503176221,23.2532768497101,12.6,10.2,5,1.61705591085265,2010,1.24312740490982,TRUE,-0.373928505942833,0,108.790389114293,OK,86.2338640106658,12.6,10.2,3.08669937408871,4.31239885000613,34.63759214019,29.7584503176221,86.2338640106658
2010,INDUSIND BANK LTD,255.02,255.47,101.83,189.5774,1909.6075,125.9445,20550.5887,35369.5244,26710.1688,76.939194,23.667917,30.785637,2.814725,1.14,17.249621,6.391019,837.46,15.33,0.5,1820.5787,736.001,886.4162,353.5853,703.8928,350.3075,Private Sector Bank,60.1401338709046,30.3091950781769,15.5,13.9,5,1.24312740490982,2011,1.01606506800285,TRUE,-0.22706233690697,0,-42.1384664394693,ABOVE_100_SUSPECT,138.405801072533,15.5,13.9,7.86188237155002,6.85655166937235,36.237403409036,60.1401338709046,138.405801072533
2011,INDUSIND BANK LTD,255.47,265.86,72.82,207.0397,2248.9992,961.8434,26165.6471,45635.8414,34365.3712,76.139574,27.152103,35.760528,3.398522,1.46,17.908659,5.987675,843.98,15.89,0.28,2212.8649,1008.4831,1376.4925,504.3456,1081.6709,577.3253,Private Sector Bank,72.6096441736252,27.3231024277178,19.9,10,6.75,1.01606506800285,2012,0.989848508631004,TRUE,-0.0262165593718431,0,56.2793140805367,CAPPED_AT_150_SUSPECT,189.703452945159,19.9,10,8.49758687599316,8.02988178640115,40.1198616832315,72.6096441736252,150
2012,INDUSIND BANK LTD,265.86,347.08,94.67,320.3765,2583.1997,1345.7421,35063.9514,57596.0697,42361.5496,82.773061,27.296116,35.667705,3.301778,1.57,18.257944,8.018846,788.42,13.85,0.27,3654.9484,1342.9956,1704.2442,570.4194,1373.0313,802.6119,Private Sector Bank,72.7238676962084,34.0075835540868,14.4,8.2,8.5,0.989848508631004,2013,1.03288289579047,TRUE,0.0430343871594643,0,4.01744043193726,CAPPED_AT_150_SUSPECT,164.348104183474,14.4,8.2,5.24131422482317,5.22332743548782,38.9523817758518,72.7238676962084,150
2013,INDUSIND BANK LTD,347.08,457.78,136.76,396.8405,2853.004,1500.7426,44320.61,73306.5154,54116.715,81.89819,29.320623,32.318037,3.411493,1.63,17.154641,8.347545,840.52,15.36,0.31,4750.3662,1756.3627,2232.8661,778.2814,1839.4642,1061.1828,Private Sector Bank,70.1253877408362,26.3993595428039,13.8,11.2,7.5,1.03288289579047,2014,1.12662307863321,TRUE,0.0937401828427427,0,-52.4679210915774,CAPPED_AT_150_SUSPECT,170.012101883001,13.8,11.2,5.45638755164234,5.41917342231536,39.5016796432622,70.1253877408362,150
2014,INDUSIND BANK LTD,457.78,620.79,184.05,496.7558,3917.1598,175.8505,55101.8359,87025.9306,60502.2853,91.073975,32.545737,32.953861,3.605899,1.81,16.889627,7.646908,717.12,13.83,0.33,5362.8213,2185.2828,2890.7131,1187.9373,2595.9593,1408.022,Private Sector Bank,70.3522930459576,24.3255359075608,13,11.9,8,1.12662307863321,2015,0.818338040802609,TRUE,-0.308285037830602,0,24.3255359075608,CAPPED_AT_150_SUSPECT,191.358961967815,13,11.9,6.38610640092723,6.05378518913893,35.1811624629026,70.3522930459576,150
2015,INDUSIND BANK LTD,620.79,562.92,210.48,671.1982,3363.9445,625,68788.199,111787.3721,74134.3642,92.788547,34.126676,33.301066,3.440691,1.9,18.221873,7.68299,719.23,12.09,0.31,6271.6885,2870.0625,3420.2754,1304.5009,3098.2162,1793.7153,Private Sector Bank,62.6092517586869,24.8383068847984,11,6.5,7.5,0.818338040802609,2016,0.878563426629621,TRUE,0.0602253858270114,0,10.448614199487,CAPPED_AT_150_SUSPECT,231.738239891992,11,6.5,7.41022760516221,7.15478063868049,34.7632630741904,62.6092517586869,150
2016,INDUSIND BANK LTD,562.92,776.82,321.75,739.529,3781.5115,1325.1,88419.3419,142896.9928,93000.3461,95.0742073636218,35.1872485128311,31.7425065567017,3.54679990016144,1.91,16.1355608359593,6.83136003257846,764.55,15.5,0.36,7355.1713,3672.1009,4516.5724,1854.9676,4141.4177,2286.4501,Private Sector Bank,58.5811384876805,28.5385330411107,10.5,5.1,6.75,0.878563426629621,2017,0.932848660116909,TRUE,0.0542852334872886,0,29.2353786815153,CAPPED_AT_150_SUSPECT,238.789886975104,10.5,5.1,7.99625378567371,8.02848944993222,34.4549951026575,58.5811384876805,150
2017,INDUSIND BANK LTD,776.82,1054.87,438.91,1135.5211,6613.226,6948.5001,113080.5076,178648.4138,126572.2228,89.3406982183456,36.8533023029126,30.7931269845131,3.77091637794213,1.86,14.9594987063866,6.31342561115338,916.29,15.31,0.39,8343.0661,4783.0758,6062.6042,2583.1279,5451.0206,2867.8927,Private Sector Bank,58.3920293495881,27.8911436910389,11.8,4.4,6.25,0.932848660116909,2018,1.17617590906516,TRUE,0.243327248948251,0,14.0015447138514,CAPPED_AT_150_SUSPECT,244.876420791188,11.8,4.4,8.256306,7.972023,34.943218,58.3920293495881,150
2018,INDUSIND BANK LTD,1054.87,1704.91,745.67,1069.203,9893.203,195.525,144953.6576,221626.1605,151639.1743,95.5911678292487,44.0052903928269,31.2612380054907,3.74615060829758,1.9,16.2111430204346,5.78405937633674,1154.37,15.03,0.51,9783.3045,5591.4436,7497.4442,3050.1164,6656.1039,3605.9875,Private Sector Bank,56.2633804716965,28.1862459556204,11,2.2,6,1.17617590906516,2019,2.11778306129293,TRUE,0.941607152227769,1,66.2321775082783,CAPPED_AT_150_SUSPECT,178.90190098011,11,2.2,6.795383,6.231181,37.452479,56.2633804716965,150
2019,INDUSIND BANK LTD,1704.91,3947.41,2248.28,964.4715,8996.7025,829.86,186393.5014,277819.4182,194867.9069,95.6512051497793,43.1421178260729,32.3771732097523,3.54240144562922,1.39,13.0665095575991,6.12341962147468,1346.77,14.16,1.21,13414.9668,6404.6836,8846.1837,4787.1211,8088.219,3301.0979,Private Sector Bank,43.0441732680416,28.5883395328687,10.6,0.7,6.25,2.11778306129293,2020,2.4889560292347,TRUE,0.371172967941769,0,7.42976145685148,ABOVE_100_SUSPECT,121.272457130118,10.6,0.7,6.45,5.81,37.347347,43.0441732680416,121.272457130118
2020,INDUSIND BANK LTD,3947.4134,5146.7421,1886.581478,1401.0316,12274.2221,166.463,206783.1669,307057.5526,202039.8129,102.347732326573,40.3731520184951,32.0872080618086,4.123514825,1.54,14.55207843,6.504253133,1300.51,15.04,0.91,16724.0856,8237.345,12058.7443,6354.796,10772.7088,4417.9128,Private Sector Bank,63.3441613870646,10.9390431248157,6.4,6,4.4,2.4889560292347,2021,2.72583027116505,TRUE,0.236874241930353,0,0.0246241079477239,ABOVE_100_SUSPECT,123.472205844548,6.4,6,3.871437,3.944641,33.785447,63.3441613870646,123.472205844548
2021,INDUSIND BANK LTD,5146.7441,5794.99,1476.562678,1348.2923,16522.3868,14768.3617,212595.4085,362972.74745,256204.9568,82.9786477027286,41.8124568072369,37.7986803981235,4.038,0.9,7.329,5.001,1522.49,17.38,0.69,15471.9034,8359.8318,13527.8933,8890.2815,11726.6735,2836.392,Private Sector Bank,74.5200133563647,2.81079049476536,-1.2,7.3,4,2.72583027116505,2022,2.30793493345765,TRUE,-0.417895337707403,0,23.2797685677534,CAPPED_AT_150_SUSPECT,153.41323280972,-1.2,7.3,-5.777724706874,-4.145902641222,32.071601,74.5200133563647,150
2022,INDUSIND BANK LTD,5794.99,5517.153876,1529.826013,1269.6832,58871.4803,947.4063,239051.5346,401974.584807,293681.3488,81.398269,42.789408,37.806045,3.922059,1.28,10.127366,4.521039,1568.52,18.42,0.64,15821.5978,9559.29043,15000.8445,8164.629939,12775.753209,4611.12327,Private Sector Bank,72.2714637404831,12.4443544132328,18.9,4.2,4,2.30793493345765,2023,2.00958658283158,TRUE,-0.298348350626066,0,12.4443544132328,ABOVE_100_SUSPECT,147.986264702833,18.9,4.2,9.689592491912,9.375448587977,36.663675,72.2714637404831,147.986264702834
2023,INDUSIND BANK LTD,5517.153876,5826.26743,1714.959927,1225.7424,41735.5238,6957.252,289923.6828,457804.054,336438.1367,86.174441,40.140012,32.559701,4.092243,1.8,14.444471,4.976573,1694.83,17.86,0.59,18775.7967,11412.007,17592.1161,6956.7683,14346.4797,7389.7114,Private Sector Bank,70.5650324568091,21.2808289581254,14,6.7,6.5,2.00958658283158,2024,1.94972537321874,TRUE,-0.0598612096128415,0,21.0824165726867,ABOVE_100_SUSPECT,119.403518351714,14,6.7,7.609364977704,7.214814133485,35.24891,70.5650324568091,119.403518351714
2024,INDUSIND BANK LTD,5826.263554,6693.373554,1968.899927,1223.4627,17333.67,7589.4172,343298.274,514935.1448,384792.9167,89.21637,37.909441,30.113685,4.238735,1.92,15.244207,6.019829,1698,17.23,0.57,25132.2943,14263.4912,20615.9194,6790.4906,15740.2709,8949.7803,Private Sector Bank,70.5843411978198,18.4098762420936,12,7,6.5,1.94972537321874,2025,3.20167745459827,TRUE,1.25195208137952,1,17.1280140001305,ABOVE_100_SUSPECT,101.45094316366,12,7,9.190754930285,8.559254114773,34.642678,70.5843411978198,101.45094316366
2025,INDUSIND BANK LTD,6693.373554,11046.38355,3287.139927,1178.5325,49710.8294,3020.3555,345018.6256,554018.4307,411078.1394,83.930181,32.841716,30.405936,3.560737,0.5,4.152568,6.416826,1661,16.24,0.95,29636.3503,16070.6552,19031.314,8001.9575,10644.853,2642.8955,Private Sector Bank,70.2423882701411,0.501124453658064,9.8,6.7,6.25,3.20167745459827,,,FALSE,,,71.524864431015,OK,72.4396130532694,9.8,6.7,6.49476552384,6.414086697106,,70.2423882701411,72.4396130532694
2005,ING VYSYA BANK LTD,186.6,194.27,193.29,85.2595,581.412,,9080.592,15390.5675,12569.305,72.244185,24.232898,31.173961,2.493624,-0.25,-4.804945,4.479708,394.92,9.09,2.13,633.82,380.1,356.76,137.5055,99.3275000000001,-38.1779999999999,Private Sector Bank,0.504452566016378,,14.1,2.6,6,2.1393979599568,2006,1.76835803748636,TRUE,-0.37103992247044,0,16.8252587611309,OK,70.7806146085345,14.1,2.6,7.92293807295951,7.05093547208952,29.739689583569,0.504452566016378,70.7806146085345
2006,ING VYSYA BANK LTD,194.27,180.93,180.47,112.3981,729.2533,,10231.5253,16766.6676,13335.2551,76.725381,27.014868,30.306332,2.992714,0.05,0.973051,4.763879,426,10.67,0.95,741.25,518.79,481.19,92.5117,101.5682,9.0565000000002,Private Sector Bank,0.254241972033387,12.6746505073678,14,3.9,6.5,1.76835803748636,2007,1.05526268216913,TRUE,-0.713095355317231,0,10.0621331101522,OK,51.1312109655668,14,3.9,7.92342866735518,8.28129114504204,32.8676900977815,0.254241972033387,51.1312109655668
2007,ING VYSYA BANK LTD,180.93,126.38,114.02,152.5721,793.2409,100,11976.165,19286.2975,15418.5894,77.673545,28.910158,35.070634,2.471848,0.52,8.376017,4.955954,486.09,10.56,0.7,822.0418,505.0173,445.5873,137.3954,226.3052,88.9098,Private Sector Bank,9.78002848551986,17.0516091085657,17.1,7.8,7.75,1.05526268216913,2008,0.793471558481625,TRUE,-0.2617911236875,0,12.76422625655,ABOVE_100_SUSPECT,108.716094318721,17.1,7.8,8.06072889963741,8.05441849702261,33.498253505701,9.78002848551986,108.716094318721
2008,ING VYSYA BANK LTD,126.38,116.24,103.23,189.9862,2073.5403,208.624,14649.5484,25539.9037,20457.5559,71.609475,31.540546,34.738256,2.223661,0.74,11.893405,5.83226,547.28,10.2,0.7,1182.0478,609.4893,498.3913,150.5378,307.468,156.9302,Private Sector Bank,11.1923606331727,22.3225331314323,15.1,7.5,7.75,0.793471558481625,2009,1.24961358002146,TRUE,0.456142021539835,0,23.5467268530198,ABOVE_100_SUSPECT,129.5060220234,15.1,7.5,7.66082415755608,7.3833652744116,38.7091453329433,11.1923606331727,129.5060220234
2009,ING VYSYA BANK LTD,116.24,209.39,200.41,269.1296,1521.8932,323.7965,16756.38,31863.6807,24889.4697,67.32317,26.969114,36.732277,2.263343,0.7,11.658276,6.17918,606.39,11.65,1.2,1590.2699,772.4698,649.6199,236.0361,424.8158,188.7797,Private Sector Bank,4.28864797745833,14.3815463963381,12.6,10.2,5,1.24961358002146,2010,1.26713242980518,TRUE,0.0175188497837242,0,-0.323149872255657,ABOVE_100_SUSPECT,112.72558383877,12.6,10.2,3.08669937408871,4.31239885000613,34.63759214019,4.28864797745833,112.72558383877
2010,ING VYSYA BANK LTD,209.39,234.5106,221.8267,352.7902,1976.7969,545.9324,18507.1895,33880.2403,25865.3007,71.552192,32.580437,37.149601,2.524449,0.8,12.009346,4.606601,623.78,14.91,1.2,1403.0546,808.104,829.8358,399.7353,641.9524,242.2171,Private Sector Bank,5.40866809432069,10.448614199487,15.5,13.9,5,1.26713242980518,2011,0.658361189393223,TRUE,-0.608771240411962,0,596.280238008228,CAPPED_AT_150_SUSPECT,170.455109491852,15.5,13.9,7.86188237155002,6.85655166937235,36.237403409036,5.40866809432069,150
2011,ING VYSYA BANK LTD,234.5106,155.3873,91.7856,399.9906,1783.7904,179.7179,23602.1355,39013.9703,30194.2493,78.167651,34.63779,34.094889,2.76161,0.89,12.861202,4.840373,674.79,12.94,0.39,1687.5372,1026.0179,1006.5269,316.817,635.466,318.649,Private Sector Bank,40.9310799531236,27.5295500702578,19.9,10,6.75,0.658361189393223,2012,0.520562779738095,TRUE,-0.137798409655127,0,34.1925587950532,CAPPED_AT_150_SUSPECT,203.888606082994,19.9,10,8.49758687599316,8.02988178640115,40.1198616832315,40.9310799531236,150
2012,ING VYSYA BANK LTD,155.3873,149.5129,52.4922,386.4699,1595.8983,969.079,28721.3965,46983.7542,35195.4188,81.605497,34.275087,33.055475,2.810191,1.09,13.818859,6.585215,559.77,14,0.18,2648.4575,1110.2083,1208.35,311.5942,767.8982,456.304,Private Sector Bank,64.891189990964,21.6898212452004,14.4,8.2,8.5,0.520562779738095,2013,0.382071624255917,TRUE,-0.138491155482179,0,17.0889373593759,CAPPED_AT_150_SUSPECT,208.406231168013,14.4,8.2,5.24131422482317,5.22332743548782,38.9523817758518,64.891189990964,150
2013,ING VYSYA BANK LTD,149.5129,121.3919,9.1,571.0747,1373.6455,658.2754,31772.0271,54836.4438,41333.9957,76.866576,32.503848,34.471762,3.022236,1.26,14.243908,6.740219,644.33,13.24,0.03,3322.9537,1272.8161,1538.6233,379.7288,992.6864,612.9576,Private Sector Bank,92.5036184457118,10.6214563766076,13.8,11.2,7.5,0.382071624255917,2014,0.733918332662542,TRUE,0.351846708406626,0,153.601122249974,CAPPED_AT_150_SUSPECT,312.81230461011,13.8,11.2,5.45638755164234,5.41917342231536,39.5016796432622,92.5036184457118,150
2014,ING VYSYA BANK LTD,121.3919,262.9545,102.0037,580.8155,2714.3832,1951.2213,35828.8502,60413.2268,41216.7665,86.927853,33.381248,34.071342,3.042356,1.2,11.247104,6.560843,666,16.76,0.28,3452.066,1492.7336,1753.1526,469.6891,1127.5403,657.8512,Private Sector Bank,61.2086121363202,12.7685372017072,13,11.9,8,0.733918332662542,2015,1.84477141807417,TRUE,1.11085308541163,1,20.252892311105,CAPPED_AT_150_SUSPECT,178.619913331013,13,11.9,6.38610640092723,6.05378518913893,35.1811624629026,61.2086121363202,150
2015,ING VYSYA BANK LTD,262.9545,745.2363,449.0349,489.0501,4201.2985,,40397.2163,66188.0259,46708.7122,86.48754,30.665354,32.115629,3.105443,0.82,6.846086,6.876885,770.84,15.3,1.11,3834.97,1617.59,1965.76,656.0569,1161.6726,505.6157,Private Sector Bank,39.7459705062676,12.7505238781009,11,6.5,7.5,1.84477141807417,,,FALSE,,,27.5295500702578,OK,88.0334063168957,11,6.5,7.41022760516221,7.15478063868049,34.7632630741904,39.7459705062676,88.0334063168957
2005,JAMMU & KASHMIR BANK LTD,287,317,162.93,116.3291,1559.5559,860,11517.1413,24422.8329,21644.9727,53.209313,31.996931,21.794582,2.613412,0.47,7.061314,4.610548,435,15.15,1.41,952.9946,322.7971,596.2315,254.5087,369.5777,115.069,Private Sector Bank,48.602523659306,,14.1,2.6,6,2.75241912678453,2006,2.55601266057235,TRUE,-0.196406466212174,0,6.3700298822394,OK,80.2866561514195,14.1,2.6,7.92293807295951,7.05093547208952,29.739689583569,48.602523659306,80.2866561514196
2006,JAMMU & KASHMIR BANK LTD,317.25,370.19,133.87,127.4304,810.4503,250,14483.1051,26448.9822,23484.6371,61.670551,34.170862,19.525263,2.609403,0.67,10.207784,4.549033,516,13.52,0.92,1042.5271,345.2544,663.7253,252.4805,429.3239,176.8434,Private Sector Bank,63.8374888570734,25.7526040771941,14,3.9,6.5,2.55601266057235,2007,2.93812471413472,TRUE,0.382112053562364,0,10.2643903047154,OK,68.2029498365704,14,3.9,7.92342866735518,8.28129114504204,32.8676900977815,63.8374888570734,68.2029498365704
2007,JAMMU & KASHMIR BANK LTD,370.19,501.83,193.94,123.8367,1730.9317,1097.3236,17079.9421,28646.528,25194.2947,67.792896,37.024297,19.244665,2.787317,0.96,14.41552,4.500717,585,13.24,1.13,1131.4819,372.4403,767.8433,281.1284,555.6147,274.4863,Private Sector Bank,61.3534463862264,17.9301122381553,17.1,7.8,7.75,2.93812471413472,2008,2.56971866571975,TRUE,-0.368406048414966,0,19.2859147276895,OK,56.0206444413447,17.1,7.8,8.06072889963741,8.05441849702261,33.498253505701,61.3534463862264,56.0206444413447
2008,JAMMU & KASHMIR BANK LTD,501.83,485.23,203.44,117.307,3102.6597,1102.0861,18882.6118,32755.9871,28593.263,66.038674,39.161331,25.813851,2.639757,1.09,16.78513,5.848034,596,12.8,1.07,1623.7917,403.6141,810.4387,291.8337,651.8379,360.0042,Private Sector Bank,58.0734909218309,10.5543080266062,15.1,7.5,7.75,2.56971866571975,2009,2.67204495881072,TRUE,0.102326293090974,0,30.1690506008913,OK,60.1433753065556,15.1,7.5,7.66082415755608,7.3833652744116,38.7091453329433,58.0734909218309,60.1433753065557
2009,JAMMU & KASHMIR BANK LTD,485.23,559.27,287.51,152.049,2150.9015,2513.3125,20930.4113,37693.2618,33004.1036,63.417603,38.112425,35.097003,2.793034,1.09,16.715399,6.217122,500,14.48,1.38,1987.8612,470.8607,983.8359,364.6162,774.4517,409.8355,Private Sector Bank,48.591914459921,10.8448954079541,12.6,10.2,5,2.67204495881072,2010,2.00505481470559,TRUE,-0.666990144105138,0,-0.0054304441560293,OK,65.1950220823574,12.6,10.2,3.08669937408871,4.31239885000613,34.63759214019,48.591914459921,65.1950220823574
2010,JAMMU & KASHMIR BANK LTD,559.27,462.31,64.33,130.4937,2614.2326,1784.9815,23057.225,42546.7948,37237.1604,61.919934,40.693757,37.438527,2.789968,1.2,18.190995,5.240809,731,15.89,0.28,1937.543,577.3672,1119.3361,445.8258,958.2046,512.3788,Private Sector Bank,86.085094417166,10.1613564564782,15.5,13.9,5,2.00505481470559,2011,1.98071019925261,TRUE,-0.0243446154529809,0,10.1613564564782,OK,96.4343838549891,15.5,13.9,7.86188237155002,6.85655166937235,36.237403409036,86.085094417166,96.4343838549891
2011,JAMMU & KASHMIR BANK LTD,462.31,518.82,53.24,171.0341,2803.9297,131.8,26193.635,50508.1534,44675.935,58.630301,40.484207,39.225049,3.317747,1.22,18.960941,5.052109,856,13.72,0.2,2169.4685,758.9318,1543.6637,534.2862,1149.4881,615.2019,Private Sector Bank,89.7382521876566,13.6027210559814,19.9,10,6.75,1.98071019925261,2012,1.56179041948599,TRUE,-0.418919779766612,0,32.5965715975531,ABOVE_100_SUSPECT,102.981033884584,19.9,10,8.49758687599316,8.02988178640115,40.1198616832315,89.7382521876566,102.981033884584
2012,JAMMU & KASHMIR BANK LTD,518.83,516.6,49.34,193.5386,2590.1153,1124.0273,33077.4215,60269.2203,53346.9016,62.004391,40.705553,30.114264,3.319008,1.56,21.216712,5.920565,886,13.36,0.15,2997.2224,802.1519,1838.3549,567.0757,1370.3262,803.2505,Private Sector Bank,90.4490902051878,26.2803788019494,14.4,8.2,8.5,1.56179041948599,2013,1.64225321477757,TRUE,0.0804627952915746,0,26.2803788019494,ABOVE_100_SUSPECT,109.770751064653,14.4,8.2,5.24131422482317,5.22332743548782,38.9523817758518,90.4490902051878,109.770751064654
2013,JAMMU & KASHMIR BANK LTD,516.6,643.77,55.27,201.181,2493.9662,1300,39200.4104,71743.3151,64220.6195,61.040225,39.225707,29.20474,3.508824,1.7,23.55689,6.36406,1049,12.83,0.14,3820.757,989.0151,2316.044,755.6571,1810.7553,1055.0982,Private Sector Bank,91.4146356618047,18.5110828545085,13.8,11.2,7.5,1.64225321477757,2014,1.68896561415671,TRUE,0.0467123993791452,0,-65.3022126281705,ABOVE_100_SUSPECT,117.379980427793,13.8,11.2,5.45638755164234,5.41917342231536,39.5016796432622,91.4146356618047,117.379980427793
2014,JAMMU & KASHMIR BANK LTD,643.77,783.42,101.99,267.0075,2778.5861,400,46384.6033,78619.7276,69335.8634,66.898429,39.060971,27.580033,3.570672,1.74,22.335383,5.957581,1174,12.69,0.22,4082.5162,1174.9926,2684.4857,717.2878,1899.757,1182.4692,Private Sector Bank,86.9814403512803,18.3268308333833,13,11.9,8,1.68896561415671,2015,6.19946038444155,TRUE,4.51049477028483,1,26.7311164854594,OK,91.5585254397386,13,11.9,6.38610640092723,6.05378518913893,35.1811624629026,86.9814403512803,91.5585254397386
2015,JAMMU & KASHMIR BANK LTD,783.42,2764.08,1236.32,269.3787,2103.6763,294.5405,44585.816,75930.7496,65756.1877,67.804746,41.785244,33.232241,3.430473,0.7,8.595754,6.225639,1143,12.57,2.77,4410.2242,1409.049,2650.9064,1327.2295,1835.8258,508.5963,Private Sector Bank,55.2719168765014,-3.87798358081464,11,6.5,7.5,6.19946038444155,2016,8.70357384607587,TRUE,2.50411346163433,1,21.6898212452005,OK,48.0170436456253,11,6.5,7.41022760516221,7.15478063868049,34.7632630741904,55.2719168765014,48.0170436456253
2016,JAMMU & KASHMIR BANK LTD,2764.08,4368.61,2163.95,277.9234,2848.8133,,50193.2893,80268.0702,69390.2529,72.3347836364493,44.1277780672277,32.0691172554814,3.47004939406079,0.57,6.63843243436749,5.89991313467119,1137,11.81,4.31,4133.48,1546.2,2710.09,1251.8817,1667.9132,416.0315,Private Sector Bank,50.4659376781173,12.576809853609,10.5,5.1,6.75,8.70357384607587,2017,12.0443158863967,TRUE,3.34074204032079,1,37.1001491659238,OK,28.6562934205617,10.5,5.1,7.99625378567371,8.02848944993222,34.4549951026575,50.4659376781173,28.6562934205617
2017,JAMMU & KASHMIR BANK LTD,4368.61,6000.01,2425.37,265.4474,3325.5257,1725,49816.1129,82018.672,72463.0929,68.7468763840192,51.6954998756339,29.7496059753791,3.09567863147357,-2.04,-26.9790007502518,5.75126723588355,1220,10.8,4.87,4173.8622,1710.4628,2511.938,2926.6242,1294.3312,-1632.293,Private Sector Bank,59.5772340379433,-0.751447863370047,11.8,4.4,6.25,12.0443158863967,2018,10.5542265669511,TRUE,-1.49008931944557,0,20.8312738185839,OK,48.7769887050188,11.8,4.4,8.256306,7.972023,34.943218,59.5772340379433,48.7769887050188
2018,JAMMU & KASHMIR BANK LTD,6000.01,6006.7,2791.12,299.6968,4028.664,3877.5875,56912.7445,89687.6169,80006.4981,71.1351525833125,50.88916033934,31.319849458323,3.34384374432776,0.25,3.42498349511801,4.73844138533827,1199,11.42,4.9,3750.6054,1984.2255,2870.795,1179.1559,1381.8757,202.7198,Private Sector Bank,53.5332212362862,14.2456550438724,11,2.2,6,10.5542265669511,2019,9.38766939647934,TRUE,-1.16655717047176,0,7.15713057748546,OK,19.6306774102252,11,2.2,6.795383,6.231181,37.452479,53.5332212362862,19.6306774102252
2019,JAMMU & KASHMIR BANK LTD,6006.7,6221.35,3239.61,454.7393,4420.2294,899.9015,66271.5072,101406.2871,89638.8962,73.9316412956901,50.6952139377192,32.7452685427984,3.54163866995987,0.49,7.2709708723575,4.73823886181389,1237,12.46,4.89,4291.6327,2478.658,3383.9278,1253.0155,1717.8963,464.8808,Private Sector Bank,47.9275398426387,16.444054459542,10.6,0.7,6.25,9.38766939647934,2020,11.9126412149497,TRUE,2.5249718184704,1,10.6909629518725,OK,20.1405723838074,10.6,0.7,6.45,5.81,37.347347,47.9275398426387,20.1405723838074
2020,JAMMU & KASHMIR BANK LTD,6221.35,7671.63,2181.36,570.7474,2376.7335,6660,64399.0687,108872.097,97788.2315,65.8556430688697,53.6560754757079,36.3041981381945,3.525486099,-1.1,-17.50305778,4.798556597,1308,11.41,3.48,4739.6213,2727.5437,3706.6676,2664.4568,1525.0446,-1139.4122,Private Sector Bank,71.5658862588524,-2.82540503319048,6.4,6,4.4,11.9126412149497,2021,10.404802228658,TRUE,-1.50783898629175,0,-14.5970537370576,OK,34.7312996064722,6.4,6,3.871437,3.944641,33.785447,71.5658862588524,34.7312996064722
2021,JAMMU & KASHMIR BANK LTD,7671.62,6954.75,1969.33,517.9363,3167.3963,5699.7645,66841.7318,120291.9459,108061.1496,61.8554698403838,56.8427602587711,39.3376763167587,3.291,0.38,6.538,4.023,1448,12.2,2.95,4340.3084,2878.5405,3770.7791,1152.1945,1584.3185,432.124,Private Sector Bank,71.6836694345591,3.79300997562406,-1.2,7.3,4,10.404802228658,2022,9.26204187672916,TRUE,-1.14276035192883,0,23.0984207234284,OK,16.5670153492218,-1.2,7.3,-5.777724706874,-4.145902641222,32.071601,71.6836694345591,16.5670153492218
2022,JAMMU & KASHMIR BANK LTD,6954.75,6520.54,1750.1,616.0287,7134.1741,974.5959,70400.675,130602.4124,114710.3799,61.372541,56.555135,40.912886,3.11783,0.42,6.759928,3.503026,1387,13.23,2.49,4102.2458,3592.7774,3911.2296,560.8975,1062.4596,501.5621,Private Sector Bank,73.160198388477,5.32443296150507,18.9,4.2,4,9.26204187672916,2023,6.32484833925922,TRUE,-2.93719353746995,0,5.32443296150506,OK,8.60200995623062,18.9,4.2,9.689592491912,9.375448587977,36.663675,73.160198388477,8.60200995623062
2023,JAMMU & KASHMIR BANK LTD,6520.54,5204.43,1334.24,637.3076,7156.7501,1020.1728,82285.4513,145962.2588,122037.7383,67.426234,54.096364,30.860137,3.431589,0.89,13.336152,3.676168,1557,15.38,1.62,4609.8253,3643.6014,4745.2809,661.1102,1858.4902,1197.38,Private Sector Bank,74.3633788906758,16.8816226548964,14,6.7,6.5,6.32484833925922,2024,4.21936225212723,TRUE,-2.10548608713199,0,13.2607518212038,OK,12.7028358533019,14,6.7,7.609364977704,7.214814133485,35.24891,74.3633788906758,12.7028358533019
2024,JAMMU & KASHMIR BANK LTD,5204.43,3956.18,736.83,615.6011,6634.479,857.9411,93762.5111,154526.5896,134776.317,69.568982,50.507843,37.546374,3.46348,1.22,15.936467,4.428194,1781,15.33,0.79,6008.6768,3752.2857,5203.6855,509.6105,2276.8787,1767.2682,Private Sector Bank,81.3752154856452,13.9478603066251,12,7,6.5,4.21936225212723,2025,3.4595818683925,TRUE,-0.759780383734721,0,22.3399938788297,OK,12.8813779959456,12,7,9.190754930285,8.559254114773,34.642678,81.3752154856452,12.8813779959456
2025,JAMMU & KASHMIR BANK LTD,3956.18,3604.84,818.03,645.9639,6739.5132,2328.032,104198.7193,169468.4659,148569.4591,70.134683,47.010615,34.515237,3.576487,1.32,15.724041,4.544251,2018,16.29,0.79,6742.0429,4000.8392,5793.8201,847.3304,2929.793,2082.4626,Private Sector Bank,77.3074533127684,11.1304700328146,9.8,6.7,6.25,3.4595818683925,,,FALSE,,,-20.3298931371552,OK,23.5053539130724,9.8,6.7,6.49476552384,6.414086697106,,77.3074533127684,23.5053539130724
2005,KARNATAKA BANK LTD,598.4682,501.7795,143.2954,71.0027,616.6751,,6287.4406,12526.7181,10837.0581,58.017965,21.602373,33.307453,2.743237,1.27,17.557216,5.085833,380.9,14.16,2.29,523.04,197.33,316.89,193.5619,340.7083,147.1464,Private Sector Bank,71.4425559433975,,14.1,2.6,6,7.98066386503914,2006,5.32793926275017,TRUE,-2.65272460228896,0,2.64268422135894,OK,38.5750912502404,14.1,2.6,7.92293807295951,7.05093547208952,29.739689583569,71.4425559433975,38.5750912502404
2006,KARNATAKA BANK LTD,501.78,415.13,91.52,79.7726,455.616,274.8785,7791.5678,14953.2729,13243.1604,58.834656,20.877976,35.579488,2.663545,1.28,16.852032,5.301811,478.29,11.78,1.18,652.0663,204.4811,365.971,152.2575,328.2914,176.0339,Private Sector Bank,77.9538939609279,23.9227262043637,14,3.9,6.5,5.32793926275017,2007,4.05467370470563,TRUE,-1.27326555804455,0,26.9462338790684,OK,36.6770650157782,14,3.9,7.92342866735518,8.28129114504204,32.8676900977815,77.9538939609279,36.6770650157782
2007,KARNATAKA BANK LTD,415.13,387.33,116.04,87.927,738.8967,100,9552.6799,16222.5162,14037.4354,68.051461,23.369653,32.021336,2.6935,1.15,15.068307,6.008357,524,11.03,1.22,836.3905,237.5452,419.8599,179.553,356.5874,177.0344,Private Sector Bank,70.041050267214,22.6027950369629,17.1,7.8,7.75,4.05467370470563,2008,3.50093054082602,TRUE,-0.553743163879606,0,26.6091014960172,OK,46.3565951514213,17.1,7.8,8.06072889963741,8.05441849702261,33.498253505701,70.041050267214,46.3565951514213
2008,KARNATAKA BANK LTD,387.34,379.57,106.48,118.504,1363.7019,,10841.9746,19339.8178,17016.1923,63.715633,22.141615,36.588067,2.579997,1.37,18.46598,6.89396,589,12.17,0.98,1101.71,305.59,458.75,148.8585,390.5995,241.741,Private Sector Bank,71.94720341439,13.4966806539807,15.1,7.5,7.75,3.50093054082602,2009,3.75273760599557,TRUE,0.251807065169551,0,16.4811833566678,OK,39.2176673604342,15.1,7.5,7.66082415755608,7.3833652744116,38.7091453329433,71.94720341439,39.2176673604342
2009,KARNATAKA BANK LTD,379.57,443.2,116.1,127.6689,1237.3141,,11810.045,22857.806,20333.2853,58.082326,19.949768,37.020672,2.393171,1.25,18.102373,7.533639,649,13.48,0.98,1443.83,346.51,504.93,213.5087,480.2137,266.705,Private Sector Bank,73.8041516245487,8.92891226659027,12.6,10.2,5,3.75273760599557,2010,3.8075094096862,TRUE,0.0547718036906297,0,26.1832222747194,OK,48.17434566787,12.6,10.2,3.08669937408871,4.31239885000613,34.63759214019,73.8041516245487,48.17434566787
2010,KARNATAKA BANK LTD,443.2,549.64,188.61,146.6204,1596.4775,,14435.6833,27021.5701,23730.6488,60.831389,23.261747,36.388705,1.075312,0.67,9.831217,7.543355,727,12.37,1.31,1707.79,386.05,268.18,93.7204,260.8401,167.1197,Private Sector Bank,65.6848118768649,22.2322463631595,15.5,13.9,5,3.8075094096862,2011,4.04753937223072,TRUE,0.240029962544515,0,9.97064322284889,OK,17.0512335346772,15.5,13.9,7.86188237155002,6.85655166937235,36.237403409036,65.6848118768649,17.0512335346772
2011,KARNATAKA BANK LTD,549.64,702.17,280.34,174.1408,1765.6647,,17348.0709,31693.0075,27336.4463,63.461325,24.884838,35.959987,2.086311,0.72,9.602025,6.597947,771,13.33,1.62,1758.36,548.95,612.48,150.6761,355.2874,204.6113,Private Sector Bank,60.0751954654856,20.174920296291,19.9,10,6.75,4.04753937223072,2012,3.30452183650587,TRUE,-0.743017535724852,0,30.6342374959159,OK,21.4586353732002,19.9,10,8.49758687599316,8.02988178640115,40.1198616832315,60.0751954654856,21.4586353732002
2012,KARNATAKA BANK LTD,702.17,684.72,435.2,208.0336,1496.7166,24.9604,20720.6983,36321.5712,31608.3243,65.554561,24.559617,36.53483,2.152836,0.73,9.789363,7.6981,859,12.84,2.11,2368.8742,568.1856,732.1212,264.1374,510.2076,246.0702,Private Sector Bank,36.441173034233,19.4409362253644,14.4,8.2,8.5,3.30452183650587,2013,2.5343864663969,TRUE,-0.770135370108969,0,66.1497374789722,OK,38.5759726603575,14.4,8.2,5.24131422482317,5.22332743548782,38.9523817758518,36.441173034233,38.5759726603575
2013,KARNATAKA BANK LTD,684.72,638.86,377.75,273.6799,1444.2759,69.8899,25207.6788,41526.38,36056.2213,69.912148,24.911998,37.141918,2.321787,0.89,12.761264,8.058144,966,13.22,1.51,2860.5563,666.0358,903.7318,287.2552,635.3373,348.0821,Private Sector Bank,40.8712393951727,21.6545814964161,13.8,11.2,7.5,2.5343864663969,2014,2.94911118045783,TRUE,0.414724714060931,0,48.8840500816549,OK,44.9637166202298,13.8,11.2,5.45638755164234,5.41917342231536,39.5016796432622,40.8712393951727,44.9637166202298
2014,KARNATAKA BANK LTD,638.86,835.94,538.04,300.9119,1851.8215,99.8656,28345.4895,47028.8006,40582.8287,69.846017,25.398866,38.391307,2.385105,0.71,10.52698,7.766117,959,13.2,1.91,3132.761,874.601,1056.0672,376.0136,687.0479,311.0343,Private Sector Bank,35.6365289374836,12.4478367282274,13,11.9,8,2.94911118045783,2015,2.98046202518084,TRUE,0.0313508447230144,0,33.8194704656107,OK,44.9809316458119,13,11.9,6.38610640092723,6.05378518913893,35.1811624629026,35.6365289374836,44.9809316458119
2015,KARNATAKA BANK LTD,835.94,944.21,623.55,485.3653,2003.0797,,31679.9876,51836.5993,46008.6055,68.856657,24.937335,39.732659,2.364521,0.91,14.017454,7.872064,1052,12.41,1.98,3529.57,902.47,1168.85,321.9249,773.3751,451.4502,Private Sector Bank,33.9606655299139,11.7637696819453,11,6.5,7.5,2.98046202518084,2016,3.48175443281554,TRUE,0.501292407634693,1,10.6214563766076,OK,34.0946293727031,11,6.5,7.41022760516221,7.15478063868049,34.7632630741904,33.9606655299139,34.0946293727031
2016,KARNATAKA BANK LTD,944.21,1180.4,795.47,516.4142,2129.2095,199.9179,33902.4484,56500.3349,50488.2095,67.1492388732859,26.264965882777,42.7176660786541,2.40522331487575,0.76,11.7319842336156,7.4365474135079,1083,12.03,2.35,3689.3377,991.201,1302.8726,439.2399,854.5313,415.2914,Private Sector Bank,32.6101321585903,7.01534618024915,10.5,5.1,6.75,3.48175443281554,2017,4.28432906396177,TRUE,0.802574631146236,1,29.0115357589682,OK,37.2111064046086,10.5,5.1,7.99625378567371,8.02848944993222,34.4549951026575,32.6101321585903,37.2111064046086
2017,KARNATAKA BANK LTD,1180.4,1581.59,974.73,380.9212,2548.3475,175,36915.6985,64038.599,56733.1082,65.0690569779147,29.0361679848875,42.4373281193636,2.47326461545882,0.74,10.240070555905,6.71763950910669,1137,13.3,2.64,3694.7773,1304.1613,1490.6234,543.5393,995.8006,452.2613,Private Sector Bank,38.3702476621627,8.8880014341383,11.8,4.4,6.25,4.28432906396177,2018,5.02853326025019,TRUE,0.744204196288414,1,16.9317230094484,OK,34.366637371253,11.8,4.4,8.256306,7.972023,34.943218,38.3702476621627,34.366637371253
2018,KARNATAKA BANK LTD,1581.59,2376.07,1400.51,430.159,3115.661,,47251.7507,70373.6754,62871.285,75.1563304297025,27.9840216404039,40.4425197308086,2.76411169782274,0.49,6.17106085519037,5.80785422186315,1345,12.04,2.96,3566.1,1338.83,1857.65,1147.5642,1473.172,325.6078,Private Sector Bank,41.0577129461674,27.9990698266213,11,2.2,6,5.02853326025019,2019,4.48013970037062,TRUE,-0.548393559879568,0,57.9925935241507,OK,48.2967336820885,11,2.2,6.795383,6.231181,37.452479,41.0577129461674,48.2967336820885
2019,KARNATAKA BANK LTD,2376.07,2456.38,1616.71,411.2275,3000.4337,,54828.201,79045.7552,68452.1228,80.0971522244742,28.0606571634328,36.6874718358897,2.55003822775911,0.64,8.52569054031327,5.82182242151654,1489,13.17,2.95,4000.84,1457.27,1905.13,972.5708,1449.8106,477.2398,Private Sector Bank,34.1832289792296,16.0342213521414,10.6,0.7,6.25,4.48013970037062,2020,4.91524654230724,TRUE,0.435106841936626,0,3.39343769505842,OK,39.5936622183864,10.6,0.7,6.45,5.81,37.347347,34.1832289792296,39.5936622183864
2020,KARNATAKA BANK LTD,2456.3781,2799.9344,1755.0114,549.0446,2207.0058,,56964.2718,83313.4876,71785.154,79.3538338024601,28.9079542825805,37.8829052283259,2.501067959,0.53,7.345869657,5.995761321,1512.09,12.88,3.08,4444.41,1635.22,2030.36,1224.9888,1656.7653,431.7765,Private Sector Bank,37.3195529152397,3.89593450275707,6.4,6,4.4,4.91524654230724,2021,5.02450137371518,TRUE,0.109254831407938,0,1.15323726620185,OK,43.7506250146432,6.4,6,3.871437,3.944641,33.785447,37.3195529152397,43.7506250146432
2021,KARNATAKA BANK LTD,2799.9344,2588.4144,1645.0522,501.9684,4364.1807,,51515.8462,85615.4289,75654.8616,68.0932396286348,31.4894778685313,46.997076212251,2.585,0.57,7.652,5.224,1512.27,14.85,3.19,4049.23,1679.11,2183.19,1425.711,1908.2804,482.5694,Private Sector Bank,36.4455629670427,-9.56463661842158,-1.2,7.3,4,5.02450137371518,2022,3.96388926725824,TRUE,-1.06061210645694,0,13.7116114462038,OK,55.0804770673506,-1.2,7.3,-5.777724706874,-4.145902641222,32.071601,36.4455629670427,55.0804770673506
2022,KARNATAKA BANK LTD,2588.4144,2250.8208,1376.9662,644.3993,3312.8214,,56783.1402,91583.9932,80386.8454,70.637354,32.965077,45.498502,2.811562,0.56,7.405057,4.594473,1702.72,15.66,2.42,3730.63,1810.92,2491.04,1125.3761,1633.9956,508.6195,Private Sector Bank,38.8238192929442,10.2246092970128,18.9,4.2,4,3.96388926725824,2023,3.82459693279926,TRUE,-0.139292334458986,0,10.2246092970128,OK,49.9984761114701,18.9,4.2,9.689592491912,9.375448587977,36.663675,38.8238192929442,49.9984761114701
2023,KARNATAKA BANK LTD,2250.8208,2292.9079,1021.2679,676.0788,4528.1558,,59951.6221,99058.3385,87368.0122,68.619648,32.972098,41.468741,3.341444,1.21,15.419856,4.514755,1702.66,17.45,1.7,4035.13,1969.45,3185.1,1027.9824,2208.2252,1180.2428,Private Sector Bank,55.4597068639347,5.57996949242339,14,6.7,6.5,3.82459693279926,2024,3.60574606250941,TRUE,-0.21885087028984,0,13.4902092029229,OK,44.8331308902551,14,6.7,7.609364977704,7.214814133485,35.24891,55.4597068639347,44.8331308902551
2024,KARNATAKA BANK LTD,2292.9079,2578.42,1129.177,680.0403,7036.5739,299.8337,71508.6408,116084.5729,97988.2232,72.976771,31.935514,37.334425,3.06655,1.19,13.705738,5.157266,1920.51,18,1.58,4999.777,2454.3368,3298.7325,857.0282,2163.3125,1306.2843,Private Sector Bank,56.2066304170771,19.2772410406557,12,7,6.5,3.60574606250941,2025,3.13827202667036,TRUE,-0.467474035839056,0,11.4993565479789,OK,33.238502648909,12,7,9.190754930285,8.559254114773,34.642678,56.2066304170771,33.238502648909
2025,KARNATAKA BANK LTD,2578.42,2402.08,1004.547,614.2621,6911.4724,,76541.4846,120961.7843,104807.4852,73.030552,31.75441,37.509203,2.793025,1.05,11.095995,5.460083,2088.76,19.85,1.31,5703.22,2752.86,3310.38,554.6711,1827.0389,1272.3678,Private Sector Bank,58.180118896956,7.03809182176485,9.8,6.7,6.25,3.13827202667036,,,FALSE,,,-15.2834588831923,OK,23.0912833877306,9.8,6.7,6.49476552384,6.414086697106,,58.180118896956,23.0912833877306
2005,KARUR VYSYA BANK LTD,239.23,241.91,75.75,64.782,316.7096,20,4619.8004,7884.8481,6672.1895,69.239646,24.436965,39.03132,3.424333,1.45,14.303926,5.13271,387,16.07,1.66,334.0732,170.6148,256.6928,93.8906,199.232,105.3414,Private Sector Bank,68.6867016659088,,14.1,2.6,6,5.23637341561337,2006,4.01678094616963,TRUE,-1.21959246944374,0,6.25027164091991,OK,38.8122028853706,14.1,2.6,7.92293807295951,7.05093547208952,29.739689583569,68.6867016659088,38.8122028853706
2006,KARUR VYSYA BANK LTD,241.91,223.15,44.83,84.7442,385.8796,25,5555.4436,9007.8878,7576.8383,73.321396,26.909369,42.788997,3.349352,1.65,16.582383,5.001743,439,14.79,0.81,367.9553,174.8525,282.8986,93.2916,228.6459,135.3543,Private Sector Bank,79.9103741877661,20.252892311105,14,3.9,6.5,4.01678094616963,2007,2.87807257114743,TRUE,-1.1387083750222,0,16.7778638724304,OK,41.8066771230114,14,3.9,7.92342866735518,8.28129114504204,32.8676900977815,79.9103741877661,41.8066771230114
2007,KARUR VYSYA BANK LTD,223.15,202.63,15.97,129.8676,465.2441,,7040.4757,11079.0078,9340.2929,75.377462,27.7081,37.944692,3.45612,1.53,16.540019,5.993232,489,14.51,0.23,520.29,192.48,347.11,113.7726,273.7797,160.0071,Private Sector Bank,92.1186398855056,26.7311164854594,17.1,7.8,7.75,2.87807257114743,2008,2.06187376859801,TRUE,-0.816198802549423,0,34.2959495988798,OK,56.1479543996447,17.1,7.8,8.06072889963741,8.05441849702261,33.498253505701,92.1186398855056,56.1479543996447
2008,KARUR VYSYA BANK LTD,202.63,194.26,17.29,174.8271,924.576,,9421.5273,14583.0263,12549.9929,75.071973,25.594336,33.71144,2.658011,1.63,18.492377,6.880749,604,12.58,0.18,765.35,216.22,341.05,99.429,307.76,208.331,Private Sector Bank,91.0995572943478,33.8194704656107,15.1,7.5,7.75,2.06187376859801,2009,1.97754431474982,TRUE,-0.0843294538481874,0,19.7503562161083,OK,51.1834654586636,15.1,7.5,7.66082415755608,7.3833652744116,38.7091453329433,91.0995572943478,51.1834654586636
2009,KARUR VYSYA BANK LTD,194.26,205.86,25.82,172.2306,791.5852,,10409.8805,17060.7431,15101.3894,68.933263,21.88928,36.322155,2.59393,1.49,18.568981,7.337097,638,14.92,0.25,1035.68,257.6,410.41,182.1799,418.0214,235.8415,Private Sector Bank,87.4574953852133,10.4903713435082,12.6,10.2,5,1.97754431474982,2010,1.75013049195749,TRUE,-0.227413822792332,0,-7.74133849795567,OK,88.496988244438,12.6,10.2,3.08669937408871,4.31239885000613,34.63759214019,87.4574953852133,88.496988244438
2010,KARUR VYSYA BANK LTD,205.86,235.34,30.87,167.698,1030.7902,,13446.9973,21934.7431,19271.8537,69.775318,23.532769,33.099322,2.897252,1.76,22.627308,6.844928,789,14.49,0.23,1193.05,348.65,564.9,127.191,463.2226,336.0316,Private Sector Bank,86.8828078524688,29.1753281894062,15.5,13.9,5,1.75013049195749,2011,1.28070091000999,TRUE,-0.469429581947498,0,29.5064046180086,OK,54.0456361009603,15.5,13.9,7.86188237155002,6.85655166937235,36.237403409036,86.8828078524688,54.0456361009603
2011,KARUR VYSYA BANK LTD,235.34,228.15,13.87,257.4076,1422.4299,,17814.4638,28224.8392,24721.8513,72.059586,23.280321,31.57879,3.057658,1.71,22.256785,6.357979,926,14.41,0.07,1450.84,430.6,766.85,184.9932,600.5841,415.5909,Private Sector Bank,93.9206662283585,32.4791208220143,19.9,10,6.75,1.28070091000999,2012,1.34029605281288,TRUE,0.0595951428028954,0,8.24046693949594,OK,81.084023668639,19.9,10,8.49758687599316,8.02988178640115,40.1198616832315,93.9206662283585,81.0840236686391
2012,KARUR VYSYA BANK LTD,228.15,320.99,78.78,305.8479,1615.0188,,23949.1864,37634.8885,32111.5926,74.581123,19.156902,31.272325,2.785091,1.56,20.806541,7.753244,984,14.33,0.33,2353.25,541.56,917.13,223.9889,725.7129,501.724,Private Sector Bank,75.4571793513817,34.436751332364,14.4,8.2,8.5,1.34029605281288,2013,0.969670211043196,TRUE,-0.370625841769688,0,31.7498212009595,OK,69.7806473721923,14.4,8.2,5.24131422482317,5.22332743548782,38.9523817758518,75.4571793513817,69.7806473721923
2013,KARUR VYSYA BANK LTD,320.99,285.86,108.74,370.9728,1257.6629,,29480.126,46733.3395,38652.9791,76.268703,19.245983,34.429657,2.746216,1.35,18.998228,7.969258,1014,14.41,0.37,3083.96,762.2,1158.47,298.5086,848.8315,550.3229,Private Sector Bank,61.9604001959001,23.0944780654428,13.8,11.2,7.5,0.969670211043196,2014,0.821307666249854,TRUE,-0.148362544793342,0,-52.4680073126143,ABOVE_100_SUSPECT,104.424753375778,13.8,11.2,5.45638755164234,5.41917342231536,39.5016796432622,61.9604001959001,104.424753375778
2014,KARUR VYSYA BANK LTD,285.86,279.18,139.91,419.4654,2126.7324,,33992.1337,51543.0563,43757.6842,77.682662,20.542444,37.023204,2.612441,0.86,13.400824,8.417276,1055,12.59,0.41,3832.26,1010.36,1283.71,408.1956,837.7951,429.5995,Private Sector Bank,49.8853786087829,15.3052524266687,13,11.9,8,0.821307666249854,2015,1.8770420947114,TRUE,1.05573442846155,1,10.4903713435082,ABOVE_100_SUSPECT,146.21233612723,13,11.9,6.38610640092723,6.05378518913893,35.1811624629026,49.8853786087829,146.21233612723
2015,KARUR VYSYA BANK LTD,279.18,677.78,280.97,627.1557,2065.7618,10,36108.9398,53152.4778,44690.2699,80.798214,22.023078,39.518094,2.800313,0.88,12.262589,8.00552,1130,14.62,0.78,3929.9743,1094.7773,1465.9011,487.6793,951.9639,464.2846,Private Sector Bank,58.545545752309,6.22734106273535,11,6.5,7.5,1.8770420947114,2016,1.30788811480023,TRUE,-0.569153979911178,0,12.7685372017072,OK,71.9524476968928,11,6.5,7.41022760516221,7.15478063868049,34.7632630741904,58.545545752309,71.9524476968928
2016,KARUR VYSYA BANK LTD,677.78,511.18,216.17,523.7743,2005.2828,130,39084.383,58984.7177,50078.9012,78.0456081572333,23.312238328424,43.4667943971381,3.17717594426552,1.03,12.8730171392241,7.24440186646309,1241,12.17,0.55,3662.0339,1185.1241,1781.398,735.4235,1303.058,567.6345,Private Sector Bank,57.7115693102234,8.24018433241289,10.5,5.1,6.75,1.30788811480023,2017,3.62721245910091,TRUE,2.31932434430068,1,20.915019828233,ABOVE_100_SUSPECT,143.867815642239,10.5,5.1,7.99625378567371,8.02848944993222,34.4549951026575,57.7115693102234,143.86781564224
2017,KARUR VYSYA BANK LTD,511.18,1483.81,1033.46,564.865,2225.6092,410,40907.7223,61807.6206,53699.8112,76.1785216481357,27.7256600485031,44.887804227614,3.43350121238608,1,12.6132751726702,6.6391675524392,1285,12.54,2.53,3548.6487,1284.9508,2073.7032,964.9849,1570.9676,605.9827,Private Sector Bank,30.3509209400125,4.66513517688125,11.8,4.4,6.25,3.62721245910091,2018,6.73158532530828,TRUE,3.10437286620737,1,55.2469954283616,OK,65.0342631468989,11.8,4.4,8.256306,7.972023,34.943218,30.3509209400125,65.0342631468989
2018,KARUR VYSYA BANK LTD,1483.81,3015.76,1862.83,725.9367,2234.138,325,44800.1452,66941.4325,56890.0906,78.7485917626575,29.1385589742759,40.7961854105776,3.56991254640924,0.53,6.11815494952258,5.98552534387005,1292,14.43,4.16,3401.539,1420.7224,2298.1143,1431.6534,1777.3256,345.6722,Private Sector Bank,38.2301642040481,9.51512986094558,11,2.2,6,6.73158532530828,2019,9.15910960240394,TRUE,2.42752427709567,1,36.5490376067557,OK,47.4723917022575,11,2.2,6.795383,6.231181,37.452479,38.2301642040481,47.4723917022575
2019,KARUR VYSYA BANK LTD,3015.76,4449.57,2420.34,541.4615,2393.2204,580,48580.814,69340.1144,59867.9519,81.1466109299122,29.9241681591583,39.5057697057114,3.46755500469007,0.31,3.32415130373263,5.72364289166633,1442,16,4.98,3453.0013,1614.8089,2362.8188,1499.9143,1710.7817,210.8674,Private Sector Bank,45.6050809404055,8.43896550585286,10.6,0.7,6.25,9.15910960240394,2020,9.13870474923594,TRUE,-0.0204048531680048,0,8.43896550585287,OK,33.7091966189991,10.6,0.7,6.45,5.81,37.347347,45.6050809404055,33.7091966189991
2020,KARUR VYSYA BANK LTD,4449.57,4212.77,1808.65,776.569003,1956.104963,260,46098.108163,68278.170077,59075.078623,78.0330881270336,31.3274389613672,43.9984855284787,3.412252144,0.32,3.609357084,5.916719388,1354,17.17,3.92,3642.044323,1741.710994,2347.941431,1525.823885,1760.848615,235.02473,Private Sector Bank,57.0674401878099,-5.11046570154218,6.4,6,4.4,9.13870474923594,2021,8.2259365201933,TRUE,-0.912768229042635,0,5.0703397026411,OK,36.2190170600341,6.4,6,3.871437,3.944641,33.785447,57.0674401878099,36.2190170600341
2021,KARUR VYSYA BANK LTD,4212.77,4142.87,1719.39,835.527,2678.5276,,50363.5056,74623.187784,63278.4342,79.590315779337,34.219913899197,48.8288480061642,3.302,0.49,5.301,4.926,1499,18.98,3.41,3110.91,1986.83,2359.51,932.1241,1291.5134,359.3893,Private Sector Bank,58.4976115591365,9.25286873361011,-1.2,7.3,4,8.2259365201933,2022,6.27692015459943,TRUE,-1.94901636559388,0,16.5565189407773,OK,22.4994774154149,-1.2,7.3,-5.777724706874,-4.145902641222,32.071601,58.4976115591365,22.4994774154149
2022,KARUR VYSYA BANK LTD,4142.87,3431.04,1260.79,695.981904,2898.279683,,54661.201919,80071.322003,68486.005568,79.813681,34.902972,46.713156,3.510631,0.86,9.250758,4.21995,1716,19.21,2.31,2872.3,1854.22,2715.38,956.943449,1630.210807,673.267358,Private Sector Bank,63.2534158739041,8.53335419725032,18.9,4.2,4,6.27692015459943,2023,2.30960614881981,TRUE,-3.96731400577962,0,40.3565161554476,OK,27.8907692419791,18.9,4.2,9.689592491912,9.375448587977,36.663675,63.2534158739041,27.8907692419791
2023,KARUR VYSYA BANK LTD,3431.04,1458.15,468.15,698.253413,3581.226203,,63134.14089,90179.42349,76637.58312,82.38013,33.206849,41.875184,3.933976,1.27,13.67212,4.226364,1814,18.56,0.74,3167.74,2031.96,3348.81,1369.693773,2475.785589,1106.091816,Private Sector Bank,67.8942495628022,15.5008281441664,14,6.7,6.5,2.30960614881981,2024,1.41397529515244,TRUE,-0.895630853667369,0,15.5008281441665,OK,93.9336675239173,14,6.7,7.609364977704,7.214814133485,35.24891,67.8942495628022,93.9336675239173
2024,KARUR VYSYA BANK LTD,1458.15,1041.64,297.97,778.586035,4809.339638,,73667.48228,105453.2584,89112.72313,82.667749,30.394153,40.16096,3.903665,1.63,17.233644,5.098094,1800,16.67,0.4,4394.74,2638.75,3818.42,1224.330184,2829.138055,1604.807871,Private Sector Bank,71.3941476901809,16.6840654541454,12,7,6.5,1.41397529515244,2025,0.764006360339379,TRUE,-0.649968934813059,0,16.6840654541454,ABOVE_100_SUSPECT,117.53870665489,12,7,9.190754930285,8.559254114773,34.642678,71.3941476901809,117.53870665489
2025,KARUR VYSYA BANK LTD,1041.64,641.8,166.21,665.632842,6688.554653,,84004.53626,119367.4177,102077.9901,82.294465,27.2652,41.593749,3.789619,1.72,17.675654,5.478421,1891,18.17,0.2,5418.12,2877.15,4259.92,1270.691913,3212.328639,1941.636726,Private Sector Bank,74.1025241508258,14.0320446146242,9.8,6.7,6.25,0.764006360339379,,,FALSE,,,10.9803407506126,CAPPED_AT_150_SUSPECT,197.98876799626,9.8,6.7,6.49476552384,6.414086697106,,74.1025241508258,150
2005,KOTAK MAHINDRA BANK LTD,17.9,27.91,14.9,21.9528,216.7781,9.9808,4017.1422,6512.8693,4299.5371,93.43197,12.454106,37.931448,3.657509,1.56,12.460071,3.692636,387.27,12.8,0.37,194.8227,224.4999,225.4822,48.5245,133.4149,84.8904,Private Sector Bank,46.6141168040129,,14.1,2.6,6,0.694772517637041,2006,0.594016453830461,TRUE,-0.10075606380658,0,22.8628329293518,CAPPED_AT_150_SUSPECT,173.860623432461,14.1,2.6,7.92293807295951,7.05093547208952,29.739689583569,46.6141168040129,150
2006,KOTAK MAHINDRA BANK LTD,27.92,37.71,14.99,45.5864,373.2088,50,6348.309,10175.5252,6565.9184,96.685774,19.0068,35.799288,4.553663,1.39,14.582599,5.049471,352,11.27,0.24,338.9219,387.4691,379.9666,92.3326,210.5631,118.2305,Private Sector Bank,60.2492707504641,58.0304774872047,14,3.9,6.5,0.594016453830461,2007,2.54071985298812,TRUE,1.94670339915766,1,18.1916132338323,CAPPED_AT_150_SUSPECT,244.849111641474,14,3.9,7.92342866735518,8.28129114504204,32.8676900977815,60.2492707504641,150
2007,KOTAK MAHINDRA BANK LTD,37.71,277.55,216.8,90.0133,661.2026,,10924.0694,19915.4191,11000.0914,99.308897,27.239601,36.287735,4.11994,0.94,11.190528,5.93709,383.91,13.46,1.98,699.24,612.71,619.86,184.4464,325.8116,141.3652,Private Sector Bank,21.8879481174563,72.0784133223509,17.1,7.8,7.75,2.54071985298812,2008,2.91328123428681,TRUE,0.372561381298694,0,23.4759472903392,OK,66.4551972617546,17.1,7.8,8.06072889963741,8.05441849702261,33.498253505701,21.8879481174563,66.4551972617546
2008,KOTAK MAHINDRA BANK LTD,282.13,453.08,276.16,117.5613,1565.9332,140,15552.2232,28312.3615,16423.6456,94.694099,28.434045,37.956047,5.083381,1.1,11.185437,7.036512,384,18.65,1.78,1309.5634,1019.3738,1225.8009,375.9576,669.8904,293.9328,Private Sector Bank,39.0482916924163,42.3665726620155,15.1,7.5,7.75,2.91328123428681,2009,4.1455400023137,TRUE,1.23225876802689,1,14.6500056781942,OK,82.9781936964774,15.1,7.5,7.66082415755608,7.3833652744116,38.7091453329433,39.0482916924163,82.9781936964774
2009,KOTAK MAHINDRA BANK LTD,439.18,689.21,396.84,149.7006,845.6527,,16625.3371,28711.8739,15643.9963,106.272955,32.716301,37.764411,5.325969,1.03,7.363343,6.839885,347,20.01,2.39,1546.6,1196.42,1518.55,319.6565,595.7537,276.0972,Private Sector Bank,42.4210327766573,6.90006750931917,12.6,10.2,5,4.1455400023137,2010,3.69356438884075,TRUE,-0.451975613472948,0,0.695082640194444,OK,46.3801308744795,12.6,10.2,3.08669937408871,4.31239885000613,34.63759214019,42.4210327766573,46.3801308744795
2010,KOTAK MAHINDRA BANK LTD,689.21,767.34,360.25,211.1412,1874.5314,,20775.0541,37436.3165,23886.4671,86.97416,31.244193,32.68521,5.618141,1.72,13.287774,4.95859,487,18.35,1.73,1397.48,1189.39,1858.15,735.8903,1296.996,561.1057,Private Sector Bank,53.0521020668804,24.9601976491653,15.5,13.9,5,3.69356438884075,2011,2.05763472751983,TRUE,-1.63592966132092,0,9.0824524493029,OK,95.9014648004796,15.5,13.9,7.86188237155002,6.85655166937235,36.237403409036,53.0521020668804,95.9014648004796
2011,KOTAK MAHINDRA BANK LTD,767.34,603.49,211.16,245.1447,1862.5795,51.0658,29329.3067,50850.6658,29260.9686,100.233547,30.04181,29.792442,4.75172,1.77,14.387762,5.635434,535,19.92,0.72,2092.1768,1553.3202,2097.5752,506.6078,1324.7899,818.1821,Private Sector Bank,65.0101907239557,41.175597227446,19.9,10,6.75,2.05763472751983,2012,1.5716531912825,TRUE,-0.485981536237325,0,11.4392578384527,OK,83.9463454241164,19.9,10,8.49758687599316,8.02988178640115,40.1198616832315,65.0101907239557,83.9463454241164
2012,KOTAK MAHINDRA BANK LTD,603.49,614.19,237.38,311.6407,1704.8538,,39079.2322,65666.7923,38536.5206,101.408305,32.18358,31.465694,4.312642,1.83,14.648874,7.386991,613,17.52,0.61,3667.75,1834.83,2512.49,569.9531,1655.0061,1085.053,Private Sector Bank,61.3507220892558,33.2429456984062,14.4,8.2,8.5,1.5716531912825,2013,1.56411369953487,TRUE,-0.0075394917476339,0,25.1285387217279,OK,92.797521939465,14.4,8.2,5.24131422482317,5.22332743548782,38.9523817758518,61.3507220892558,92.797521939465
2013,KOTAK MAHINDRA BANK LTD,614.19,758.11,311.41,330.3206,1877.5827,456.4563,48468.9828,83693.6868,51028.7663,94.983646,29.235035,28.924257,4.292529,1.81,15.599859,7.471894,686,16.05,0.64,4836.8183,2209.731,3205.6713,795.888,2156.6052,1360.7172,Private Sector Bank,58.9228476078669,24.0274695059132,13.8,11.2,7.5,1.56411369953487,2014,1.99790175433535,TRUE,0.433788054800475,0,24.0274695059132,ABOVE_100_SUSPECT,104.983181860152,13.8,11.2,5.45638755164234,5.41917342231536,39.5016796432622,58.9228476078669,104.983181860152
2014,KOTAK MAHINDRA BANK LTD,758.11,1059.44,573.56,436.1433,2512.0871,699.9065,53027.6325,87585.3425,59072.3294,89.767296,31.872561,33.864996,4.343846,1.8,13.817472,6.930547,678,18.83,1.08,5047.0665,2542.6072,3720.0489,1074.6333,2577.1523,1502.519,Private Sector Bank,45.8619648115986,9.40529269782819,13,11.9,8,1.99790175433535,2015,1.8700372946104,TRUE,-0.127864459724949,0,29.1753281894062,ABOVE_100_SUSPECT,101.43408781998,13,11.9,6.38610640092723,6.05378518913893,35.1811624629026,45.8619648115986,101.43408781998
2015,KOTAK MAHINDRA BANK LTD,1059.44,1237.23,609.08,526.287,3402.0094,1722.4272,66160.7126,106012.0747,74860.3088,88.378894,36.357648,30.978986,4.363418,1.98,14.121387,6.838492,705,17.17,0.92,5496.1348,3254.7314,4223.7322,1131.4761,2997.4547,1865.9786,Private Sector Bank,50.7706731973845,24.7664839647518,11,6.5,7.5,1.8700372946104,2016,2.39169337186295,TRUE,0.52165607725255,1,12.7505238781009,OK,91.4523653645644,11,6.5,7.41022760516221,7.15478063868049,34.7632630741904,50.7706731973845,91.4523653645644
2016,KOTAK MAHINDRA BANK LTD,1237.23,2838.11,1261.96,947.193,5956.2418,2010.89,118665.2952,192259.7905,138643.0224,85.5905282111046,38.0663935237465,34.84161298408,4.62690223590019,1.19,10.9680809288755,7.3664030025214,751,16.34,1.06,9483.81,5471.5197,6900.3738,1951.3092,4041.0882,2089.779,Private Sector Bank,55.5351977196092,79.3591552095828,10.5,5.1,6.75,2.39169337186295,2017,2.62974281160716,TRUE,0.238049439744215,0,21.0854204679122,OK,68.7538256092963,10.5,5.1,7.99625378567371,8.02848944993222,34.4549951026575,55.5351977196092,68.7538256092963
2017,KOTAK MAHINDRA BANK LTD,2838.11,3578.61,1718.07,996.9738,6495.452,13479.9693,136082.1288,214589.9576,157425.8599,86.4420425503421,43.9983078027957,35.79523088707,3.99466822233483,1.73,13.2278815679993,5.56357516265734,835,16.77,1.26,9572.7841,5618.4953,8126.1488,2573.3141,5984.8119,3411.4978,Private Sector Bank,51.9905773470705,14.6772765960304,11.8,4.4,6.25,2.62974281160716,2018,2.25396345274311,TRUE,-0.375779358864051,0,5.42272062123717,OK,71.908201787845,11.8,4.4,8.256306,7.972023,34.943218,51.9905773470705,71.908201787845
2018,KOTAK MAHINDRA BANK LTD,3578.61,3825.38,1665.05,1204.9839,7703.5237,8547.1317,169717.9249,264933.3976,192643.2709,88.0995864050188,50.7544183833727,34.9309402851413,3.97548432068528,1.73,12.5474437822615,5.10613499657937,904,18.22,0.98,10216.8077,6425.7223,9531.6879,3073.8704,7158.1738,4084.3034,Private Sector Bank,56.4736052366039,24.7172765421935,11,2.2,6,2.25396345274311,2019,2.17212092347705,TRUE,-0.0818425292660616,0,35.8310950517218,OK,80.3546418917859,11,2.2,6.795383,6.231181,37.452479,56.4736052366039,80.3546418917859
2019,KOTAK MAHINDRA BANK LTD,3825.38,4467.94,1544.37,1221.1056,9656.4187,8574.1126,205694.8097,312172.0909,225880.363,91.0636086147958,52.4993281952535,35.1359642984711,3.88345105818553,1.69,12.105182490116,5.26261090556779,996,17.45,0.75,12684.2487,7514.8008,11205.8046,3482.8534,8348.1851,4865.3317,Private Sector Bank,65.4344060126143,21.1980465947825,10.6,0.7,6.25,2.17212092347705,2020,2.28756912286276,TRUE,0.115448199385706,0,-13.3920777379702,OK,77.9521076827352,10.6,0.7,6.45,5.81,37.347347,65.4344060126143,77.9521076827352
2020,KOTAK MAHINDRA BANK LTD,4467.940147,5026.891667,1557.887395,1721.614017,7783.436114,40300,219748.1867,360251.683802,262820.519907,83.6115029289793,56.1681051153222,33.3740420348142,4.01522549,1.87,12.94050566,4.935919988,936,17.89,0.71,13429.9488,8850.935998,13499.6654,4073.655256,10020.837085,5947.181829,Private Sector Bank,69.008932394007,6.83214954256572,6.4,6,4.4,2.28756912286276,2021,3.31957362035483,TRUE,1.03200449749207,1,6.83214954256572,OK,81.0372597194066,6.4,6,3.871437,3.944641,33.785447,69.008932394007,81.0372597194066
2021,KOTAK MAHINDRA BANK LTD,5026.891667,7425.508491,2705.172788,1455.166718,11038.440242,15300,223688.622101,383488.6238,280100.04521,79.8602591917804,60.4472303512343,40.3976286953023,4.125,1.85,12.355,3.726,970,22.26,1.21,11500.620741,8584.138,15339.646939,5249.861538,12214.698128,6964.83659,Private Sector Bank,63.569191372163,1.79315946136998,-1.2,7.3,4,3.31957362035483,2022,2.38512537642551,TRUE,-0.934448243929321,0,3.12868352331512,OK,70.7003640809654,-1.2,7.3,-5.777724706874,-4.145902641222,32.071601,63.569191372163,70.7003640809654
2022,KOTAK MAHINDRA BANK LTD,7425.508491,6469.738491,1736.712788,1741.065,34285.1551,999.6166,271253.6018,429428.395455,311684.1134,87.028369,60.681355,45.904888,4.137669,2.13,12.589916,3.148296,871,22.69,1.21,10220.9122,11121.3885,16817.9072,3478.182192,12050.8724,8572.690208,Private Sector Bank,73.1563680600703,21.2639244912168,18.9,4.2,4,2.38512537642551,2023,1.80338343586206,TRUE,-0.581741940563445,0,40.3214964396871,OK,53.7607848731208,18.9,4.2,9.689592491912,9.375448587977,36.663675,73.1563680600703,53.7607848731208
2023,KOTAK MAHINDRA BANK LTD,6469.738491,5768.324032,1193.302788,1882.3722,18083.1853,7896.9813,319861.2074,489862.4774,363096.0526,88.092725,52.827691,46.005422,4.688813,2.47,14.02683,3.496919,873,21.8,0.64,12698.9356,13786.9937,21551.9153,3908.6774,14847.9725,10939.2951,Private Sector Bank,79.3128336518527,17.9196166529944,14,6.7,6.5,1.80338343586206,2024,1.40258553972613,TRUE,-0.400797896135931,0,-17.8661296742291,OK,67.7610581221939,14,6.7,7.609364977704,7.214814133485,35.24891,79.3128336518527,67.7610581221939
2024,KOTAK MAHINDRA BANK LTD,5768.324032,5274.777298,1270.566389,1991.0301,34261.0075,11480.6705,376075.2659,600357.0457,448953.7451,83.767041,45.506571,44.603596,4.768434,2.61,15.299294,4.513694,963,20.55,0.34,19805.7109,16678.846,25993.2001,5805.8724,19587.4548,13781.5824,Private Sector Bank,75.9124164449227,17.5745158210767,12,7,6.5,1.40258553972613,2025,1.43680449952954,TRUE,0.0342189598034086,0,43.0131519148346,ABOVE_100_SUSPECT,110.068578671584,12,7,9.190754930285,8.559254114773,34.642678,75.9124164449227,110.068578671584
2025,KOTAK MAHINDRA BANK LTD,5274.777298,6133.850606,1343.434968,1693.3258,40005.8704,5903.788,426909.2008,693624.1783,499055.1352,85.543494,42.964371,45.631536,4.380555,2.65,15.389361,4.771224,1089,22.25,0.31,24577.9512,18776.4395,28341.7775,8076.3945,24526.473,16450.0785,Private Sector Bank,78.098016168084,13.5169577766162,9.8,6.7,6.25,1.43680449952954,,,FALSE,,,18.3165006584987,ABOVE_100_SUSPECT,131.669240396886,9.8,6.7,6.49476552384,6.414086697106,,78.098016168084,131.669240396886
2005,LAKSHMI VILAS BANK LTD,216.83,187.45,115.05,42.0532,216.7248,,2317.7114,4053.3818,3495.9251,66.297513,25.617131,41.007263,2.709133,0.08,1.464818,5.310939,296,11.32,4.98,191.54,90.28,106.67,51.3653,54.7097,3.3444,Private Sector Bank,38.6236329687917,,14.1,2.6,6,8.08771963584422,2006,4.22545270881253,TRUE,-3.86226692703169,0,12.4313053986452,OK,27.402133902374,14.1,2.6,7.92293807295951,7.05093547208952,29.739689583569,38.6236329687917,27.402133902374
2006,LAKSHMI VILAS BANK LTD,187.45,124.77,55.59,44.6907,155.4196,,2952.8197,4919.3808,4336.38,68.094118,23.082442,36.527838,2.351392,0.53,8.625121,5.281222,371,10.79,1.89,216.56,100.52,105.49,17.4467,39.9169,22.4702,Private Sector Bank,55.4460206780476,27.4023892707263,14,3.9,6.5,4.22545270881253,2007,3.63107623294802,TRUE,-0.594376475864512,0,27.4023892707263,OK,13.9830888835457,14,3.9,7.92342866735518,8.28129114504204,32.8676900977815,55.4460206780476,13.9830888835457
2007,LAKSHMI VILAS BANK LTD,124.77,131.18,56.95,43.0973,243.2074,50,3612.703,5826.7814,5019.8723,71.968026,22.043842,38.06208,2.216263,0.33,5.118096,6.07822,430,12.43,1.58,299.1798,102.2229,119.0816,55.9988,73.5831000000001,17.5843000000001,Private Sector Bank,56.5863698734563,22.3475649393697,17.1,7.8,7.75,3.63107623294802,2008,3.57573460575375,TRUE,-0.0553416271942671,0,22.3475649393696,OK,42.6885195914011,17.1,7.8,8.06072889963741,8.05441849702261,33.498253505701,56.5863698734563,42.6885195914011
2008,LAKSHMI VILAS BANK LTD,131.18,137.98,59.52,59.2295,326.1163,,3858.7875,6520.6041,5618.4882,68.680174,21.673223,39.284273,2.01067,0.41,6.210407,6.828105,453,12.73,1.55,381.93,116.44,124.13,64.8983,90.1674,25.2691,Private Sector Bank,56.8633135236991,6.81164490964246,15.1,7.5,7.75,3.57573460575375,2009,2.75103358079076,TRUE,-0.824701024962989,0,20.5212073543512,OK,47.0345702275692,15.1,7.5,7.66082415755608,7.3833652744116,38.7091453329433,56.8633135236991,47.0345702275692
2009,LAKSHMI VILAS BANK LTD,137.98,144.05,64.85,97.7051,494.2601,,5236.2138,8307.6396,7360.903,71.135482,16.781809,31.129057,2.070903,0.71,11.543648,7.420174,510,10.29,1.24,504.07,151.69,153.54,58.5464,108.8417,50.2953,Private Sector Bank,54.9809094064561,35.6958319161136,12.6,10.2,5,2.75103358079076,2010,5.17993227617283,TRUE,2.42889869538207,1,45.0885556374014,OK,40.6431100312391,12.6,10.2,3.08669937408871,4.31239885000613,34.63759214019,54.9809094064561,40.6431100312392
2010,LAKSHMI VILAS BANK LTD,144.05,325.17,257.78,83.7462,667.0808,50,6277.4952,10486.2705,9075.3777,69.170622,18.220337,34.128827,2.65118,0.33,5.14256,7.865616,560,14.82,4.11,660.1938,186.4779,249.1302,135.5413,166.2093,30.6679999999998,Private Sector Bank,20.7245440846327,19.8861513256009,15.5,13.9,5,5.17993227617283,2011,1.94936691471071,TRUE,-3.23056536146212,0,-13.2522232329834,OK,41.6832118584125,15.5,13.9,7.86188237155002,6.85655166937235,36.237403409036,20.7245440846327,41.6832118584125
2011,LAKSHMI VILAS BANK LTD,325.17,157.79,72.88,143.5498,800.0555,45,8094.4228,13301.183,11149.5107,72.598906,18.812024,35.707027,3.06877,0.91,12.398529,6.587805,719,13.19,0.9,699.8444,228.1482,364.9911,172.722,273.8588,101.1368,Private Sector Bank,53.8120286456683,28.9435123741711,19.9,10,6.75,1.94936691471071,2012,3.02031282816752,TRUE,1.07094591345681,1,11.2933926384092,ABOVE_100_SUSPECT,109.463210596362,19.9,10,8.49758687599316,8.02988178640115,40.1198616832315,53.8120286456683,109.463210596362
2012,LAKSHMI VILAS BANK LTD,157.79,307.73,177.09,179.6482,630.3683,,10188.6797,16162.8663,14114.14,72.187747,14.912651,34.329189,2.519842,0.73,11.564967,8.39615,787,13.1,1.74,1148.03,293.71,371.22,128.4162,235.4384,107.0222,Private Sector Bank,42.4527995320573,25.8728380237316,14.4,8.2,8.5,3.02031282816752,2013,3.92991568612888,TRUE,0.909602857961357,1,13.7308747266957,OK,41.7301530562506,14.4,8.2,5.24131422482317,5.22332743548782,38.9523817758518,42.4527995320573,41.7301530562506
2013,LAKSHMI VILAS BANK LTD,307.73,459.91,283.81,184.601,543.5497,,11702.7956,17666.6803,15618.9779,74.92677,14.486051,38.033327,2.317491,0.54,9.284134,8.738627,863,12.32,2.43,1368.55,337.92,392,159.5724,251.1469,91.5745,Private Sector Bank,38.2901002370029,14.8607665034361,13.8,11.2,7.5,3.92991568612888,2014,4.23967694601994,TRUE,0.309761259891066,0,14.8607665034361,OK,34.696440607945,13.8,11.2,5.45638755164234,5.41917342231536,39.5016796432622,38.2901002370029,34.696440607945
2014,LAKSHMI VILAS BANK LTD,459.91,546.46,443.39,226.5096,965.5729,79.9203,12889.1896,20653.0572,18572.8821,69.397897,14.226359,40.769586,2.536607,0.32,5.769548,8.372974,923,10.9,3.44,1497.9395,380.6056,486.0105,249.3417,308.9972,59.6555,Private Sector Bank,18.8613988215057,10.1376973549807,13,11.9,8,4.23967694601994,2015,2.78020714139337,TRUE,-1.45946980462658,0,32.4791208220143,OK,45.6285363979065,13,11.9,6.38610640092723,6.05378518913893,35.1811624629026,18.8613988215057,45.6285363979065
2015,LAKSHMI VILAS BANK LTD,546.46,454.62,302.49,237.2654,906.1749,100,16352.019,24705.4362,21964.2122,74.448466,16.67438,34.692516,2.322186,0.61,10.137853,8.024122,955,11.34,1.85,1687.8767,442.2797,526.6542,236.1222,368.4081,132.2859,Private Sector Bank,33.4631120496239,26.8661530124439,11,6.5,7.5,2.78020714139337,2016,1.99172876406065,TRUE,-0.788478377332715,0,26.8661530124439,OK,51.9383661079583,11,6.5,7.41022760516221,7.15478063868049,34.7632630741904,33.4631120496239,51.9383661079583
2016,LAKSHMI VILAS BANK LTD,454.62,391.25,231.64,315.9091,970.5931,,19643.739,28670.4801,25430.9615,77.2433987602081,17.3627957401453,37.1437520117733,2.41796579705743,0.69,10.8584394659974,7.73619909741991,1099,10.67,1.18,1922.99,542.71,645.31,226.8883,407.1241,180.2358,Private Sector Bank,40.7948881789137,20.130358214481,10.5,5.1,6.75,1.99172876406065,2017,2.69793244708225,TRUE,0.706203683021604,1,20.0315120395314,OK,57.9906198083067,10.5,5.1,7.99625378567371,8.02848944993222,34.4549951026575,40.7948881789137,57.9906198083067
2017,LAKSHMI VILAS BANK LTD,391.25,640.19,418.42,341.2646,1113.5402,110,23728.9114,35244.7205,30553.3535,77.6638525129492,19.1283483824452,34.5362366686573,2.44903839040755,0.83,13.1321187389803,6.92394146467631,1146,10.38,1.76,2064.0036,651.3659,782.6539,377.9837,634.0558,256.0721,Private Sector Bank,34.6412783704838,20.796307668311,11.8,4.4,6.25,2.69793244708225,2018,10.4555608162598,TRUE,7.75762836917758,1,20.796307668311,OK,59.0424249051063,11.8,4.4,8.256306,7.972023,34.943218,34.6412783704838,59.0424249051063
2018,LAKSHMI VILAS BANK LTD,640.19,2694.21,1457.89,344.1568,1354.0126,270,25768.2017,40429.226,33309.4829,77.3599571550239,21.0634662839512,36.7330953482873,2.08949245167225,-1.57,-26.2036196155475,6.22582338043476,1130,9.81,5.66,2251.021,782.0297,790.6007,940.2449,355.3788,-584.8661,Private Sector Bank,45.8880339691412,8.59411654257347,11,2.2,6,10.4555608162598,2019,16.7086836511132,TRUE,6.2531228348534,1,41.5080019252733,OK,34.8987235590396,11,2.2,6.795383,6.231181,37.452479,45.8880339691412,34.8987235590396
2019,LAKSHMI VILAS BANK LTD,2694.21,3358.99,1506.29,333.3755,1320.6966,323.96,20103.2593,33046.1629,29279.4408,68.6599837658102,25.6809245482584,40.8091463059425,1.52470809174581,-2.32,-42.3718141834717,6.71714091162747,1042,7.72,7.49,2279.7513,822.4266,560.1426,882.131,-11.9661,-894.0971,Private Sector Bank,55.1564607218241,-21.9842364863203,10.6,0.7,6.25,16.7086836511132,2020,30.614286615983,TRUE,13.9056029648698,1,42.3595172508563,OK,26.2617929794373,10.6,0.7,6.45,5.81,37.347347,55.1564607218241,26.2617929794373
2020,LAKSHMI VILAS BANK LTD,3358.99,4233.31,1387.86,367.7076,680.0967,755,13827.8904,24421.5151,21443.1941,64.4861504098403,26.6357990948746,50.4898064566667,1.48856753878241,-2.61,-53.5517298928225,6.70839676745578,842,1.12,10.04,1778.9629,794.5235,427.7226,820.5884,-15.4562,-836.0446,Private Sector Bank,67.2157248110816,-31.2156790416567,6.4,6,4.4,30.614286615983,,,FALSE,,,50.0579592701166,OK,19.3840847941681,6.4,6,3.871437,3.944641,33.785447,67.2157248110816,19.3840847941682
2016,NAINITAL BANK LTD,77.41,119.37,27.73,27.3936,269.6037,45,2686.0836,6084.3948,5310.5866,50.5797909406091,34.8791431063378,52.4979788417605,2.93206755151019,0.8,9.20868082363288,6.74217531449592,1078,15.69,1.05,359.2821,122.2972,176.8377,36.5066,83.4766,46.97,Private Sector Bank,76.7697076317333,,10.5,5.1,6.75,4.44401656002069,2017,5.12031126206026,TRUE,0.676294702039562,1,16.9600717695047,OK,30.5827259780514,10.5,5.1,7.99625378567371,8.02848944993222,34.4549951026575,76.7697076317333,30.5827259780514
2017,NAINITAL BANK LTD,121.04,164.27,39.51,24.5908,260.2635,120,3208.2034,7699.6854,6852.7851,46.8160514766471,33.8224279059911,46.2488912018484,2.68665442036531,0.73,8.69329205501499,6.0447745751287,1271,12.78,1.25,374.4865,127.8277,185.1653,61.3176,109.7785,48.4609,Private Sector Bank,75.9481341693553,19.4379579250624,11.8,4.4,6.25,5.12031126206026,2018,4.97869695597926,TRUE,-0.141614306080998,0,33.213007414205,OK,37.3273269617094,11.8,4.4,8.256306,7.972023,34.943218,75.9481341693553,37.3273269617094
2018,NAINITAL BANK LTD,164.27,167.48,38.25,32.4484,353.2517,240,3363.9324,8114.6898,7331.8728,45.8809432700469,33.3570162319237,51.3424853602884,2.60366530319832,0.63,8.07381458131782,5.77454039268723,1170,14.95,1.16,411.4114,143.6744,205.8767,48.7892,97.6771,48.8879,Private Sector Bank,77.1614521136852,4.85408749333038,11,2.2,6,4.97869695597926,2019,11.0423193432952,TRUE,6.0636223873159,1,4.85408749333039,OK,29.131358968235,11,2.2,6.795383,6.231181,37.452479,77.1614521136852,29.131358968235
2019,NAINITAL BANK LTD,167.48,388.22,199.52,25.0768,388.0566,223,3515.7469,8101.7595,7286.1906,48.2521950496327,33.7594174382427,50.5334840798693,2.80361743553812,0.34,4.25003959413874,5.82678824610926,1255,14.85,5.77,425.8822,147.1098,227.3236,82.42,109.3087,26.8887,Private Sector Bank,48.6064602544949,4.51300686066105,10.6,0.7,6.25,11.0423193432952,2020,13.9992592821451,TRUE,2.95693993884994,1,53.0595017443976,OK,21.230230281799,10.6,0.7,6.45,5.81,37.347347,48.6064602544949,21.230230281799
2020,NAINITAL BANK LTD,388.22,536.03,184.14,29.776,299.6629,70,3828.9883,8438.6275,7679.4296,49.8603216572231,32.830727427985,52.7469723529842,2.829320741,-0.79,-11.10310739,6.040890975,1247,12.94,4.89,453.03,162.4323,233.9903,180.2977,112.231377,-68.066323,Private Sector Bank,65.6474451056844,8.90966866812852,6.4,6,4.4,13.9992592821451,2021,17.8378136537749,TRUE,3.83855437162975,1,-0.83909646530651,OK,33.6357479991792,6.4,6,3.871437,3.944641,33.785447,65.6474451056844,33.6357479991792
2021,NAINITAL BANK LTD,536.03,650.67,206.93,21.0179,320.5528,140,3647.7004,8182.2651,7412.5888,49.2095339215363,38.1406533706551,56.7995332072777,2.779,0.02,0.215,4.799,1230,13.67,5.77,362.1528,161.8007,230.9771,113.9067,115.1683,1.2616,Private Sector Bank,68.1973965297309,-4.73461619091392,-1.2,7.3,4,17.8378136537749,2022,12.968402975704,TRUE,-4.86941067807081,0,6.29520908616079,OK,17.5060629812347,-1.2,7.3,-5.777724706874,-4.145902641222,32.071601,68.1973965297309,17.5060629812347
2022,NAINITAL BANK LTD,650.67,507.95,163.61,29.2266,291.7484,185,3916.8277,8337.8588,7485.8785,52.322886,40.62472,47.57893,3.02514,0.34,4.773051,4.18981,1358,13.63,4.25,312.11,190.2134,249.8784,71.3701,100.3027,28.9326,Private Sector Bank,67.7901368244906,7.37799902645513,18.9,4.2,4,12.968402975704,2023,10.2676877414135,TRUE,-2.70071523429055,0,30.3269481472955,OK,14.0506152180333,18.9,4.2,9.689592491912,9.375448587977,36.663675,67.7901368244906,14.0506152180333
2023,NAINITAL BANK LTD,507.95,443.26,78.33,25.071167,387.455016,50,4317.03818,8656.674066,7681.82732,56.198063,40.696665,44.969324,3.283578,0.54,6.672387,4.070267,1099,16.24,1.84,308.719529,216.903454,279.014382,30.626748,76.935435,46.308687,Private Sector Bank,82.3286558678879,10.2177198144304,14,6.7,6.5,10.2676877414135,2024,8.82434105990057,TRUE,-1.44334668151292,0,-15.9454453611719,OK,6.90943193610973,14,6.7,7.609364977704,7.214814133485,35.24891,82.3286558678879,6.90943193610973
2024,NAINITAL BANK LTD,443.26,398.67,41.88,18.264672,511.711509,122,4517.844418,9306.822126,8267.744392,54.64422,41.747992,48.649313,3.563748,0.52,5.952098,4.664729,1079,15.22,0.94,372.045785,275.589828,320.086833,60.1868,107.283405,47.096605,Private Sector Bank,89.4950711114456,4.65148163225186,12,7,6.5,8.82434105990057,2025,8.28055764302653,TRUE,-0.543783416874041,0,65.2599374433277,OK,15.0968971831339,12,7,9.190754930285,8.559254114773,34.642678,89.4950711114456,15.0968971831339
2025,NAINITAL BANK LTD,398.67,386.2,25.92,22.700561,459.001925,130,4663.9371,9360.482216,8255.818818,56.492726,41.474485,41.953338,3.330146,0.61,5.971979,4.834718,1081.46,16.76,0.56,399.589902,263.238177,310.824239,38.41615,89.026,50.60985,Private Sector Bank,93.2884515794925,3.23368112053477,9.8,6.7,6.25,8.28055764302653,,,FALSE,,,60.3902276697818,OK,9.94721646815122,9.8,6.7,6.49476552384,6.414086697106,,93.2884515794925,9.94721646815122
2005,ORIENTAL BANK OF COMMERCE,1210.91,2492.27,327.14,274.5517,6176.5385,,25299.1958,54069.4525,47850.3261,52.871522,28.255015,37.421397,3.205188,2.01,24.187096,4.70736,512.23,9.21,1.29,2048.22,795.73,1523.68,507.0808,1233.1543,726.0735,Public Sector Bank,86.8738138323697,,14.1,2.6,6,9.85118270043983,2006,6.3028109769771,TRUE,-3.54837172346273,0,-80.625133823027,OK,20.3461422719047,14.1,2.6,7.92293807295951,7.05093547208952,29.739689583569,86.8738138323697,20.3461422719047
2006,ORIENTAL BANK OF COMMERCE,2512.82,2116.31,162.98,319.9369,3943.2848,,33577.2405,58937.3726,50197.4604,66.890317,32.649608,35.124857,2.840655,1.39,13.113158,4.919253,570.26,11.04,0.49,2513.85,965.86,1605.07,634.8131,1191.9773,557.1642,Public Sector Bank,92.2988598078731,32.7205843436336,14,3.9,6.5,6.3028109769771,2007,3.29429214071794,TRUE,-3.00851883625916,0,-96.5559021415939,OK,29.996224560674,14,3.9,7.92342866735518,8.28129114504204,32.8676900977815,92.2988598078731,29.996224560674
2007,ORIENTAL BANK OF COMMERCE,2116.31,1454.05,215.66,383.9489,4952.1383,,44138.4655,73936.2743,63995.9665,68.970699,30.298693,33.076293,2.545753,1.21,10.784675,5.774719,742.64,12.51,0.49,3473.58,997.89,1691.32,715.8756,1296.6893,580.8137,Public Sector Bank,85.1683229600083,31.4535228110839,17.1,7.8,7.75,3.29429214071794,2008,2.34597355405509,TRUE,-0.948318586662847,0,27.0607267416337,OK,49.233217564733,17.1,7.8,8.06072889963741,8.05441849702261,33.498253505701,85.1683229600083,49.233217564733
2008,ORIENTAL BANK OF COMMERCE,1454.05,1280.1,538.4,385.6343,6936.62,,54565.8325,90705.3243,77856.6955,70.084958,27.901874,32.129665,2.029882,1.02,6.209723,6.902386,924.38,12.12,0.99,5156.17,1079.63,1671.02,865.82,1219.0358,353.2158,Public Sector Bank,57.9407858761034,23.6242172940969,15.1,7.5,7.75,2.34597355405509,2009,1.54469246525856,TRUE,-0.801281088796533,0,29.129827846217,OK,67.6369033669245,15.1,7.5,7.66082415755608,7.3833652744116,38.7091453329433,57.9407858761034,67.6369033669245
2009,ORIENTAL BANK OF COMMERCE,1280.1,1058.12,442.43,291.7864,6588.107,,68500.3665,112582.5934,98368.8483,69.636239,23.743461,31.009643,1.964206,0.88,13.512358,7.4131,1142.43,12.98,0.65,6859.97,1397.84,1996.5,779.5563,1669.9768,890.4205,Public Sector Bank,58.1871621366196,25.537105110602,12.6,10.2,5,1.54469246525856,2010,1.75920753473157,TRUE,0.214515069473004,0,42.095533669161,OK,73.6737137564737,12.6,10.2,3.08669937408871,4.31239885000613,34.63759214019,58.1871621366196,73.6737137564737
2010,ORIENTAL BANK OF COMMERCE,1058.12,1468.75,723.82,289.0447,7797.7458,,83489.2968,137430.9933,120257.5875,69.425388,24.965508,33.651495,2.325823,0.91,14.508685,6.429425,1331.17,12.54,0.87,7349.69,1685.98,2907.44,1286.8198,2421.5002,1134.6804,Public Sector Bank,50.7186382978723,21.8815329988052,15.5,13.9,5,1.75920753473157,2011,2.00247701403937,TRUE,0.243269479307805,0,36.7373669838133,OK,87.6132629787234,15.5,13.9,7.86188237155002,6.85655166937235,36.237403409036,50.7186382978723,87.6132629787234
2011,ORIENTAL BANK OF COMMERCE,1468.75,1920.54,938.15,406.6192,9108.5145,600,95908.217,161343.3732,139054.257,68.971795,24.557324,36.45002,2.796458,1.03,15.545495,5.764779,1418,14.23,0.98,7910.2649,1892.4814,4177.5494,1742.2707,3245.1387,1502.868,Public Sector Bank,51.1517594010018,14.8748650138349,19.9,10,6.75,2.00247701403937,2012,3.19750299689607,TRUE,1.1950259828567,1,14.8748650138349,OK,90.7177512574588,19.9,10,8.49758687599316,8.02988178640115,40.1198616832315,51.1517594010018,90.7177512574588
2012,ORIENTAL BANK OF COMMERCE,1920.54,3580.49,2459.03,422.3594,8039.3423,,111977.6902,177534.5827,155964.9225,71.796715,24.12625,35.748611,2.488088,0.67,9.909557,7.601506,1462.17,12.69,2.21,11599.09,2315.46,4215.79,1999.0168,3140.5803,1141.5635,Public Sector Bank,31.321411315211,16.7550536363323,14.4,8.2,8.5,3.19750299689607,2013,3.24451006878614,TRUE,0.0470070718900675,0,51.1981794940502,OK,55.8308164524967,14.4,8.2,5.24131422482317,5.22332743548782,38.9523817758518,31.321411315211,55.8308164524967
2013,ORIENTAL BANK OF COMMERCE,3580.49,4183.96,2902.66,659.7591,7512.1761,200,128955.0629,200697.2027,175897.5244,73.312608,24.550929,35.857191,2.485859,0.71,10.744761,7.564986,1620.26,12.04,2.27,13003.6206,2665.1781,4701.155,2362.7433,3690.6906,1327.9473,Public Sector Bank,30.6240977447203,15.1613885495202,13.8,11.2,7.5,3.24451006878614,2014,4.0393057569255,TRUE,0.794795688139363,1,24.7664839647518,OK,56.4714600521993,13.8,11.2,5.45638755164234,5.41917342231536,39.5016796432622,30.6240977447203,56.4714600521994
2014,ORIENTAL BANK OF COMMERCE,4183.96,5617.86,3904.42,709.3141,9271.8382,3851.1554,139079.8404,220302.5038,193488.9605,71.879987,24.312741,36.688457,2.43568,0.56,8.695743,7.18627,1709.74,11.01,2.82,13890.3769,2916.8833,5127.1025,3016.0777,4155.4901,1139.4124,Public Sector Bank,30.4998700572816,7.85139976074563,13,11.9,8,4.0393057569255,2015,5.27753771613585,TRUE,1.23823195921035,1,7.85139976074563,OK,53.6873061984457,13,11.9,6.38610640092723,6.05378518913893,35.1811624629026,30.4998700572816,53.6873061984457
2015,ORIENTAL BANK OF COMMERCE,5617.86,7666.22,4816.24,638.1812,9550.2009,350,145261.302,230513.5765,204009.6957,71.203136,24.197419,35.000062,2.255552,0.23,3.65362,7.196287,1742.52,11.41,3.34,14877.1845,3258.9509,5084.196,3449.5662,3946.6415,497.0753,Public Sector Bank,37.1758180694006,4.44454176983655,11,6.5,7.5,5.27753771613585,2016,9.87485295295471,TRUE,4.59731523681886,1,-34.9817150432321,OK,44.9969633013402,11,6.5,7.41022760516221,7.15478063868049,34.7632630741904,37.1758180694006,44.9969633013402
2016,ORIENTAL BANK OF COMMERCE,7666.22,14701.68,9932.15,694.7381,8738.1441,1815.6375,148879.9891,239768.0025,208914.8168,71.2634897708222,25.2209251153506,37.5095724667809,2.28567995855947,0.07,1.08687700722987,6.805444324403,1688.73,11.76,6.7,14793.9333,3458.779,5374.5659,3525.9906,3682.0688,156.0782,Public Sector Bank,32.4420746472512,2.49115700477476,10.5,5.1,6.75,9.87485295295471,2017,14.494863667589,TRUE,4.62001071463426,1,16.0258652268695,OK,23.9835896305728,10.5,5.1,7.99625378567371,8.02848944993222,34.4549951026575,32.4420746472512,23.9835896305728
2017,ORIENTAL BANK OF COMMERCE,14701.78,22859.27,14117.83,754.9467,10058.146,6462.315,157706.0021,253064.725,219339.3867,71.9004481925088,30.4961364241838,36.8386445832045,1.99235664599811,-0.46,-7.52908720019501,5.97188548086254,1789.98,11.64,8.96,13512.8324,3504.8821,4909.4928,5264.2019,4170.1311,-1094.0708,Public Sector Bank,38.240241267547,5.9282735398857,11.8,4.4,6.25,14.494863667589,2018,19.1640739451616,TRUE,4.66921027757264,1,5.92827353988569,OK,23.0287402003651,11.8,4.4,8.256306,7.972023,34.943218,38.240241267547,23.0287402003651
2018,ORIENTAL BANK OF COMMERCE,22859.27,26133.64,14282.88,934.4376,11320.4025,1249.3604,136367.8729,233344.0436,207346.0644,65.7682475404631,31.6847883706444,40.0339755537831,1.85060750979233,-2.31,-45.3274362790745,5.64756556331527,1618.13,10.5,10.48,12888.1305,3589.9467,4500.7586,9574.9174,3703.1737,-5871.7437,Public Sector Bank,45.346763787976,-13.5303215577488,11,2.2,6,19.1640739451616,2019,13.6217744081508,TRUE,-5.54229953701078,0,3.28840721863652,OK,36.6382846017623,11,2.2,6.795383,6.231181,37.452479,45.346763787976,36.6382846017623
2019,ORIENTAL BANK OF COMMERCE,26133.64,21717.07,9439.62,1041.6194,10152.2626,3968.17,159429.0828,272197.8663,232645.3776,68.5287988287974,29.3953714900717,37.1176923687351,2.17513812102643,0.02,0.358405886882092,5.25059335131341,1860.16,12.73,5.93,12369.5705,4614.4355,5498.1174,3497.7723,3552.7661,54.9938,Public Sector Bank,56.5336392063939,16.9110285359595,10.6,0.7,6.25,13.6217744081508,2020,13.7701529572167,TRUE,0.148378549065889,0,19.4542167363936,OK,16.1060967248344,10.6,0.7,6.45,5.81,37.347347,56.5336392063939,16.1060967248344
2020,ORIENTAL BANK OF COMMERCE,21717.07,21751.15,7909.41,970.5617,9461.8098,4700,157958.6666,268443.8872,230108.228,68.645379599377,30.6067185046508,37.4842263957171,2.0774282280808,-0.83,-12.7076288510858,5.59839562274391,1910.84,11.55,5.01,13577.3504,5836.015,5615.7222,5236.4528,2984.64,-2251.8128,Public Sector Bank,63.6368192026629,-0.922301109794765,6.4,6,4.4,13.7701529572167,,,FALSE,,,26.0934897131183,OK,24.0743721596329,6.4,6,3.871437,3.944641,33.785447,63.6368192026629,24.0743721596329
2005,PUNJAB AND SIND BANK,1203.51,1197.41,509.81,75.917,871.3054,200,6322.2179,15717.5159,14170.6579,44.614851,46.287305,46.56336,3.727331,-0.45,-15.670843,4.645572,217.57,9.46,8.11,675.899,570.9571,572.6841,328.929,257.8657,-71.0633,Public Sector Bank,57.4239400038416,,14.1,2.6,6,18.9397141784689,2006,10.3376676434253,TRUE,-8.60204653504363,0,122.046626342238,OK,27.470039501925,14.1,2.6,7.92293807295951,7.05093547208952,29.739689583569,57.4239400038416,27.470039501925
2006,PUNJAB AND SIND BANK,1197.41,941.5,220.42,83.876,749.7956,,9107.4702,19043.0379,16924.5806,53.812088,52.133811,41.198269,3.62806,0.64,13.031252,4.090482,277.23,12.83,2.43,668.99,482.99,630.57,159.2716,267.5967,108.3251,Public Sector Bank,76.5884227296867,44.0549874119334,14,3.9,6.5,10.3376676434253,2007,2.47786752015361,TRUE,-7.85980012327167,0,44.0549874119334,OK,16.9167923526288,14,3.9,7.92342866735518,8.28129114504204,32.8676900977815,76.5884227296867,16.9167923526288
2007,PUNJAB AND SIND BANK,941.5,290.84,77.04,89.4469,984.9525,169.2844,11737.5121,21963.0333,19318.756,60.75708,45.716498,40.269981,3.740968,1.01,16.631903,4.988706,328.59,12.88,0.66,959.8627,523.0689,767.012,253.9084,472.4408,218.5324,Public Sector Bank,73.5112089121166,28.8778534790045,17.1,7.8,7.75,2.47786752015361,2008,0.73885274121345,TRUE,-1.73901477894016,0,30.5489634424271,OK,87.3017466648329,17.1,7.8,8.06072889963741,8.05441849702261,33.498253505701,73.5112089121166,87.3017466648329
2008,PUNJAB AND SIND BANK,290.84,135.53,66.97,102.989,1852.1016,,18343.3034,30949.1964,24831.4084,73.871377,36.343525,32.304405,2.970171,1.49,21.855301,6.045718,466.87,11.57,0.37,1433.49,560.78,785.79,160.3007,542.6588,382.3581,Public Sector Bank,50.5865859957205,56.2793140805367,15.1,7.5,7.75,0.73885274121345,2009,0.654225967845541,TRUE,-0.084626773367909,0,22.1654208843456,ABOVE_100_SUSPECT,118.276912860621,15.1,7.5,7.66082415755608,7.3833652744116,38.7091453329433,50.5865859957205,118.276912860621
2009,PUNJAB AND SIND BANK,135.53,161.04,78.03,93.9122,1863.1543,,24615.3482,41363.7869,34675.6547,70.987407,27.759187,29.230458,2.798549,1.24,20.369072,7.027718,656,14.35,0.32,2235.31,697.84,1011.86,290.5356,721.7137,431.1781,Public Sector Bank,51.5461997019374,34.1925587950532,12.6,10.2,5,0.654225967845541,2010,0.631604274428114,TRUE,-0.022621693417427,0,-0.0866265856315662,CAPPED_AT_150_SUSPECT,180.412071535022,12.6,10.2,3.08669937408871,4.31239885000613,34.63759214019,51.5461997019374,150
2010,PUNJAB AND SIND BANK,161.04,206.15,116.63,91.3143,3696.9482,100,32639.1078,56664.8788,49155.0856,66.400266,25.039193,32.758087,2.415502,1.05,21.396447,6.125897,963,13.1,0.36,2750.2339,718.1844,1183.9423,368.7634,877.5651,508.8017,Public Sector Bank,43.424690759156,32.5965715975531,15.5,13.9,5,0.631604274428114,2011,0.995078325901314,TRUE,0.3634740514732,0,34.8675360885331,CAPPED_AT_150_SUSPECT,178.881105990783,15.5,13.9,7.86188237155002,6.85655166937235,36.237403409036,43.424690759156,150
2011,PUNJAB AND SIND BANK,206.15,424.28,237.94,135.4137,4444.3865,,42637.8496,68550.1412,59723.1938,71.392447,23.949761,30.820074,2.492429,0.9,16.394267,5.73533,1190,12.94,0.56,3372.06,984.04,1560.45,487.3239,1013.497,526.1731,Public Sector Bank,43.9191100216838,30.6342374959159,19.9,10,6.75,0.995078325901314,2012,1.65420740418372,TRUE,0.659129078282405,1,-63.8186203374576,ABOVE_100_SUSPECT,114.859031771472,19.9,10,8.49758687599316,8.02988178640115,40.1198616832315,43.9191100216838,114.859031771472
2012,PUNJAB AND SIND BANK,424.28,763.44,547.56,156.0214,3484.1312,300,46151.4075,72905.2651,63123.9786,73.112324,23.925359,28.008017,2.122309,0.65,11.208807,7.611528,1302,13.26,1.19,4973.4403,1158.5274,1501.0601,308.7116,759.996799999999,451.285199999999,Public Sector Bank,28.2772712983339,8.24046693949594,14.4,8.2,8.5,1.65420740418372,2013,2.9882879876656,TRUE,1.33408058348188,1,37.6326922780784,OK,40.4369171120193,14.4,8.2,5.24131422482317,5.22332743548782,38.9523817758518,28.2772712983339,40.4369171120193
2013,PUNJAB AND SIND BANK,763.44,1536.9,1110.38,175.1839,3073.7362,250,51430.786,80477.9033,70641.5025,72.80534,22.279801,27.201632,2.139768,0.44,7.663353,8.110819,1370,12.91,2.16,5699.1021,1096.39,1641.0222,599.6289,938.849100000001,339.220200000001,Public Sector Bank,27.7519682477715,11.4392578384527,13.8,11.2,7.5,2.9882879876656,2014,4.46114891747728,TRUE,1.47286092981168,1,79.3591552095828,OK,39.0154792113996,13.8,11.2,5.45638755164234,5.41917342231536,39.5016796432622,27.7519682477715,39.0154792113996
2014,PUNJAB AND SIND BANK,1536.9,2553.52,1918.6,240.7064,4593.7845,435,57239.0666,94509.1547,84730.1648,67.554532,20.884185,27.240177,1.852231,0.35,6.253026,7.873508,1531,11.04,3.35,6352.1242,1247.3212,1620.5823,499.9155,800.5419,300.6264,Public Sector Bank,24.8645007675679,11.2933926384092,13,11.9,8,4.46114891747728,2015,4.82571077652898,TRUE,0.364561859051696,0,11.2933926384092,OK,19.5775047777186,13,11.9,6.38610640092723,6.05378518913893,35.1811624629026,24.8645007675679,19.5775047777186
2015,PUNJAB AND SIND BANK,2553.52,3082.19,2266,198.4576,3557.6491,150,63870.1767,97753.4036,86714.716,73.655522,21.530422,27.511409,1.746772,0.13,2.28798,7.811295,1595,11.24,3.55,6909.3525,1332.4976,1679.1946,654.1015,775.4498,121.3483,Public Sector Bank,26.4808464111557,11.5849375153857,11,6.5,7.5,4.82571077652898,2016,6.61656725012506,TRUE,1.79085647359609,1,22.6852288560061,OK,21.2219720393616,11,6.5,7.41022760516221,7.15478063868049,34.7632630741904,26.4808464111557,21.2219720393616
2016,PUNJAB AND SIND BANK,3082.19,4229.05,2949.47,250.7299,3571.8291,800,63916.0737,102581.4186,91249.9639,70.0450399849419,22.7168496446934,32.626750350593,2.17215047898947,0.34,5.80945853914404,7.09395134309457,1620,10.91,4.62,6568.554,1384.3774,2175.7869,933.9228,1269.8952,335.9724,Public Sector Bank,30.2569134912096,0.0718598293779182,10.5,5.1,6.75,6.61656725012506,2017,10.7956464772203,TRUE,4.17907922709524,1,15.7875326506266,OK,22.0835128456746,10.5,5.1,7.99625378567371,8.02848944993222,34.4549951026575,30.2569134912096,22.0835128456746
2017,PUNJAB AND SIND BANK,4229.05,6297.59,4375.08,252.4634,4112.2138,,58334.5334,96643.4371,85540.1613,68.1954914667667,27.5420557337668,36.5295626072497,2.16773584040297,0.2,3.32022457082127,6.5857423805931,1534,11.05,7.51,6013.54,1495.55,2159.33,1040.7936,1241.8778,201.0842,Public Sector Bank,30.5277098064498,-8.73260821088264,11.8,4.4,6.25,10.7956464772203,2018,11.7195656014982,TRUE,0.923919124277884,1,-8.73260821088264,OK,16.526855511394,11.8,4.4,8.256306,7.972023,34.943218,30.5277098064498,16.526855511394
2018,PUNJAB AND SIND BANK,6297.59,7801.65,4607.87,267.9331,5988.4514,694,66569.4469,113759.2423,101726.1664,65.4398462616203,23.6521513111891,36.1337719030981,2.12468463460071,-0.69,-12.0695888430245,5.78036806346793,1818,11.25,6.93,5713.5566,1671.6836,2235.1967,1888.5113,1144.7136,-743.7977,Public Sector Bank,40.9372376356284,14.116704154524,11,2.2,6,11.7195656014982,2019,12.4406268943069,TRUE,0.721061292808678,1,4.48421884450623,OK,24.2065627142976,11,2.2,6.795383,6.231181,37.452479,40.9372376356284,24.2065627142976
2019,PUNJAB AND SIND BANK,7801.65,8605.87,4994.23,208.0512,4733.0333,1579.2541,69175.5333,108982.0458,98557.6045,70.1879207098626,26.7935511764594,34.7537377062766,2.04694991166301,-0.47,-9.14631281781311,5.98219873041146,1887,10.93,7.22,6278.969,1711.122,2279.7013,1940.3356,1396.8577,-543.4779,Public Sector Bank,41.9671689207483,3.91483859542177,10.6,0.7,6.25,12.4406268943069,2020,15.1930835226506,TRUE,2.75245662834375,1,18.7978681310583,OK,22.5466524593098,10.6,0.7,6.45,5.81,37.347347,41.9671689207483,22.5466524593098
2020,PUNJAB AND SIND BANK,8605.87,8874.57,4684.15,304.2599,9184.1416,,58411.9082,100503.807,89667.5534,65.1427478336885,29.5729046846058,41.0262229714317,1.964375897,-0.91,-17.53966837,5.961722506,1698,12.76,8.03,5871.98,1858.03,2057.54,2087.7131,1096.9148,-990.7983,Public Sector Bank,47.2182877592943,-15.5598729587243,6.4,6,4.4,15.1930835226506,2021,15.3162771354293,TRUE,0.123193612778667,0,-36.9000204749159,OK,23.5246676740394,6.4,6,3.871437,3.944641,33.785447,47.2182877592943,23.5246676740394
2021,PUNJAB AND SIND BANK,8874.57,9334,2461.95,247.5204,6960.9951,800,60941.7022,110481.8853,96108.1796,63.4094854919092,32.8071888690731,41.2015990587148,2.144,-2.55,-39.155,4.794,1849,17.06,4.04,4711.9993,2393.4965,2261.915,3504.9329,772.0325,-2732.9004,Public Sector Bank,73.6238482965502,4.33095592655197,-1.2,7.3,4,15.3162771354293,2022,13.4610761878646,TRUE,-1.85520094756465,0,12.1516330843436,OK,37.5501703449754,-1.2,7.3,-5.777724706874,-4.145902641222,32.071601,73.6238482965502,37.5501703449754
2022,PUNJAB AND SIND BANK,9334,8564.82,1742.27,279.8992,5859.3392,,63626.5621,121067.5464,102137.014,62.295303,33.805981,42.531844,2.290064,0.85,9.288219,4.244947,2031,18.54,2.74,4444.5,2280.6,2651.31,291.0359,1330.0905,1039.0546,Public Sector Bank,79.6578328557985,4.40562013051222,18.9,4.2,4,13.4610761878646,2023,7.35258004502036,TRUE,-6.10849614284427,0,5.53673390766793,OK,3.39803872118737,18.9,4.2,9.689592491912,9.375448587977,36.663675,79.6578328557985,3.39803872118737
2023,PUNJAB AND SIND BANK,8564.82,5648.21,1411.5,323.5185,5901.8823,,76819.4289,136454.517,109665.49,70.048863,33.58678,38.70002,2.309224,0.98,9.018336,4.454941,2145,17.1,1.84,5019.35,2463.4,2973.38,136.9098,1449.9388,1313.029,Public Sector Bank,75.0097818600937,20.7348414947599,14,6.7,6.5,7.35258004502036,2024,5.63881355973626,TRUE,-1.7137664852841,0,39.5733393886368,OK,2.42395024264325,14,6.7,7.609364977704,7.214814133485,35.24891,75.0097818600937,2.42395024264324
2024,PUNJAB AND SIND BANK,5648.21,4665.35,1350.46,262.2745,7050.19,,82736.3762,147656.5259,119409.5543,69.287903,32.416379,37.436741,1.999952,0.41,3.886308,5.51074,2335,17.16,1.63,6852.93,2931.57,2841.04,535.517,1130.9369,595.4199,Public Sector Bank,71.0534043533711,7.70240990427358,12,7,6.5,5.63881355973626,2025,3.46357944272501,TRUE,-2.17523411701125,0,28.2171813024624,OK,11.4786028915301,12,7,9.190754930285,8.559254114773,34.642678,71.0534043533711,11.4786028915301
2025,PUNJAB AND SIND BANK,4665.35,3370.0594,937.0578,226.5552,8567.2459,,97299.9019,161815.168,129774.0219,74.976409,31.431513,36.216285,2.445238,0.67,7.032847,5.680907,2571,17.4,0.96,7697.64,3276.39,3783.66,1059.0913,2074.9222,1015.8309,Public Sector Bank,72.1946206645497,17.6023248405216,9.8,6.7,6.25,3.46357944272501,,,FALSE,,,-6.83267372565046,OK,31.4264876162123,9.8,6.7,6.49476552384,6.414086697106,,72.1946206645497,31.4264876162123
2005,PUNJAB NATIONAL BANK,4670.13,3741.34,119.44,655.6132,8804.5837,13.1235,60412.7514,126241.2809,103166.8869,58.558277,46.340153,46.792193,3.505874,1.17,21.409075,4.357532,276.87,14.78,0.2,4453.1094,3277.9635,4006.7414,994.3363,2404.4564,1410.1201,Public Sector Bank,96.8075609273683,,14.1,2.6,6,6.19296409002819,2006,4.20528011309609,TRUE,-1.98768397693209,0,43.9686069060746,OK,26.5770098413937,14.1,2.6,7.92293807295951,7.05093547208952,29.739689583569,96.8075609273683,26.5770098413937
2006,PUNJAB NATIONAL BANK,3741.34,3138.29,210.17,753.9096,22640.6454,42.8461,74627.3712,145267.3864,119684.9168,62.353196,48.988617,45.684881,3.437655,1.09,16.413945,4.138882,330.92,11.95,0.29,4917.3859,3023.1526,4666.766,1477.8031,2917.114,1439.3109,Public Sector Bank,93.3030408279668,23.5291713596742,14,3.9,6.5,4.20528011309609,2007,3.5101886166734,TRUE,-0.695091496422695,0,23.5291713596742,OK,47.0894372413002,14,3.9,7.92342866735518,8.28129114504204,32.8676900977815,93.3030408279668,47.0894372413002
2007,PUNJAB NATIONAL BANK,3138.29,3390.72,725.62,963.3897,11408.6395,1969.2277,96596.5186,162422.4965,139859.6711,69.066742,46.156497,37.814626,3.388631,1.03,15.547125,4.328711,407.41,12.29,0.76,6022.9067,3326.231,5213.2367,2077.321,3617.4052,1540.0842,Public Sector Bank,78.5998254058135,29.4384580975298,17.1,7.8,7.75,3.5101886166734,2008,2.77762049950438,TRUE,-0.732568117169014,0,14.237707168963,OK,61.2648935919215,17.1,7.8,8.06072889963741,8.05441849702261,33.498253505701,78.5998254058135,61.2648935919215
2008,PUNJAB NATIONAL BANK,3390.72,3319.3,753.78,1442.1345,13816.0172,421.975,119501.5662,199020.3606,166457.226,71.791156,42.990541,38.67471,3.062258,1.15,18.008091,5.396469,504.52,13.46,0.64,8730.8619,3525.4771,5534.1557,1957.4761,4006.2392,2048.7631,Public Sector Bank,77.2909950893261,23.7120839673822,15.1,7.5,7.75,2.77762049950438,2009,1.6204664312345,TRUE,-1.15715406826988,0,19.0412247379222,OK,58.9725574669358,15.1,7.5,7.66082415755608,7.3833652744116,38.7091453329433,77.2909950893261,58.9725574669358
2009,PUNJAB NATIONAL BANK,3021.46,2506.91,263.85,1628.7553,15429.4983,209.607,154702.9887,246918.6173,209760.4967,73.752204,38.834725,31.810856,3.064057,1.39,22.919203,6.147675,654.92,14.03,0.17,12295.3036,4206.2017,6831.9132,2599.5163,5690.3973,3090.881,Public Sector Bank,89.4750908488937,29.4568712522866,12.6,10.2,5,1.6204664312345,2010,1.72260942705151,TRUE,0.102142995817013,0,-4.86195212995164,ABOVE_100_SUSPECT,103.694041668827,12.6,10.2,3.08669937408871,4.31239885000613,34.63759214019,89.4750908488937,103.694041668827
2010,PUNJAB NATIONAL BANK,2506.9,3214.41,981.69,1330.5228,16997.0527,1036.5164,186601.208,296632.7772,249329.803,74.841116,40.849507,35.69938,3.119511,1.44,24.124607,5.212755,807.95,14.16,0.53,12944.0233,4761.9169,8478.0716,3420.9247,7326.2822,3905.3575,Public Sector Bank,69.4597142243833,20.619006502749,15.5,13.9,5,1.72260942705151,2011,1.80886799630339,TRUE,0.0862585692518747,0,6.83286038272049,ABOVE_100_SUSPECT,106.424653357848,15.5,13.9,7.86188237155002,6.85655166937235,36.237403409036,69.4597142243833,106.424653357848
2011,PUNJAB NATIONAL BANK,3214.41,4379.39,2038.63,1723.665,22053.231,875.6775,242106.6661,378325.2402,312898.7266,77.375408,38.45494,32.480315,3.498688,1.34,22.601726,4.907393,1017.8,12.42,0.85,15179.1441,6364.2242,11807.3359,4622.1967,9055.692,4433.4953,Public Sector Bank,53.4494530060122,29.7454977354702,19.9,10,6.75,1.80886799630339,2012,2.96813112806162,TRUE,1.15926313175824,1,-90.8366756571684,ABOVE_100_SUSPECT,105.544304115413,19.9,10,8.49758687599316,8.02988178640115,40.1198616832315,53.4494530060122,105.544304115413
2012,PUNJAB NATIONAL BANK,4379.39,8719.62,4454.23,1935.2609,16557.6351,3184.9421,293774.7567,458192.3472,379588.4792,77.392959,35.335443,31.327727,3.20721,1.19,19.804585,6.179601,1131.99,12.63,1.52,23061.6907,7002.7511,13414.4397,5730.0885,10614.2929,4884.2044,Public Sector Bank,48.9171546466474,21.341044190274,14.4,8.2,8.5,2.96813112806162,2013,4.36074110104249,TRUE,1.39260997298086,1,14.925685463126,OK,65.7148878047438,14.4,8.2,5.24131422482317,5.22332743548782,38.9523817758518,48.9171546466474,65.7148878047438
2013,PUNJAB NATIONAL BANK,8719.62,13465.79,7236.5,1939.2444,15947.0053,2135.6874,308795.9062,478947.7339,391560.0633,78.862973,39.162404,30.036982,3.169003,1,15.696774,6.61367,1165.06,12.72,2.35,27036.8241,8165.0545,14848.9991,6159.7018,10907.3733,4747.6715,Public Sector Bank,46.2601154481096,5.11315188164361,13.8,11.2,7.5,4.36074110104249,2014,5.4055909171189,TRUE,1.04484981607641,1,14.6772765960304,OK,45.743337746987,13.8,11.2,5.45638755164234,5.41917342231536,39.5016796432622,46.2601154481096,45.743337746987
2014,PUNJAB NATIONAL BANK,13465.79,18880.06,9916.99,2124.9899,20120.59,,349269.1232,550419.9153,451396.7466,77.375197,38.297155,33.737652,3.137066,0.64,9.74905,5.984183,1283,11.52,2.85,27077.28,9338.23,16145.97,8041.8833,11384.4535,3342.5702,Public Sector Bank,47.473736841938,13.1067854810829,13,11.9,8,5.4055909171189,2015,6.75230929158571,TRUE,1.34671837446681,1,23.9227262043637,OK,42.5945855044952,13,11.9,6.38610640092723,6.05378518913893,35.1811624629026,47.473736841938,42.5945855044952
2015,PUNJAB NATIONAL BANK,18880.06,25694.86,15396.5,2271.0604,21953.8815,,380534.4052,603333.596,501378.6389,75.89761,36.655025,36.327107,2.869862,0.53,8.166965,5.79808,1319,12.21,4.06,29759.79,10491.55,16555.57,8893.1686,11954.7529,3061.5843,Public Sector Bank,40.0794555798319,8.95163068339617,11,6.5,7.5,6.75230929158571,2016,13.5374332627257,TRUE,6.78512397114003,1,161.653908363949,OK,34.6106910097973,11,6.5,7.41022760516221,7.15478063868049,34.7632630741904,40.0794555798319,34.6106910097973
2016,PUNJAB NATIONAL BANK,25694.86,55818.33,35422.56,2223.8461,24255.2217,2469,412325.8,667390.4554,553051.1281,74.5547344630758,37.1725736291831,33.8071230080679,2.40992965909955,-0.61,-10.2711293102407,5.65283195386118,1359,11.28,8.61,32112.572,9972.4543,15311.7779,15313.7713,11339.3753,-3974.396,Public Sector Bank,36.5395560920579,8.35440747684593,10.5,5.1,6.75,13.5374332627257,2017,13.199369299069,TRUE,-0.33806396365674,0,8.35440747684594,OK,27.4350223304782,10.5,5.1,7.99625378567371,8.02848944993222,34.4549951026575,36.5395560920579,27.4350223304782
2017,PUNJAB NATIONAL BANK,55818.33,55370.45,32702.1,2098.4803,23111.5154,22000,419493.1496,720330.5484,621704.0164,67.4747369381801,41.8230942604539,31.7354533743738,2.16083370633494,0.19,3.29521521782345,5.09615399262463,1417,11.66,7.81,32282.8208,9379.3837,14993.1716,13240.3584,14565.1602,1324.8018,Public Sector Bank,40.9394361071655,1.7382733750835,11.8,4.4,6.25,13.199369299069,2018,19.9707438086534,TRUE,6.77137450958444,1,1.73827337508349,OK,23.9123185742576,11.8,4.4,8.256306,7.972023,34.943218,40.9394361071655,23.9123185742576
2018,PUNJAB NATIONAL BANK,55370.45,86620.05,48684.29,2105.1761,26683.8563,29054.0596,433734.7213,765830.1045,642226.1919,67.5361308477335,40.9898122219515,36.0324203539847,2.00818154765185,-1.6,-29.5360314373203,4.81917873313005,1474,9.2,11.24,33073.3643,13509.073,14922.402,22577.0182,10294.198,-12282.8202,Public Sector Bank,43.795587742099,3.39494738199653,11,2.2,6,19.9707438086534,2019,17.1244596385323,TRUE,-2.84628417012114,0,19.9573550891016,OK,26.0644252687455,11,2.2,6.795383,6.231181,37.452479,43.795587742099,26.0644252687455
2019,PUNJAB NATIONAL BANK,86620.05,78472.7,30037.66,1853.9298,30275.204,12200,458249.2041,774949.4617,676030.1361,67.785321930118,42.1638698156847,35.5458863305421,2.22696506059103,-1.25,-23.2362445635747,4.88793816736376,1680,9.73,6.56,34153.937,11538.4806,17156.3113,22970.729,12995.243,-9975.486,Public Sector Bank,61.7221530545018,5.65195304782715,10.6,0.7,6.25,17.1244596385323,2020,15.5732180338033,TRUE,-1.55124160472897,0,5.65195304782716,OK,29.272255191933,10.6,0.7,6.45,5.81,37.347347,61.7221530545018,29.272255191933
2020,PUNJAB NATIONAL BANK,78472.7,73478.76,27218.9,2746.1724,35651.678,20000,471827.7227,830665.9117,703846.3206,67.0356168513869,42.9745184065398,32.6374273259717,2.172100677,0.04,0.627552609,4.982301645,1814,14.15,5.78,36362.2425,11973.3704,17437.7912,14402.3541,14738.5485,336.1944,Public Sector Bank,62.956778258098,2.96312977273319,6.4,6,4.4,15.5732180338033,2021,15.487802022868,TRUE,-0.0854160109353543,0,-9.55625676690746,OK,19.6007037952192,6.4,6,3.871437,3.944641,33.785447,62.956778258098,19.6007037952192
2021,PUNJAB NATIONAL BANK,73478.76,104423.42,38575.7,3478.0165,40480.8118,27500,674230.0802,1260632.6158,1106332.4728,60.9428084935084,44.5420371556864,36.1067841452263,2.431,0.15,2.288,4.33,1885,14.32,5.73,50272.7913,20308.7475,30545.6114,20137.5601,22159.1788,2021.6187,Public Sector Bank,63.0583828800091,42.8975127493076,-1.2,7.3,4,15.487802022868,2022,12.6956685823177,TRUE,-2.79213344055029,0,12.6170639479998,OK,19.2845245827038,-1.2,7.3,-5.777724706874,-4.145902641222,32.071601,63.0583828800091,19.2845245827038
2022,PUNJAB NATIONAL BANK,104423.42,92448.04,34908.73,3491.5463,82244.5703,29.4796,728185.6753,1314805.0226,1146218.4496,63.529398,46.557811,32.229012,2.228317,0.26,3.708707,3.838981,1941,14.5,4.8,46185.0766,20252.5951,28694.4603,17304.8595,20761.8231,3456.9636,Public Sector Bank,62.2396213051137,8.00254937958196,18.9,4.2,4,12.6956685823177,2023,9.30723486766947,TRUE,-3.38843371464822,0,24.2089972269844,OK,18.7184709378371,18.9,4.2,9.689592491912,9.375448587977,36.663675,62.2396213051137,18.7184709378371
2023,PUNJAB NATIONAL BANK,92448.04,77327.67,22585.04,3712.9991,74463.5761,23057.6637,830833.9813,1461831.362,1281163.105,64.849977,41.994288,28.70326,2.484419,0.18,2.566983,3.859796,2164,15.5,2.72,50652.4747,24105.4085,34491.6366,20021.5545,22528.7594,2507.2049,Public Sector Bank,70.79306799235,14.0964467555216,14,6.7,6.5,9.30723486766947,2024,6.02966667168805,TRUE,-3.27756819598141,0,27.6013085671108,OK,25.8918372944639,14,6.7,7.609364977704,7.214814133485,35.24891,70.79306799235,25.8918372944639
2024,PUNJAB NATIONAL BANK,77327.67,56343.05,6798.77,3534.1693,61498.7423,22766.8406,934430.5924,1561835.007,1369712.806,68.220914,40.336876,27.552719,2.651289,0.54,7.991592,4.701148,2384,15.97,0.73,66818.552,28535.798,40083.068,16686.1941,24930.8096,8244.6155,Public Sector Bank,87.9332588491393,12.468990608437,12,7,6.5,6.02966667168805,2025,4.09119631641757,TRUE,-1.93847035527048,0,33.1889701652208,OK,29.6153546888214,12,7,9.190754930285,8.559254114773,34.642678,87.9332588491393,29.6153546888214
2025,PUNJAB NATIONAL BANK,56343.05,44081.6,4290.55,3211.9965,61092.6114,16247.7682,1077474.572,1818170.731,1566623.283,68.776877,36.610137,27.267869,2.531485,0.97,14.223645,5.049575,2686,17.01,0.4,78978.5572,32260.8715,42782.1698,10200.4684,26830.6696,16630.2012,Public Sector Bank,90.2668006605931,15.3081438860648,9.8,6.7,6.25,4.09119631641757,,,FALSE,,,-6.7914027588162,OK,23.1399686036805,9.8,6.7,6.49476552384,6.414086697106,,90.2668006605931,23.1399686036804
2005,RBL BANK LTD,38.84,46,23.49,12.9174,81.1866,10,423.7545,869.7974,783.7459,54.067843,28.468015,31.248376,3.180413,-1.17,-19.14049,5.152448,220.75,12.03,5.54,38.7478,22.2575,26.7968,19.0024,9.5425,-9.4599,Private Sector Bank,48.9347826086957,,14.1,2.6,6,10.855341949171,2006,8.00472990097687,TRUE,-2.85061204819417,0,64.2857142857143,OK,41.3095652173913,14.1,2.6,7.92293807295951,7.05093547208952,29.739689583569,48.9347826086957,41.3095652173913
2006,RBL BANK LTD,46,39.29,12.79,14.8868,99.7432,,490.8348,978.418,874.1775,56.148185,38.297039,32.521329,3.248842,0.07,1.188658,4.800415,250.92,10.77,2.61,40.22,23.41,30.02,12.3926,12.9833,0.5907,Private Sector Bank,67.4471875795368,15.8299911859343,14,3.9,6.5,8.00472990097687,2007,7.17224219747699,TRUE,-0.832487703499875,0,43.8406600442294,OK,31.5413591244591,14,3.9,7.92342866735518,8.28129114504204,32.8676900977815,67.4471875795368,31.5413591244591
2007,RBL BANK LTD,39.29,38.05,10.2,13.0224,108.7803,10,530.5175,1146.6282,876.3902,60.534394,37.841181,34.201115,3.18811,0.31,2.376916,4.808223,254.41,34.34,1.92,42.4398,32.1458,33.8744,3.3608,6.3727,3.0119,Private Sector Bank,73.1931668856767,8.08473645307954,17.1,7.8,7.75,7.17224219747699,2008,6.33157515045386,TRUE,-0.840667047023128,0,23.9606517366855,OK,8.83258869908016,17.1,7.8,8.06072889963741,8.05441849702261,33.498253505701,73.1931668856767,8.83258869908016
2008,RBL BANK LTD,38.05,37.09,5.81,19.5442,109.916,40,585.7942,1474.634,1101.0718,53.20218,38.340116,41.030826,4.188837,1.31,6.514271,5.262948,310,49.15,0.99,52.3786,29.7509,54.9002,16.8665,33.8768,17.0103,Private Sector Bank,84.3354003774602,10.4193923857366,15.1,7.5,7.75,6.33157515045386,2009,2.15574812074187,TRUE,-4.175827029712,0,12.5900539784341,OK,45.4745214343489,15.1,7.5,7.66082415755608,7.3833652744116,38.7091453329433,84.3354003774602,45.4745214343489
2009,RBL BANK LTD,37.09,17.27,5.45,16.2909,77.083,105,801.114,1706.9476,1307.0477,61.291872,33.473032,29.578063,3.987583,1.96,9.190974,6.154022,373,42.3,0.68,74.4378,33.2533,63.4341,15.3156,45.8411,30.5255,Private Sector Bank,68.4423856398379,36.7569019973226,12.6,10.2,5,2.15574812074187,2010,2.36149760983805,TRUE,0.20574948909618,0,-1.92054764130762,OK,88.6832657788072,12.6,10.2,3.08669937408871,4.31239885000613,34.63759214019,68.4423856398379,88.6832657788072
2010,RBL BANK LTD,17.27,27.64,11.36,21.0851,159.2327,50,1170.4437,2085.7531,1585.0367,73.843319,36.120596,25.587314,3.106952,1.05,5.504867,5.872215,391,34.07,0.97,85.2471,38.7037,58.9187,14.3269,33.4349,19.108,Private Sector Bank,58.9001447178003,46.1020154434949,15.5,13.9,5,2.36149760983805,2011,1.12903470472121,TRUE,-1.23246290511684,0,31.5284712751896,OK,51.8339363241679,15.5,13.9,7.86188237155002,6.85655166937235,36.237403409036,58.9001447178003,51.8339363241679
2011,RBL BANK LTD,27.64,21.51,6.89,18.0592,146.1141,50,1905.1673,3229.6875,2042.1568,93.291921,34.542083,26.739316,3.580354,0.53,1.714414,5.15946,435,56.41,0.36,94.0324,94.4775,95.1558,6.9314,19.2577,12.3263,Private Sector Bank,67.9683867968387,62.7730834041825,19.9,10,6.75,1.12903470472121,2012,0.801254632623904,TRUE,-0.327780072097304,0,0.0718598293779182,OK,32.2240818224082,19.9,10,8.49758687599316,8.02988178640115,40.1198616832315,67.9683867968387,32.2240818224082
2012,RBL BANK LTD,21.51,33.11,8.39,32.6136,230.6892,269.9631,4132.2694,7205.325,4739.3299,87.191006,21.507059,20.424295,3.580107,1.38,5.899835,7.249968,607,23.2,0.2,278.2912,139.0967,186.7923,49.099,114.8283,65.7293,Private Sector Bank,74.6602234974328,116.897980560552,14.4,8.2,8.5,0.801254632623904,2013,0.406197284531945,TRUE,-0.395057348091959,0,30.2670695462451,ABOVE_100_SUSPECT,148.29054666264,14.4,8.2,5.24131422482317,5.22332743548782,38.9523817758518,74.6602234974328,148.29054666264
2013,RBL BANK LTD,33.11,25.9,6.88,54.6381,236.2024,165,6376.212,12963.3621,8340.5186,76.448628,19.715334,20.624742,2.553934,1.06,6.725149,7.401145,739,17.11,0.11,621.7734,227.2961,257.5475,64.2207,156.6895,92.4688,Private Sector Bank,73.4362934362934,54.3029116155883,13.8,11.2,7.5,0.406197284531945,2014,0.790540173609536,TRUE,0.384342889077592,0,54.3029116155883,CAPPED_AT_150_SUSPECT,247.956370656371,13.8,11.2,5.45638755164234,5.41917342231536,39.5016796432622,73.4362934362934,150
2014,RBL BANK LTD,25.9,77.75,30.51,114.0246,866.7089,,9835.0473,18198.1328,11598.6021,84.795109,20.43083,26.028563,2.192617,0.67,5.307549,7.737372,697,14.64,0.31,1009.99,423.9,341.63,86.0245,178.6944,92.6699000000001,Private Sector Bank,60.7588424437299,54.2459268920167,13,11.9,8,0.790540173609536,2015,0.769767081270289,TRUE,-0.0207730923392467,0,23.0944780654428,ABOVE_100_SUSPECT,110.642443729904,13,11.9,6.38610640092723,6.05378518913893,35.1811624629026,60.7588424437299,110.642443729904
2015,RBL BANK LTD,77.75,111.23,38.59,159.4166,1296.261,199.8139,14449.8255,27104.6718,17099.2508,84.505606,18.464984,30.717399,2.456204,1.02,10.067546,7.572498,823,13.13,0.27,1396.7218,599.6507,556.3647,152.9465,360.1207,207.1742,Private Sector Bank,65.3061224489796,46.921769252701,11,6.5,7.5,0.769767081270289,2016,0.980023489474322,TRUE,0.210256408204032,0,17.9301122381553,ABOVE_100_SUSPECT,137.504719949654,11,6.5,7.41022760516221,7.15478063868049,34.7632630741904,65.3061224489796,137.504719949654
2016,RBL BANK LTD,111.23,208.05,124.44,136.0911,1203.655,,21229.083,39161.0859,24348.6512,87.1879219330227,18.636953491699,32.3246232538636,2.47248934723944,0.99,11.2070386207222,7.27220885631316,1095,12.94,0.59,1925.1,767.34,819.21,249.9283,542.4129,292.4846,Private Sector Bank,40.1874549387167,46.9158433781778,10.5,5.1,6.75,0.980023489474322,2017,1.21172039232073,TRUE,0.231696902846404,0,15.6815975208958,ABOVE_100_SUSPECT,120.128959384763,10.5,5.1,7.99625378567371,8.02848944993222,34.4549951026575,40.1874549387167,120.128959384763
2017,RBL BANK LTD,208.05,356.84,189.94,164.8328,2783.0958,,29449.0381,48674.7711,34588.0914,85.1421310283689,21.9807687914228,31.7347900066047,2.78094719335408,1.08,12.1790361218893,6.65391201990183,1216,13.72,0.64,2491.82,1056.39,1221.33,474.3644,920.4099,446.0455,Private Sector Bank,46.7716623696895,38.7202551330173,11.8,4.4,6.25,1.21172039232073,2018,1.40740106708432,TRUE,0.195680674763596,0,37.6473421595718,ABOVE_100_SUSPECT,132.934760677054,11.8,4.4,8.256306,7.972023,34.943218,46.7716623696895,132.934760677054
2018,RBL BANK LTD,356.84,566.73,312.56,215.2635,2374.0703,414.7455,40267.8393,61850.7552,43902.2636,91.7215560156219,24.3227822995441,28.0411839728386,3.19615668729007,1.22,11.5265764353779,5.96498690826408,1506,15.33,0.78,2741.281,1503.408,1766.2845,695.9766,1331.0649,635.0883,Private Sector Bank,44.8485169304607,36.7373669838133,11,2.2,6,1.40740106708432,2019,1.38951282988208,TRUE,-0.0178882372022386,0,35.1616444814072,ABOVE_100_SUSPECT,122.805674659891,11,2.2,6.795383,6.231181,37.452479,44.8485169304607,122.805674659891
2019,RBL BANK LTD,566.73,754.62,372.74,152.8519,4686.6665,99.9286,54308.2427,80358.8188,58394.4159,93.0024589902611,24.9809423986378,25.168254615611,3.57146347966699,1.3,12.1837274967809,6.34247233801953,1823,13.46,0.69,3761.2278,2042.0161,2539.4815,1072.8807,1939.8316,866.9509,Private Sector Bank,50.6056028199624,34.8675360885331,10.6,0.7,6.25,1.38951282988208,2020,3.68244573660205,TRUE,2.29293290671997,1,-19.5334689262537,ABOVE_100_SUSPECT,142.174962232647,10.6,0.7,6.45,5.81,37.347347,50.6056028199624,142.174962232647
2020,RBL BANK LTD,754.62,2136.52,1189.37,240.1391,6174.9386,1082.0095,58019.0491,88977.7681,57812.2235,100.357754100221,29.6054281669343,26.7265285118229,4.286892947,0.6,5.578226945,6.898488452,1492,16.45,2.05,4884.738,2825.562,3629.6391,2208.653,2714.3267,505.6737,Private Sector Bank,44.3314361672252,6.83286038272048,6.4,6,4.4,3.68244573660205,2021,4.43776650120263,TRUE,0.755320764600582,1,80.6420566992471,ABOVE_100_SUSPECT,103.376191189411,6.4,6,3.871437,3.944641,33.785447,44.3314361672252,103.376191189411
2021,RBL BANK LTD,2136.52,2601.53,1241.35,267.7207,6436.9825,2812.1834,58622.5075,100650.6129,73121.2747,80.1716159086598,31.8159273008407,30.2076443932392,3.995,0.55,4.369,5.547,1595,17.5,2.12,4541.4535,2754.5857,3787.5634,2409.2369,2917.0208,507.7839,Private Sector Bank,52.2838483507782,1.04010391304397,-1.2,7.3,4,4.43776650120263,2022,4.54566443886086,TRUE,0.107897937658228,0,-4.4928137522174,OK,92.6084611747702,-1.2,7.3,-5.777724706874,-4.145902641222,32.071601,52.2838483507782,92.6084611747702
2022,RBL BANK LTD,2601.53,2728.39,806.56,293.2299,12817.8476,530.5475,60021.8084,106208.5774,79006.5324,75.970691,35.287003,27.402016,3.893216,-0.07,-0.591241,4.652203,1370,16.82,1.34,4149.0501,3621.957,4026.7378,2820.0477,2745.3124,-74.7353,Private Sector Bank,70.4382437994568,2.38696869116355,18.9,4.2,4,4.54566443886086,2023,3.44663487328569,TRUE,-1.09902956557517,0,4.66612162126294,ABOVE_100_SUSPECT,103.359406096636,18.9,4.2,9.689592491912,9.375448587977,36.663675,70.4382437994568,103.359406096636
2023,RBL BANK LTD,2728.39,2419.86,772.54,316.6867,5921.3688,246.51,70209.3517,115876.1785,84886.5173,82.709662,37.363416,24.770513,4.50115,0.833,6.739675,4.88909,1311,16.92,1.1,4678.389,5285.1706,4998.1843,1319.7253,2202.4486,882.7233,Private Sector Bank,68.075012604035,16.9730695751579,14,6.7,6.5,3.44663487328569,2024,2.70395692961442,TRUE,-0.742677943671274,0,1.21047334271422,OK,54.5372583537891,14,6.7,7.609364977704,7.214814133485,35.24891,68.075012604035,54.5372583537891
2024,RBL BANK LTD,2419.86,2270.97,619.3,277.5406,11793.2766,758.9855,83986.9147,138432.2127,103493.5964,81.151798,35.217962,26.148528,4.752414,0.95,8.232625,5.67399,1403,16.18,0.74,6351.4075,6055.0321,6042.8939,1862.8339,3030.7545,1167.9206,Private Sector Bank,72.7297146153406,19.6235439672918,12,7,6.5,2.70395692961442,2025,2.66196947377137,TRUE,-0.0419874558430489,0,61.7864270744776,OK,82.0281157390895,12,7,9.190754930285,8.559254114773,34.642678,72.7297146153406,82.0281157390895
2025,RBL BANK LTD,2270.97,2465.47,270.79,212.4549,10752.3018,854.75,92618.2672,146725.484,110943.5302,83.482351,34.148703,24.150121,4.532947,0.498,4.574293,6.134095,1338,15.55,0.29,7576.0461,6642.4143,6463.0239,2931.4212,3626.7864,695.3652,Private Sector Bank,89.0166986416383,10.2770205702056,9.8,6.7,6.25,2.66196947377137,,,FALSE,,,79.7588173377097,ABOVE_100_SUSPECT,118.899082122273,9.8,6.7,6.49476552384,6.414086697106,,89.0166986416383,118.899082122273
2005,SOUTH INDIAN BANK LTD,328.25,366.13,204.22,59.8673,373.2942,,5365.2636,9477.5175,8492.3138,63.177877,24.787272,31.86669,2.743222,0.09,2.046915,5.200948,352,9.89,3.81,452.07,187.08,256.92,163.5309,172.2318,8.7009,Private Sector Bank,44.2219976511075,,14.1,2.6,6,6.82408223148626,2006,5.14612445668569,TRUE,-1.67795777480057,0,55.0330084924577,OK,44.6647092562751,14.1,2.6,7.92293807295951,7.05093547208952,29.739689583569,44.2219976511075,44.6647092562751
2006,SOUTH INDIAN BANK LTD,366.13,327.82,118.2,67.6297,478.4517,105,6370.2307,10827.4251,9578.6598,66.504405,26.411729,35.585123,3.05525,0.53,9.287677,4.803477,422,13.02,1.86,451.1391,226.0636,310.1834,105.4847,156.386,50.9013,Private Sector Bank,63.9436276005125,18.73099208024,14,3.9,6.5,5.14612445668569,2007,4.0562389876761,TRUE,-1.08988546900959,0,12.4825835550813,OK,32.177627966567,14,3.9,7.92342866735518,8.28129114504204,32.8676900977815,63.9436276005125,32.177627966567
2007,SOUTH INDIAN BANK LTD,327.82,321.21,77.81,69.6016,630.0685,267.4371,7918.9121,13652.579,12239.2087,64.701177,23.937039,37.035461,3.002598,0.88,15.257423,5.432269,508,11.08,0.98,609.0917,218.8551,367.518,147.6992,251.8168,104.1176,Private Sector Bank,75.7759721054762,24.3112294190538,17.1,7.8,7.75,4.0562389876761,2008,1.80298942687512,TRUE,-2.25324956080098,0,18.1132840549784,OK,45.9821300706703,17.1,7.8,8.06072889963741,8.05441849702261,33.498253505701,75.7759721054762,45.9821300706703
2008,SOUTH INDIAN BANK LTD,321.21,188.48,33.97,116.6887,856.96,44.7492,10453.7496,17089.9298,15156.1215,68.973778,24.075031,34.244009,2.447015,1.01,16.087857,6.532586,600.43,13.8,0.33,915.0979,248.0673,376.1369,119.0288,270.6523,151.6235,Private Sector Bank,81.9768675721562,32.0099209082015,15.1,7.5,7.75,1.80298942687512,2009,2.19920605251621,TRUE,0.396216625641088,0,12.9722103732299,OK,63.1519524617997,15.1,7.5,7.66082415755608,7.3833652744116,38.7091453329433,81.9768675721562,63.1519524617997
2009,SOUTH INDIAN BANK LTD,188.48,260.56,134.31,89.3162,908.4162,86.8941,11847.9121,20379.4066,18092.3322,65.48582,23.79575,33.996387,2.790996,1.09,15.80152,6.839235,645,14.76,1.13,1164.038,328.4769,522.8839,163.9261,358.6787,194.7526,Private Sector Bank,48.4533312864599,13.3364826339441,12.6,10.2,5,2.19920605251621,2010,1.33350882562276,TRUE,-0.865697226893443,0,-8.81651056757182,OK,62.9129950875038,12.6,10.2,3.08669937408871,4.31239885000613,34.63759214019,48.4533312864599,62.9129950875038
2010,SOUTH INDIAN BANK LTD,260.56,211,61.57,127.5742,1263.3746,82.1183,15822.9174,25534.0446,23011.5241,68.760841,23.133387,31.229616,2.475495,1.07,16.761267,6.517068,771,15.39,0.39,1367.4284,366.1814,568.2926,176.8109,410.5714,233.7605,Private Sector Bank,70.8199052132701,33.5502598808106,15.5,13.9,5,1.33350882562276,2011,1.12422762611684,TRUE,-0.209281199505927,0,33.5502598808106,OK,83.7966350710901,15.5,13.9,7.86188237155002,6.85655166937235,36.237403409036,70.8199052132701,83.79663507109
2011,SOUTH INDIAN BANK LTD,211,230.34,60.02,172.3254,1655.8657,,20488.7333,32820.2205,29721.0752,68.936716,21.547342,30.249919,2.711375,1.05,17.557858,6.14935,918,14.01,0.29,1654.92,462.53,791.1,232.699,525.2631,292.5641,Private Sector Bank,73.9428670660762,29.4877093904314,19.9,10,6.75,1.12422762611684,2012,0.979299077865068,TRUE,-0.144928548251769,0,14.116704154524,ABOVE_100_SUSPECT,101.024138230442,19.9,10,8.49758687599316,8.02988178640115,40.1198616832315,73.9428670660762,101.024138230442
2012,SOUTH INDIAN BANK LTD,230.34,267.16,76.51,191.9419,1379.8997,9.3101,27280.7364,40370.0586,36500.5348,74.740648,19.669046,18.761464,2.792009,1.12,19.994492,7.607281,1079,14,0.28,2561.6857,617.2921,1021.7396,249.8615,651.5175,401.656,Private Sector Bank,71.3617307980237,33.1499414851576,14.4,8.2,8.5,0.979299077865068,2013,1.36370484790363,TRUE,0.384405770038561,0,12.5317064487885,OK,93.5250411738284,14.4,8.2,5.24131422482317,5.22332743548782,38.9523817758518,71.3617307980237,93.5250411738284
2013,SOUTH INDIAN BANK LTD,267.16,433.87,249.53,237.9668,1458.7345,579.1983,31815.5355,49795.0316,44262.3023,71.879531,18.600089,26.134689,2.841069,1.17,19.405489,7.624589,1201,13.91,0.78,3153.4644,767.1686,1280.8261,346.3134,848.5858,502.2724,Private Sector Bank,42.4873810127458,16.6227151404901,13.8,11.2,7.5,1.36370484790363,2014,1.19409802903358,TRUE,-0.169606818870044,0,16.6227151404901,OK,79.8196233894946,13.8,11.2,5.45638755164234,5.41917342231536,39.5016796432622,42.4873810127458,79.8196233894945
2014,SOUTH INDIAN BANK LTD,433.87,432.62,281.67,264.84,1935.9682,41.881,36229.8563,54985.9671,47491.0897,76.287692,20.687875,31.660305,2.669889,1,15.91756,7.524129,1199,12.42,0.78,3616.2948,882.8913,1398.7683,376.844,884.341,507.497,Private Sector Bank,34.89205307198,13.8747336187379,13,11.9,8,1.19409802903358,2015,1.72083935550219,TRUE,0.526741326468605,1,15.3052524266687,OK,87.1073921686468,13,11.9,6.38610640092723,6.05378518913893,35.1811624629026,34.89205307198,87.1073921686468
2015,SOUTH INDIAN BANK LTD,432.62,643.45,357.05,298.6695,2142.9065,646.6875,37391.6367,59116.3164,51912.4877,72.028212,20.585211,35.359359,2.394746,0.56,8.824988,7.367518,1154,12.01,0.96,3919.9929,981.3006,1366.2302,574.7974,882.0013,307.2039,Private Sector Bank,44.5100629419535,3.20669337018598,11,6.5,7.5,1.72083935550219,2016,3.80268118181848,TRUE,2.08184182631629,1,10.5543080266062,OK,89.3305462739918,11,6.5,7.41022760516221,7.15478063868049,34.7632630741904,44.5100629419535,89.3305462739918
2016,SOUTH INDIAN BANK LTD,643.45,1562.36,1185.26,304.4243,2171.7011,499.9132,41085.7478,63474.8793,55720.7302,73.7351209370907,22.359674676338,40.1700579489027,2.46297948458627,0.55,8.96194327642015,7.11223611944059,1255,11.82,2.89,4047.4999,1147.8429,1509.698,546.0124,879.2788,333.2664,Private Sector Bank,24.1365626360122,9.87951163956402,10.5,5.1,6.75,3.80268118181848,2017,2.47687673003295,TRUE,-1.32580445178553,0,2.99041840178664,OK,34.9479249340741,10.5,5.1,7.99625378567371,8.02848944993222,34.4549951026575,24.1365626360122,34.9479249340741
2017,SOUTH INDIAN BANK LTD,1562.36,1149.01,674.56,462.6953,2615.2823,526.1346,46389.4705,74312.1535,66117.4898,70.1621774213213,23.815695132455,40.6481958012433,2.43192376808335,0.57,9.02924607541518,6.48803667683261,1484,12.37,1.45,4171.6459,1176.4042,1675.4378,822.0938,1214.5984,392.5046,Private Sector Bank,41.2920688244663,12.9089112015627,11.8,4.4,6.25,2.47687673003295,2018,3.62939008503742,TRUE,1.15251335500447,1,29.395979512048,OK,71.5480108963368,11.8,4.4,8.256306,7.972023,34.943218,41.2920688244663,71.5480108963368
2018,SOUTH INDIAN BANK LTD,1149.01,1980.3,1415.8,319.3943,2938.8435,767.5973,54562.8867,82685.8749,72029.5937,75.750651776896,23.7981893544958,41.4075720080991,2.50388239907349,0.43,6.63700475869009,5.81699446445426,1632,12.7,2.6,4227.2874,1321.9769,1965.523,1145.8987,1480.7908,334.8921,Private Sector Bank,28.5057819522295,17.6191194077113,11,2.2,6,3.62939008503742,2019,4.99517140024206,TRUE,1.36578131520464,1,50.4537043556142,OK,57.8649043074282,11,2.2,6.795383,6.231181,37.452479,28.5057819522295,57.8649043074282
2019,SOUTH INDIAN BANK LTD,1980.3,3131.66,2163.62,274.0669,3387.751,622.752,62693.7446,92279.2178,80420.1181,77.9577872815882,24.2068120016849,39.8229735028461,2.30869605911968,0.29,4.67918161007877,5.9690503134162,1725,12.61,3.45,4856.8176,1506.9322,2019.7061,991.4524,1238.9869,247.5345,Private Sector Bank,30.9114016208656,14.9018103545464,10.6,0.7,6.25,4.99517140024206,2020,5.06175772893388,TRUE,0.0665863286918169,0,5.67164324072116,OK,31.6590051282706,10.6,0.7,6.45,5.81,37.347347,30.9114016208656,31.6590051282706
2020,SOUTH INDIAN BANK LTD,3131.66,3261.77,2150.78,462.1363,2343.8472,1168.4449,64439.4729,97032.9006,83033.8881,77.6062332795903,25.0013657977796,42.3629844743811,2.448336662,0.11,1.934261578,6.18206163,1738,13.41,3.34,5446.2991,1717.6138,2317.499,1541.0459,1645.6355,104.5896,Private Sector Bank,34.0609546350601,2.78453346683649,6.4,6,4.4,5.06175772893388,2021,7.13656818037566,TRUE,2.07481045144179,1,-2.7252956218089,OK,47.2456948221364,6.4,6,3.871437,3.944641,33.785447,34.0609546350601,47.2456948221364
2021,SOUTH INDIAN BANK LTD,3261.77,4143.24,2734.52,422.9122,2881.7971,3730.9109,58056.4761,94149.1734,82710.549,70.19234765326,29.7299349324836,53.9161072161595,2.518,0.06,1.097,5.389,1736,15.42,4.71,4898.537,1974.4732,2406.9077,1599.6926,1661.6032,61.9106,Private Sector Bank,34.0004440968904,-9.90541435667144,-1.2,7.3,4,7.13656818037566,2022,6.08081983270867,TRUE,-1.05574834766699,0,-22.5603639512802,OK,38.6097015861982,-1.2,7.3,-5.777724706874,-4.145902641222,32.071601,34.0004440968904,38.6097015861982
2022,SOUTH INDIAN BANK LTD,4143.24,3648.09,1777.77,572.3146,3104.291,3795.772,59993.3907,100052.4215,89142.1078,67.300844,33.206953,49.160779,2.306631,0.04,0.771318,4.727738,1648,15.86,2.97,4346.7803,2026.2913,2239.7572,1202.587,1247.569,44.982,Private Sector Bank,51.2684719949343,3.33625932904322,18.9,4.2,4,6.08081983270867,2023,5.31235515428012,TRUE,-0.768464678428551,0,7.05233703826333,OK,32.9648391349994,18.9,4.2,9.689592491912,9.375448587977,36.663675,51.2684719949343,32.9648391349994
2023,SOUTH INDIAN BANK LTD,3648.09,3708.26,1293.61,516.9959,4122.2237,254.1221,69804.4444,107698.1813,91651.353,76.163027,32.980487,42.423497,2.899711,0.73,12.37259,4.262681,1724,17.25,2,4221.0962,2317.384,3012.0832,732.2388,1507.3267,775.0879,Private Sector Bank,65.1154449795861,16.3535575928033,14,6.7,6.5,5.31235515428012,2024,4.63785539183952,TRUE,-0.674499762440601,0,9.34638992611616,OK,19.7461558790376,14,6.7,7.609364977704,7.214814133485,35.24891,65.1154449795861,19.7461558790376
2024,SOUTH INDIAN BANK LTD,3708.26,3620.34,1134.58,554.8967,6104.8032,2157.8536,78060.6486,117412.79,101920.2587,76.589924,32.076712,38.666103,2.960367,0.93,13.809124,5.077076,1885,19.91,1.46,5280.7529,2979.9029,3332.056,797.5839,1867.6687,1070.0848,Private Sector Bank,68.6609544959866,11.8276196751736,12,7,6.5,4.63785539183952,2025,3.26770832066538,TRUE,-1.37014707117414,0,36.6999683743915,OK,22.0306352442036,12,7,9.190754930285,8.559254114773,34.642678,68.6609544959866,22.0306352442036
2025,SOUTH INDIAN BANK LTD,3620.34,2799.84,790.52,446.2592,4651.4436,4336.3476,85682.066,124655.1221,107525.6011,79.68527,31.369013,35.423531,2.879888,1.06,13.770056,5.428658,2115,19.31,0.92,5927.668,3028.9876,3485.6424,967.1987,2270.0839,1302.8852,Private Sector Bank,71.7655294588262,9.76345641073755,9.8,6.7,6.25,3.26770832066538,,,FALSE,,,115.46253766009,OK,34.544784701983,9.8,6.7,6.49476552384,6.414086697106,,71.7655294588262,34.544784701983
2005,STATE BANK OF BIKANER AND JAIPUR,483.66,399.51,193.95,51.7826,874.0236,565,12036.1878,23430.4348,19038.4029,63.220575,43.11593,45.157377,3.977888,0.88,16.813309,4.843118,220.29,12.6,1.61,871.9832,622.3827,868.9071,523.9942,729.6422,205.648,Public Sector Bank,51.4530299617031,,14.1,2.6,6,3.31924033289012,2006,2.44548883776175,TRUE,-0.873751495128365,0,-40.8084683248824,ABOVE_100_SUSPECT,131.159220044555,14.1,2.6,7.92293807295951,7.05093547208952,29.739689583569,51.4530299617031,131.159220044555
2006,STATE BANK OF BIKANER AND JAIPUR,399.51,388.73,187.16,58.3011,1573.7154,550,15895.7994,27514.0226,21693.6125,73.2741,42.065006,41.301026,3.897979,0.53,10.729915,4.499997,276.85,12.08,1.18,972.8783,759.7865,992.902,335.9923,481.0254,145.0331,Public Sector Bank,51.8534715612379,32.0667279717919,14,3.9,6.5,2.44548883776175,2007,2.25579788238052,TRUE,-0.189690955381238,0,32.0667279717919,OK,86.4333341908265,14,3.9,7.92342866735518,8.28129114504204,32.8676900977815,51.8534715612379,86.4333341908265
2007,STATE BANK OF BIKANER AND JAIPUR,388.73,463.03,222.8,62.2329,3591.1675,225,20526.2184,34507.4797,28480.4945,72.071145,35.014619,41.030526,3.027216,1,19.991372,5.234311,355.89,12.89,1.09,1435.4165,752.7595,938.7623,373.3981,679.2027,305.8046,Public Sector Bank,51.8821674621515,29.1298278462171,17.1,7.8,7.75,2.25579788238052,2008,1.74394252345728,TRUE,-0.511855358923241,0,15.8683003216999,OK,80.6423125931365,17.1,7.8,8.06072889963741,8.05441849702261,33.498253505701,51.8821674621515,80.6423125931365
2008,STATE BANK OF BIKANER AND JAIPUR,463.03,437.31,209.09,81.3248,3826.9747,,25075.9411,41153.9995,34108.4343,73.5183,35.264165,40.992773,2.482215,0.87,18.711568,6.232585,445.45,12.51,0.83,2112.98,749.51,939.04,346.1834,661.1851,315.0017,Public Sector Bank,52.1872355994603,22.1654208843456,15.1,7.5,7.75,1.74394252345728,2009,1.64260763883941,TRUE,-0.101334884617869,0,17.8410572608407,OK,79.1620132171686,15.1,7.5,7.66082415755608,7.3833652744116,38.7091453329433,52.1872355994603,79.1620132171686
2009,STATE BANK OF BIKANER AND JAIPUR,437.31,490.33,252.94,203.9439,3394.2225,275,29850.7074,46370.2005,39224.4215,76.102352,37.819062,38.801103,2.520954,0.92,21.462097,6.721365,555.39,14.52,0.85,2707.0577,787.4371,1103.2223,489.3841,892.837100000001,403.453,Public Sector Bank,48.4143332041686,19.0412247379222,12.6,10.2,5,1.64260763883941,2010,1.73937693411693,TRUE,0.0967692952775268,0,13.4736165365874,OK,99.807089103257,12.6,10.2,3.08669937408871,4.31239885000613,34.63759214019,48.4143332041686,99.807089103257
2010,STATE BANK OF BIKANER AND JAIPUR,490.33,611.85,270.18,310.6116,3386.3309,,35176.3892,54143.516,46058.8436,76.372715,39.063614,37.854589,2.41067,0.93,20.393282,6.067966,628,13.3,0.78,2765.69,890.47,1211.53,448.5697,903.7338,455.1641,Public Sector Bank,55.8421181662172,17.8410572608407,15.5,13.9,5,1.73937693411693,2011,2.02734261993933,TRUE,0.2879656858224,0,1.04010391304397,OK,73.3136716515486,15.5,13.9,7.86188237155002,6.85655166937235,36.237403409036,55.8421181662172,73.3136716515486
2011,STATE BANK OF BIKANER AND JAIPUR,611.85,835.4,341.33,318.5789,5058.2625,,41206.6511,62954.4917,53852.3251,76.517868,38.511327,36.549845,3.022637,0.96,20.913391,5.700882,751,11.68,0.83,3026.76,1269.17,1769.72,589.3679,1140.2484,550.8805,Public Sector Bank,59.141728513287,17.1429246637969,19.9,10,6.75,2.02734261993933,2012,3.35362486859933,TRUE,1.32628224866,1,17.1429246637969,OK,70.5491860186737,19.9,10,8.49758687599316,8.02988178640115,40.1198616832315,59.141728513287,70.5491860186737
2012,STATE BANK OF BIKANER AND JAIPUR,835.4,1651.47,945.41,351.4197,3985.6955,,49244.3271,72528.1333,61572.0916,79.978324,37.345094,35.351187,3.279234,0.99,18.587812,6.651494,827,13.76,1.92,4069.96,1330.75,2221.4,837.5827,1489.6145,652.0318,Public Sector Bank,42.7534257358596,19.5057734259798,14.4,8.2,8.5,3.35362486859933,2013,3.68382939972945,TRUE,0.330204531130115,0,19.5057734259798,OK,50.7174032831356,14.4,8.2,5.24131422482317,5.22332743548782,38.9523817758518,42.7534257358596,50.7174032831356
2013,STATE BANK OF BIKANER AND JAIPUR,1651.47,2119.49,1304.06,352.9964,5802.8636,,57534.9662,86016.8252,72116.2217,79.780894,35.877425,35.305486,3.236698,0.96,16.356541,6.947119,900,12.16,2.27,4932.37,1579.23,2565.81,982.6349,1712.8738,730.2389,Public Sector Bank,38.4729345267022,16.8357242107589,13.8,11.2,7.5,3.68382939972945,2014,4.25851784171918,TRUE,0.574688441989734,1,24.7172765421935,OK,46.361855918169,13.8,11.2,5.45638755164234,5.41917342231536,39.5016796432622,38.4729345267022,46.361855918169
2014,STATE BANK OF BIKANER AND JAIPUR,2119.49,2732.78,1770.85,432.7704,6313.629,,64172.0923,90876.9736,73874.7274,86.866097,39.511527,36.044117,3.192626,0.87,14.460288,6.665347,977,11.55,2.76,5344.78,2005.45,2823.78,962.9706,1694.6649,731.6943,Public Sector Bank,35.1996867658575,11.5358129818454,13,11.9,8,4.25851784171918,2015,4.23466112185265,TRUE,-0.0238567198665276,0,22.6027950369629,OK,35.2377652061271,13,11.9,6.38610640092723,6.05378518913893,35.1811624629026,35.1996867658575,35.2377652061271
2015,STATE BANK OF BIKANER AND JAIPUR,2732.78,2945.14,1769.17,558.0453,7229.1536,,69548.4223,102301.5418,84239.2737,82.560567,38.849148,38.72723,3.045302,0.84,13.666976,6.91572,1100,11.57,2.54,6064.02,1763.71,2941.43,1327.2412,2104.1127,776.8715,Public Sector Bank,39.9291714485559,8.37798770042599,11,6.5,7.5,4.23466112185265,2016,4.94019652796616,TRUE,0.705535406113505,1,71.3343846095854,OK,45.0654705718574,11,6.5,7.41022760516221,7.15478063868049,34.7632630741904,39.9291714485559,45.0654705718574
2016,STATE BANK OF BIKANER AND JAIPUR,2945.14,3602.76,2005.19,502.553,9212.6339,,72927.4631,110288.0804,94004.8464,77.5784078085574,38.7010039303676,39.3578850544165,3.10865588433225,0.83,13.3370150992359,6.62915522451503,1215,10.44,2.75,6288.13,2056.36,3304.34,1454.4344,2305.0341,850.5997,Public Sector Bank,44.3429481841699,4.85854414558011,10.5,5.1,6.75,4.94019652796616,2017,16.4688997036637,TRUE,11.5287031756975,1,16.130639863435,OK,40.3700052182216,10.5,5.1,7.99625378567371,8.02848944993222,34.4549951026575,44.3429481841699,40.3700052182216
2017,STATE BANK OF BIKANER AND JAIPUR,3602.76,10676.79,6829.7,679.2121,7917.4504,2000,64830.0141,116293.3423,104008.7251,62.3313227209243,45.6341281506584,44.3696334164456,2.54091810855242,-1.22,-20.8988736793361,6.15837738172406,1352,9,10.53,6274.8985,2352.0993,2878.6242,3310.4747,1942.1422,-1368.3325,Public Sector Bank,36.0322718719765,-11.1034288809643,11.8,4.4,6.25,16.4688997036637,,,FALSE,,,-11.1034288809643,OK,31.0062734211313,11.8,4.4,8.256306,7.972023,34.943218,36.0322718719765,31.0062734211313
2005,STATE BANK OF HYDERABAD,691.35,553.32,95.32,72.8523,1317.8635,200,15599.739,34922.2903,28929.5151,53.923265,32.628625,39.685752,2.935477,0.79,15.026274,4.896714,339.74,11.74,0.61,1362.7159,670.7939,962.3725,462.3205,713.2156,250.8951,Public Sector Bank,82.7730788693704,,14.1,2.6,6,3.54698242066742,2006,2.17159362848505,TRUE,-1.37538879218237,0,-22.2173638497373,OK,83.5539109376129,14.1,2.6,7.92293807295951,7.05093547208952,29.739689583569,82.7730788693704,83.553910937613
2006,STATE BANK OF HYDERABAD,553.32,453.06,75.39,85.0052,2192.6878,350,20863.0194,40630.4027,34024.5958,61.317464,34.339529,41.681214,2.89686,1.13,22.014468,4.977652,414.34,12.08,0.36,1654.5465,816.1217,1094.328,310.2063,737.251,427.0447,Public Sector Bank,83.3598198914051,33.7395414115582,14,3.9,6.5,2.17159362848505,2007,1.24809439078568,TRUE,-0.923499237699372,0,33.7395414115582,OK,68.4691431598464,14,3.9,7.92342866735518,8.28129114504204,32.8676900977815,83.3598198914051,68.4691431598464
2007,STATE BANK OF HYDERABAD,453.06,350.83,61.3,94.9847,2777.185,499.4758,28109.2522,49052.3272,41502.6753,67.728772,31.378731,38.985174,2.738442,1.14,21.719078,5.358889,473.64,12.51,0.22,2134.5339,808.5027,1227.9546,498.3,1003.7963,505.4963,Public Sector Bank,82.5271499016618,34.7324261223665,17.1,7.8,7.75,1.24809439078568,2008,0.870155751519468,TRUE,-0.37793863926621,0,17.9741710125426,ABOVE_100_SUSPECT,142.034603654191,17.1,7.8,8.06072889963741,8.05441849702261,33.498253505701,82.5271499016618,142.034603654191
2008,STATE BANK OF HYDERABAD,350.83,311.94,56.97,97.4568,5449.3633,,35848.7546,61619.7199,50108.2985,71.54255,30.602202,32.7825,2.011175,1,21.279477,6.859866,599.08,11.97,0.16,3290.25,798.86,1112.9,434.2022,991.191,556.9888,Public Sector Bank,81.736872475476,27.5336474443813,15.1,7.5,7.75,0.870155751519468,2009,1.03797749199679,TRUE,0.167821740477318,0,17.1429246637969,ABOVE_100_SUSPECT,139.194139898698,15.1,7.5,7.66082415755608,7.3833652744116,38.7091453329433,81.736872475476,139.194139898698
2009,STATE BANK OF HYDERABAD,311.94,453.38,165.79,239.2756,5189.0415,,43679.1745,76721.8928,62448.9088,69.943855,30.674211,31.966814,2.120526,0.91,20.86613,6.950345,839.82,11.53,0.38,4242.71,933.14,1466.79,687.1556,1302.9646,615.809,Public Sector Bank,63.4324407781552,21.8429342591444,12.6,10.2,5,1.03797749199679,2010,1.2285507966114,TRUE,0.190573304614609,0,68.5057484000907,CAPPED_AT_150_SUSPECT,151.562839119502,12.6,10.2,3.08669937408871,4.31239885000613,34.63759214019,63.4324407781552,150
2010,STATE BANK OF HYDERABAD,453.38,648.98,288.93,387.3267,4718.7655,1998.7097,52824.8406,88386.0163,72970.7231,72.391828,28.446093,33.931505,2.256992,1.03,22.018635,6.114059,755.62,14.9,0.55,4470.882,983.7752,1863.2365,898.0836,1720.7905,822.7069,Public Sector Bank,55.4793676230392,20.9382759740571,15.5,13.9,5,1.2285507966114,2011,1.77757190318908,TRUE,0.54902110657768,1,2.38696869116355,ABOVE_100_SUSPECT,138.38386390952,15.5,13.9,7.86188237155002,6.85655166937235,36.237403409036,55.4793676230392,138.38386390952
2011,STATE BANK OF HYDERABAD,648.98,1150.45,562.72,447.3159,7588.9554,1710.3215,64720.3074,106698.0408,88627.8655,73.024784,30.172397,36.173095,2.920282,1.22,24.348151,5.727016,1037.68,14.25,0.87,5002.7821,1512.7909,2848.5024,1153.2305,2319.4656,1166.2351,Public Sector Bank,51.0869659698379,22.5186989016678,19.9,10,6.75,1.77757190318908,2012,2.60519116005439,TRUE,0.827619256865317,1,22.5186989016679,ABOVE_100_SUSPECT,100.241688035117,19.9,10,8.49758687599316,8.02988178640115,40.1198616832315,51.0869659698379,100.241688035117
2012,STATE BANK OF HYDERABAD,1150.45,2007.36,1001.95,543.8333,5193.5097,2306.69,77052.3112,118315.4466,98731.9116,78.041952,27.86563,34.53343,2.990478,1.15,21.980605,7.280257,1168.68,13.56,1.3,7282.1779,1735.811,3364.4895,1354.7207,2652.9874,1298.2667,Public Sector Bank,50.0861828471226,19.054303502891,14.4,8.2,8.5,2.60519116005439,2013,3.54569730632362,TRUE,0.940506146269224,1,84.9318845750691,OK,67.4876803363622,14.4,8.2,5.24131422482317,5.22332743548782,38.9523817758518,50.0861828471226,67.4876803363622
2013,STATE BANK OF HYDERABAD,2007.36,3186.04,1448.65,510.1864,5865.7823,700,89856.5141,136078.0614,113324.258,79.291509,28.863657,33.72104,3.080186,0.99,17.696773,7.659389,1387.94,12.36,1.61,8529.9016,2105.0665,3917.8967,1538.2177,2788.4367,1250.219,Public Sector Bank,54.5313304289965,16.6175455357399,13.8,11.2,7.5,3.54569730632362,2014,6.08883278345747,TRUE,2.54313547713385,1,21.1980465947825,OK,48.2799242947358,13.8,11.2,5.45638755164234,5.41917342231536,39.5016796432622,54.5313304289965,48.2799242947358
2014,STATE BANK OF HYDERABAD,3186.04,5824.2,2984.89,626.0282,6011.5658,100.4866,95653.8011,141489.0538,119509.7047,80.038522,30.815711,35.075521,2.864888,0.7,12.743092,7.608586,1314,12,3.12,9490.8166,2267.4677,3975.9936,1671.4684,2690.9856,1019.5172,Public Sector Bank,48.7502146217506,6.45171589179196,13,11.9,8,6.08883278345747,2015,4.74499908017495,TRUE,-1.34383370328252,0,13.4966806539807,OK,28.6986779300161,13,11.9,6.38610640092723,6.05378518913893,35.1811624629026,48.7502146217506,28.6986779300161
2015,STATE BANK OF HYDERABAD,5824.2,4984.77,2348.51,587.9963,5203.6857,1415.4866,105053.1289,154502.7841,130166.1873,80.706926,33.211328,35.82433,2.968064,0.89,14.662464,7.082524,1516,11.26,2.24,9431.1469,2804.0104,4392.6129,1596.5375,2913.6654,1317.1279,Public Sector Bank,52.8862916443487,9.82640281087586,11,6.5,7.5,4.74499908017495,2016,5.9342632185767,TRUE,1.18926413840175,1,2.35962985481679,OK,32.028308226859,11,6.5,7.41022760516221,7.15478063868049,34.7632630741904,52.8862916443487,32.028308226859
2016,STATE BANK OF HYDERABAD,4984.77,6590.91,3743.16,519.1821,5998.1725,700.6436,111065.3464,164596.781,137174.0653,80.9667236711982,35.5882467966778,37.6674255796496,2.87910915739446,0.65,10.6512742275095,6.76048474714428,1471,11.62,3.37,9593.5942,2746.5269,4593.6124,2227.7374,3292.6619,1064.9245,Public Sector Bank,43.2072354196917,5.72302563755434,10.5,5.1,6.75,5.9342632185767,2017,22.9440125685427,TRUE,17.009749349966,1,18.4526484937225,OK,33.8001489930829,10.5,5.1,7.99625378567371,8.02848944993222,34.4549951026575,43.2072354196917,33.8001489930829
2017,STATE BANK OF HYDERABAD,6590.91,18211.94,10193.83,672.5258,6656.127,21407.6854,79375.5667,163189.88,141898.9348,55.93809905048,43.3814238893074,44.6692624369005,2.3178057266949,-1.55,-28.6222752865799,6.27538901782853,1292,11.72,12.84,9378.404,2799.7965,3798.729,5670.1298,2909.8539,-2760.2759,Public Sector Bank,44.0266660224007,-28.5325537867318,11.8,4.4,6.25,22.9440125685427,,,FALSE,,,-28.5325537867318,OK,31.1341339802349,11.8,4.4,8.256306,7.972023,34.943218,44.0266660224007,31.1341339802349
2005,STATE BANK OF INDIA,12667.21,12455.73,5348.89,1436.1602,15374.1697,17275.0722,202374.4547,459882.8667,367047.5265,55.135763,41.280616,28.592947,3.214165,0.99,19.431989,5.013078,243.08,12.45,2.65,18483.3755,10074.1722,13944.6265,6685.8408,10990.3582,4304.5174,Public Sector Bank,57.0567923357362,,14.1,2.6,6,6.1547936069621,2006,3.67765682995024,TRUE,-2.47713677701186,0,83.1619062790552,OK,53.6768282549477,14.1,2.6,7.92293807295951,7.05093547208952,29.739689583569,57.0567923357362,53.6768282549477
2006,STATE BANK OF INDIA,11656.99,9628.14,4911.41,2080.2305,19572.4734,17142.9682,261800.9359,494028.9545,380046.0553,68.886634,47.552019,30.562488,3.268462,0.89,17.041738,4.85406,299.23,11.88,1.88,20390.447,11725.0974,15589.1224,6892.5551,11299.2267,4406.6716,Public Sector Bank,48.9890051453344,29.3646158494133,14,3.9,6.5,3.67765682995024,2007,2.96387144369247,TRUE,-0.713785386257772,0,29.3646158494133,OK,71.5876077830194,14,3.9,7.92342866735518,8.28129114504204,32.8676900977815,48.9890051453344,71.5876077830194
2007,STATE BANK OF INDIA,9628.14,9998.22,5257.72,2530.1193,26546.3057,17648.9187,337336.4935,566565.2388,435521.0894,77.455834,48.478587,30.24157,2.839576,0.84,15.409242,4.586922,357,12.34,1.56,22184.1348,11823.5166,15058.1912,5458.6291,9999.9364,4541.3073,Public Sector Bank,47.4134395922474,28.8522870784741,17.1,7.8,7.75,2.96387144369247,2008,3.08021104226475,TRUE,0.116339598572278,0,19.7158525301602,OK,54.596009089618,17.1,7.8,8.06072889963741,8.05441849702261,33.498253505701,47.4134395922474,54.596009089618
2008,STATE BANK OF INDIA,9998.22,12837.34,7424.33,3220.3111,48314.3047,10216.7337,416768.1962,721526.3121,537403.9409,77.552129,46.959614,28.608352,2.64286,1.01,16.753449,5.565194,456,13.54,1.78,31929.0769,12608.606,17021.2302,6378.4279,13107.5526,6729.12470000001,Public Sector Bank,42.1661341056636,23.5467268530198,15.1,7.5,7.75,3.08021104226475,2009,2.89657275355131,TRUE,-0.18363828871344,0,19.5057734259798,OK,49.6865230647471,15.1,7.5,7.66082415755608,7.3833652744116,38.7091453329433,42.1661341056636,49.6865230647471
2009,STATE BANK OF INDIA,12837.34,15714,9677.42,4295.5158,51250.6569,22258.9394,542503.2042,964432.0807,742073.128,73.106434,41.637115,26.476814,2.476116,1.04,17.052152,5.930055,556,14.25,1.79,42915.2937,15648.7044,20873.1401,8793.9982,17915.2247,9121.2265,Public Sector Bank,38.415298459972,30.1690506008913,12.6,10.2,5,2.89657275355131,2010,3.09138352704593,TRUE,0.194810773494628,0,51.0239408922768,OK,55.9628242331679,12.6,10.2,3.08669937408871,4.31239885000613,34.63759214019,38.415298459972,55.9628242331679
2010,STATE BANK OF INDIA,15714,19534.89,10870.17,6841.0127,54449.8525,7059.5907,631914.152,1053413.7305,804116.2268,78.584927,47.261791,26.992307,2.346209,0.88,14.796259,5.605301,636,13.39,1.72,47322.478,20318.68,23671.4395,9154.8592,18320.9122,9166.053,Public Sector Bank,44.3551000287178,16.4811833566678,15.5,13.9,5,3.09138352704593,2011,3.34685332416618,TRUE,0.255469797120251,0,16.9730695751579,OK,46.864145127001,15.5,13.9,7.86188237155002,6.85655166937235,36.237403409036,44.3551000287178,46.864145127001
2011,STATE BANK OF INDIA,19534.89,25326.29,12346.9,7476.5539,86918.9481,14474.0695,756719.448,1223736.2005,933932.813,81.025041,49.416979,30.605513,2.856765,0.71,12.623827,4.97509,704.65,11.98,1.63,48867.9561,23015.4326,32526.4077,17071.0503,25335.5693,8264.519,Public Sector Bank,51.2486826929645,19.7503562161083,19.9,10,6.75,3.34685332416618,2012,4.57323944286228,TRUE,1.2263861186961,1,19.7503562161083,OK,67.404465083516,19.9,10,8.49758687599316,8.02988178640115,40.1198616832315,51.2486826929645,67.404465083516
2012,STATE BANK OF INDIA,25326.29,39676.46,15818.85,11186.3607,42889.5779,14383.0385,867578.8901,1335519.2307,1043647.3623,83.129505,44.805041,28.836221,3.3831,0.88,15.721102,5.627521,798.42,13.86,1.82,63230.3687,26068.9921,43291.0847,19866.2497,31573.5383,11707.2886,Public Sector Bank,60.1303896567385,14.6500056781942,14.4,8.2,8.5,4.57323944286228,2013,4.89561779107607,TRUE,0.322378348213793,0,53.7062848018893,OK,50.07062046362,14.4,8.2,5.24131422482317,5.22332743548782,38.9523817758518,60.1303896567385,50.07062046362
2013,STATE BANK OF INDIA,39676.46,51189.39,21956.48,11552.1917,54278.2187,15165.9996,1045616.5531,1566211.2738,1202739.5743,86.936239,44.819627,25.278281,3.05537,0.97,15.429205,6.006494,943.89,12.92,2.1,75325.7965,29284.4223,44329.3035,16976.7386,31081.7235,14104.9849,Public Sector Bank,57.1073615059683,20.5212073543512,13.8,11.2,7.5,4.89561779107607,2014,5.09207204477148,TRUE,0.196454253695403,0,6.83214954256572,OK,33.1645651569593,13.8,11.2,5.45638755164234,5.41917342231536,39.5016796432622,57.1073615059683,33.1645651569593
2014,STATE BANK OF INDIA,51189.39,61605.35,31096.07,12456.5604,72499.1001,20993.487,1209828.7192,1792748.2908,1394408.5048,86.762861,42.914283,23.211509,2.934371,0.65,10.030276,6.016088,1063.75,12.44,2.57,87068.6325,35725.8513,49282.1714,21218.0648,32109.2365,10891.1717,Public Sector Bank,49.5237507781386,15.7048169917692,13,11.9,8,5.09207204477148,2015,4.36339910557211,TRUE,-0.728672939199364,0,8.92891226659027,OK,34.4419190865729,13,11.9,6.38610640092723,6.05378518913893,35.1811624629026,49.5237507781386,34.4419190865728
2015,STATE BANK OF INDIA,61605.35,56725.34,27590.58,14943.2217,100940.6218,15672.9863,1300026.3929,2048079.7998,1576793.245,82.447486,41.343729,22.226653,2.86476,0.68,10.620579,6.000835,1234,12,2.12,97381.8236,38053.8714,55015.2506,26435.7,39537.2718,13101.5718,Public Sector Bank,51.3611024632025,7.45540854408246,11,6.5,7.5,4.36339910557211,2016,6.7071648560215,TRUE,2.34376575044939,1,7.45540854408246,OK,46.6029820182656,11,6.5,7.41022760516221,7.15478063868049,34.7632630741904,51.3611024632025,46.6029820182656
2016,STATE BANK OF INDIA,56725.34,98172.8,55807.02,15080.9189,114548.4064,12457.0229,1463700.4175,2357617.5391,1730722.4361,84.571644012329,42.6153308997368,22.4466356620411,2.59640193142637,0.46,7.29753698180406,5.97820224798571,1411,13.12,3.81,106803.4921,41782.3665,57194.8054,33307.1539,43257.8076,9950.6537,Public Sector Bank,43.1542952834186,12.5900539784341,10.5,5.1,6.75,6.7071648560215,2017,7.15069288403946,TRUE,0.443528028017955,0,31.6017385050409,OK,33.9270693104404,10.5,5.1,7.99625378567371,8.02848944993222,34.4549951026575,43.1542952834186,33.9270693104404
2017,STATE BANK OF INDIA,98172.8,112342.99,58277.38,12030.3117,115967.306,16520.9345,1571078.3811,2705966.3041,2044751.3947,76.8346893012147,44.5717994550489,21.7212269422908,2.44331836563041,0.41,6.30507991426255,5.59393373825209,1624,13.11,3.71,113658.5034,46472.7694,61859.737,40363.7925,50847.8951,10484.1026,Public Sector Bank,48.125486067266,7.336061554413,11.8,4.4,6.25,7.15069288403946,2018,11.5473537461731,TRUE,4.39666086213364,1,-6.58087395157127,OK,35.9290708748272,11.8,4.4,8.256306,7.972023,34.943218,48.125486067266,35.9290708748272
2018,STATE BANK OF INDIA,112342.99,223427.46,110854.7,15472.422,134924.7594,11698.3308,1934880.1891,3454751.9966,2706343.285,71.4942631196914,44.4861656824145,23.172440264043,2.43003208218415,-0.19,-3.21414761865682,5.71344977316134,1670,12.6,5.73,145645.6,59943.4464,74853.7156,66058.41,59510.9563,-6547.4537,Public Sector Bank,50.3844782552691,23.1561844639019,11,2.2,6,11.5473537461731,2019,7.9030232032355,TRUE,-3.6443305429376,0,16.0837710358444,OK,29.5659316003503,11,2.2,6.795383,6.231181,37.452479,50.3844782552691,29.5659316003503
2019,STATE BANK OF INDIA,223427.46,172750.36,65894.74,18777.9434,158154.4741,22933.4479,2185876.9177,3680914.2489,2911386.0107,75.0802851173431,44.5707720251086,23.8224655644343,2.47626142984801,0.02,0.391884886448784,4.9939168840823,1877,12.72,3.01,154519.778,69687.7374,88348.8755,54573.7961,55436.0259,862.2298,Public Sector Bank,61.8555121969066,12.9722103732299,10.6,0.7,6.25,7.9030232032355,2020,6.41175415396944,TRUE,-1.49126904926606,0,59.2333233506575,OK,31.591133066235,10.6,0.7,6.45,5.81,37.347347,61.8555121969066,31.591133066235
2020,STATE BANK OF INDIA,172750.36,149091.85,51871.3,20104.584,146631.195,54655.8705,2325289.5607,3951393.918,3241620.7343,71.7323139038388,44.2281096344726,22.6499048721249,2.570253306,0.38,6.397628964,4.791119835,2105,13.06,2.23,159238.7657,75173.6902,98084.8265,53644.5037,68132.6143,14488.1106,Public Sector Bank,65.20849395859,6.37788165797968,6.4,6,4.4,6.41175415396944,2021,5.15979318124807,TRUE,-1.25196097272137,0,-39.859990732722,OK,35.9808424806587,6.4,6,3.871437,3.944641,33.785447,65.20849395859,35.9808424806587
2021,STATE BANK OF INDIA,149091.85,126389.02,36809.72,23403.4173,189798.119,58198.9988,2449497.7911,4534429.6312,3681277.0796,66.53934865903,45.3994971164083,23.0484330809079,2.609,0.48,8.401,4.115,2373,13.74,1.5,154440.6333,82652.2235,110710.0005,51143.6823,71554.1517,20410.4694,Public Sector Bank,70.8758561463646,5.34162422174247,-1.2,7.3,4,5.15979318124807,2022,4.09746667363137,TRUE,-1.06232650761671,0,5.34162422174247,OK,40.4652890733704,-1.2,7.3,-5.777724706874,-4.145902641222,32.071601,70.8758561463646,40.4652890733705
2022,STATE BANK OF INDIA,126389.02,112023.37,27965.71,21742.9283,296522.2788,11973.0816,2733966.5926,4987597.4055,4051534.1226,67.479787,44.515993,24.087598,2.535334,0.67,11.86448,3.653198,2574,13.83,1.02,154749.7043,93397.5152,120707.5861,36198.0044,67873.9849,31675.9805,Public Sector Bank,75.0358251139918,11.6133520321426,18.9,4.2,4,4.09746667363137,2023,2.84214211305264,TRUE,-1.25532456057873,0,4.8664338424433,OK,32.3129043520116,18.9,4.2,9.689592491912,9.375448587977,36.663675,75.0358251139918,32.3129043520115
2023,STATE BANK OF INDIA,112023.37,90927.78,21466.64,21409.4882,225678.087,16310.529,3199269.297,5516978.527,4423777.776,72.319846,42.66599,21.806368,2.757665,0.96,16.532086,3.832733,2978,14.68,0.67,187262.5556,97743.1361,144840.5046,33480.5125,83712.9661,50232.4536,Public Sector Bank,76.3915494252692,17.0193266318407,14,6.7,6.5,2.84214211305264,2024,2.27529679152276,TRUE,-0.56684532152988,0,34.2545742597771,OK,36.820994090035,14,6.7,7.609364977704,7.214814133485,35.24891,76.3915494252692,36.820994090035
2024,STATE BANK OF INDIA,90927.78,84276.33,21051.08,18401.5096,206740.1865,38863.182,3703970.854,6179693.945,4916076.769,75.34404,39.898106,21.711408,2.733698,1.04,17.330266,4.742257,3410,14.28,0.57,255254.8288,124860.8135,159875.8267,25620.5567,86697.1769,61076.6202,Public Sector Bank,75.0213612766479,15.7755259137849,12,7,6.5,2.27529679152276,2025,1.84661149864474,TRUE,-0.428685292878017,0,26.7409026407308,OK,30.4006554390776,12,7,9.190754930285,8.559254114773,34.642678,75.0213612766479,30.4006554390776
2025,STATE BANK OF INDIA,84276.33,76880.2,19666.92,18391.3286,208826.1654,19734.6659,4163312.102,6676053.269,5382189.528,77.353502,38.718027,21.793906,2.597517,1.1,17.326461,4.995554,3737,14.25,0.47,295524.2252,118069.0222,166965.1283,39678.5372,110579.1653,70900.6281,Public Sector Bank,74.4187450084677,12.4013191816547,9.8,6.7,6.25,1.84661149864474,,,FALSE,,,2.95518794681591,OK,51.6108662568516,9.8,6.7,6.49476552384,6.414086697106,,74.4187450084677,51.6108662568516
2005,STATE BANK OF MYSORE,514.53,415.37,80.99,58.5254,883.006,475,8781.2573,16552.6231,13585.1704,64.638551,35.685333,40.447255,3.634677,1.25,30.821129,4.738168,203.54,12.08,0.92,623.028,479.0966,550.8476,245.4044,451.6624,206.258,Public Sector Bank,80.5017213568626,,14.1,2.6,6,4.73018823853391,2006,3.38714212671434,TRUE,-1.34304611181957,0,-21.3067445846037,OK,59.0809158100007,14.1,2.6,7.92293807295951,7.05093547208952,29.739689583569,80.5017213568626,59.0809158100007
2006,STATE BANK OF MYSORE,415.37,398.13,86.46,66.3168,679.3917,500,11754.1569,19337.4508,16368.7529,71.808506,35.50739,42.453831,3.408563,1.23,25.62173,4.512579,290,11.37,0.74,735.0915,509.4837,611.6679,221.144,437.8607,216.7167,Public Sector Bank,78.2834752467787,33.8550562685369,14,3.9,6.5,3.38714212671434,2007,2.33068630749671,TRUE,-1.05645581921763,0,33.8550562685369,OK,55.5456760354658,14,3.9,7.92342866735518,8.28129114504204,32.8676900977815,78.2834752467787,55.5456760354658
2007,STATE BANK OF MYSORE,398.13,383.76,74.88,76.9906,2018.6435,,16465.5363,26842.6504,22022.3451,74.767407,31.952757,36.307779,2.960497,1.1,24.004181,5.181337,398,11.47,0.45,1092.91,562.23,683.58,222.3481,471.5771,249.229,Public Sector Bank,80.4878048780488,40.0826655631932,17.1,7.8,7.75,2.33068630749671,2008,1.70731682610335,TRUE,-0.623369481393361,0,21.9305356104054,OK,57.9393631436314,17.1,7.8,8.06072889963741,8.05441849702261,33.498253505701,80.4878048780488,57.9393631436314
2008,STATE BANK OF MYSORE,383.76,359,89.39,100.902,2560.646,,21027.1459,33069.7045,27462.3971,76.567045,31.869897,31.84921,2.544689,1.08,25.314501,6.416277,495,11.73,0.43,1732.1,616.9,762.29,248.6675,567.5218,318.8543,Public Sector Bank,75.100278551532,27.7039843518489,15.1,7.5,7.75,1.70731682610335,2009,1.43507671334305,TRUE,-0.272240112760297,0,11.5358129818455,OK,69.266713091922,15.1,7.5,7.66082415755608,7.3833652744116,38.7091453329433,75.100278551532,69.266713091922
2009,STATE BANK OF MYSORE,359,367.61,129.07,196.7874,1538.2606,10,25616.0522,40485.79,32915.7699,77.823038,28.882514,33.215216,2.279249,0.91,18.466845,6.952392,602,12.99,0.5,2409.0194,665.0918,838.2563,316.6126,653.5271,336.9145,Public Sector Bank,64.889420853622,21.8237240651856,12.6,10.2,5,1.43507671334305,2010,2.01538061862637,TRUE,0.580303905283323,1,51.1362283880504,OK,86.1273088327303,12.6,10.2,3.08669937408871,4.31239885000613,34.63759214019,64.889420853622,86.1273088327303
2010,STATE BANK OF MYSORE,367.61,595.26,299.79,238.4099,2527.2104,,29535.8601,45408.9364,38880.0032,75.966712,31.575596,30.545442,2.879231,1.06,18.060644,5.844982,672,12.42,1.02,2322.36,724.88,1236.55,491.6339,937.4006,445.7667,Public Sector Bank,49.6371333534926,15.302154560725,15.5,13.9,5,2.01538061862637,2011,2.53818622330326,TRUE,0.522805604676889,1,10.2770205702056,OK,82.5914558344253,15.5,13.9,7.86188237155002,6.85655166937235,36.237403409036,49.6371333534926,82.5914558344253
2011,STATE BANK OF MYSORE,595.26,863.74,467.88,277.2215,2428.4622,,34029.812,52032.4601,43225.4671,78.726303,34.215659,34.520119,3.357916,1.03,15.771182,5.413051,795,13.76,1.38,2443.08,917.43,1636,673.1223,1173.7472,500.6249,Public Sector Bank,45.8309213420705,15.2152396604831,19.9,10,6.75,2.53818622330326,2012,3.7720808545137,TRUE,1.23389463121044,1,15.2152396604831,OK,77.9311251070924,19.9,10,8.49758687599316,8.02988178640115,40.1198616832315,45.8309213420705,77.9311251070924
2012,STATE BANK OF MYSORE,863.74,1502.62,768.42,253.9609,2771.8841,200,39835.3073,60403.5677,50186.3002,79.374864,32.20708,28.262096,2.818123,0.67,9.623442,6.896171,881,12.55,1.93,3494.1387,1041.072,1584.2926,690.4663,1059.614,369.1477,Public Sector Bank,48.861322223849,17.0600275429086,14.4,8.2,8.5,3.7720808545137,2013,4.63056048941741,TRUE,0.85847963490371,1,45.2291679269713,OK,45.9508258907774,14.4,8.2,5.24131422482317,5.22332743548782,38.9523817758518,48.861322223849,45.9508258907774
2013,STATE BANK OF MYSORE,1502.62,2080.63,1208.75,245.058,2159.609,958.1427,44932.5736,67232.757,56969.0429,78.871912,31.547525,29.856345,2.883513,0.66,10.001043,7.054993,955,11.79,2.69,4125.2793,1104.7637,1840.2049,914.9357,1331.0321,416.0964,Public Sector Bank,41.9046154289806,12.7958503284848,13.8,11.2,7.5,4.63056048941741,2014,5.69676430024364,TRUE,1.06620381082622,1,1.79315946136998,OK,43.9739742289595,13.8,11.2,5.45638755164234,5.41917342231536,39.5016796432622,41.9046154289806,43.9739742289595
2014,STATE BANK OF MYSORE,2080.63,2818.87,1630.27,253.7351,2605.1072,,49481.9489,73976.3459,61560.3243,80.379611,33.36404,30.086659,2.728455,0.4,6.175903,6.82061,1037,11.08,3.29,4396.44,1334.54,1926.41,890.1929,1164.4379,274.244999999999,Public Sector Bank,42.1658324080217,10.1248936695672,13,11.9,8,5.69676430024364,2015,4.10645770064479,TRUE,-1.59030659959885,0,22.2322463631595,OK,31.5797784218499,13,11.9,6.38610640092723,6.05378518913893,35.1811624629026,42.1658324080217,31.5797784218499
2015,STATE BANK OF MYSORE,2818.87,2136.42,1121.58,436.709,3455.2133,350,52025.8616,79468.926,66063.7648,78.750979,33.861122,31.199281,2.720059,0.54,8.623511,7.001019,1171,11.42,2.16,4853.0851,1523.5255,2086.901,922.1848,1330.9809,408.7961,Public Sector Bank,47.5018956946668,5.14109237116163,11,6.5,7.5,4.10645770064479,2016,6.73823628635395,TRUE,2.63177858570916,1,1148.99796045047,OK,43.1649582011028,11,6.5,7.41022760516221,7.15478063868049,34.7632630741904,47.5018956946668,43.1649582011028
2016,STATE BANK OF MYSORE,2136.42,3635.56,2257.18,388.242,3277.3421,,53954.178,82975.0038,70568.2897,76.4566892996416,34.7282625159045,34.8923316003443,2.60439636323056,0.44,7.03445891864177,6.82252435865992,1183,12.43,4.18,5012.42,1675.83,2115.34,893.6748,1251.5233,357.8485,Public Sector Bank,37.9138289561993,3.706457405407,10.5,5.1,6.75,6.73823628635395,2017,28.7589758545967,TRUE,22.0207395682428,1,3.70645740540701,OK,24.5814895091815,10.5,5.1,7.99625378567371,8.02848944993222,34.4549951026575,37.9138289561993,24.5814895091815
2017,STATE BANK OF MYSORE,3635.56,9914.55,5824.34,430.7619,4239.173,,34474.6282,88995.7545,78474.2205,43.9311508675642,39.9056417514845,39.3831536666145,2.17838651002797,-2.29,-44.3728676706129,6.32148343942747,1245,12.41,16.89,4956.9,1956.92,1873.09,2919.8394,913.5818,-2006.2576,Public Sector Bank,41.2546207341735,-36.1038765153646,11.8,4.4,6.25,28.7589758545967,,,FALSE,,,-36.1038765153646,OK,29.4500446313751,11.8,4.4,8.256306,7.972023,34.943218,41.2546207341735,29.4500446313751
2005,STATE BANK OF PATIALA,503.61,653.1,189.49,52.6845,1616.262,435.75,15359.2735,31502.7968,26495.6721,57.96899,31.630436,44.04222,3.34341,0.91,15.20827,4.635063,361.15,14.21,1.23,1156.96,479.0008,976.2681,565.8976,852.971100000001,287.0735,Public Sector Bank,70.9860664523044,,14.1,2.6,6,4.25215424414443,2006,2.4479242163961,TRUE,-1.80423002774832,0,,OK,86.6479252794365,14.1,2.6,7.92293807295951,7.05093547208952,29.739689583569,70.9860664523044,86.6479252794365
2006,STATE BANK OF PATIALA,653.1,542.95,220.36,42.9327,1466.4868,1243.6515,22180.0167,41233.3032,33777.7107,65.664654,29.583543,37.867565,2.740494,0.73,14.167432,4.591941,493.01,13.67,0.99,1464.8728,611.5477,996.6643,429.0508,732.1616,303.1108,Public Sector Bank,59.4143107100101,44.4079806248648,14,3.9,6.5,2.4479242163961,2007,1.82278181190136,TRUE,-0.625142404494743,0,2640.218,OK,79.0221567363477,14,3.9,7.92342866735518,8.28129114504204,32.8676900977815,59.4143107100101,79.0221567363477
2007,STATE BANK OF PATIALA,542.95,524.41,238.41,50.1737,2166.6039,1035,28769.7626,47460.6978,39183.624,73.422924,27.23916,34.579637,2.266409,0.77,15.522221,5.246615,599.54,12.38,0.83,2059.6282,658.5923,1005.0843,422.6028,789.1294,366.5266,Public Sector Bank,54.5374802158616,29.7102837618693,17.1,7.8,7.75,1.82278181190136,2008,1.43115213191668,TRUE,-0.391629679984684,0,2.84661404970767,OK,80.5863351194676,17.1,7.8,8.06072889963741,8.05441849702261,33.498253505701,54.5374802158616,80.5863351194676
2008,STATE BANK OF PATIALA,524.41,520.94,216.99,81.8504,4212.4774,,36400.0436,59060.0419,48570.5362,74.942643,25.892198,31.600574,1.67208,0.83,15.92302,7.119828,759.82,13.56,0.6,3419.62,706.98,890.56,365.6015,779.3318,413.7303,Public Sector Bank,58.3464506469075,26.5218768263315,15.1,7.5,7.75,1.43115213191668,2009,1.31667073781534,TRUE,-0.114481394101336,0,8.37798770042599,OK,70.1811149076669,15.1,7.5,7.66082415755608,7.3833652744116,38.7091453329433,58.3464506469075,70.1811149076669
2009,STATE BANK OF PATIALA,520.94,573.9,263.63,183.4028,3537.548,370,43587.207,69618.525,60006.1782,72.637865,22.597415,32.146269,1.752803,0.83,18.196349,7.94674,910.24,12.6,0.6,4676.3174,793.9226,1127.7408,433.9093,965.4539,531.5446,Public Sector Bank,54.0634256839171,19.744930745083,12.6,10.2,5,1.31667073781534,2010,2.17188820501006,TRUE,0.855217467194715,1,36.8900512916539,OK,75.6071266771215,12.6,10.2,3.08669937408871,4.31239885000613,34.63759214019,54.0634256839171,75.6071266771214
2010,STATE BANK OF PATIALA,573.9,1006.61,482.72,266.2915,3718.1319,50,46347.229,76076.9671,64551.9386,71.798353,25.998679,38.47236,2.106065,0.79,16.012308,6.682225,895.21,13.26,1.04,4441.0496,900.9487,1534.2211,756.8225,1307.7098,550.8873,Public Sector Bank,52.0449826645871,6.33218366113708,15.5,13.9,5,2.17188820501006,2011,2.68635826954354,TRUE,0.51447006453348,1,6.33218366113708,OK,75.1852753300683,15.5,13.9,7.86188237155002,6.85655166937235,36.237403409036,52.0449826645871,75.1852753300682
2011,STATE BANK OF PATIALA,1006.61,1381.68,620.77,198.8701,3811.0614,,51433.1992,81286.246,68066.0512,75.56366,28.369123,37.553673,2.965727,0.88,16.652112,5.741078,956.3,13.41,1.21,4144.63,1329.78,2333.48,1106.285,1759.2454,652.9604,Public Sector Bank,55.0713623993978,10.9736230401175,19.9,10,6.75,2.68635826954354,2012,2.99954753904917,TRUE,0.313189269505632,0,10.9736230401175,OK,80.06810549476,19.9,10,8.49758687599316,8.02988178640115,40.1198616832315,55.0713623993978,80.06810549476
2012,STATE BANK OF PATIALA,1381.68,1887.75,848.42,246.2567,6888.5509,300,62934.4918,98527.0726,79416.6012,79.246015,24.548057,32.232238,2.597399,0.93,17.945626,7.170439,1055.74,12.3,1.35,5785.8652,1323.3641,2335.2345,966.4555,1762.902,796.4465,Public Sector Bank,55.0565488014832,22.36161230274,14.4,8.2,8.5,2.99954753904917,2013,3.32391183425486,TRUE,0.324364295205692,0,29.6588228445599,OK,51.1961594490796,14.4,8.2,5.24131422482317,5.22332743548782,38.9523817758518,55.0565488014832,51.1961594490796
2013,STATE BANK OF PATIALA,1887.75,2453.04,1194.21,297.8302,3709.4167,,73799.7914,108550.6268,88672.0838,83.227763,25.130799,31.330053,2.367069,0.68,13.173209,7.606052,1135,11.12,1.62,7113.43,1667.85,2450.84,875.0543,1541.8094,666.7551,Public Sector Bank,51.3171411799237,17.2644591053963,13.8,11.2,7.5,3.32391183425486,2014,4.94932884672495,TRUE,1.62541701247009,1,21.2639244912168,OK,35.6722393438346,13.8,11.2,5.45638755164234,5.41917342231536,39.5016796432622,51.3171411799237,35.6722393438346
2014,STATE BANK OF PATIALA,2453.04,3758.35,2404.52,299.1797,7846.591,59.915,75936.5586,114120.7339,89673.1563,84.681483,31.402998,36.099341,2.331797,0.42,7.802497,7.526871,1113,10.38,3.17,7560.4861,2019.0969,2596.1223,1000.7066,1448.3106,447.604,Public Sector Bank,36.0219245147472,2.89535669337948,13,11.9,8,4.94932884672495,2015,5.5437585361446,TRUE,0.594429689419646,1,20.174920296291,OK,26.6262216132079,13,11.9,6.38610640092723,6.05378518913893,35.1811624629026,36.0219245147472,26.6262216132079
2015,STATE BANK OF PATIALA,3758.35,4359.73,3049.23,279.5321,4961.9373,,78642.1337,116709.0987,91417.4313,86.025316,30.117072,38.432228,2.250088,0.33,5.413654,7.452384,1181,12.06,3.88,7754.41,2004.19,2596.94,1237.3957,1599.452,362.0563,Public Sector Bank,30.059200913818,3.56294142094558,11,6.5,7.5,5.5437585361446,2016,8.23326855004962,TRUE,2.68951001390502,1,91.3470288026108,OK,28.3823929463522,11,6.5,7.41022760516221,7.15478063868049,34.7632630741904,30.059200913818,28.3823929463522
2016,STATE BANK OF PATIALA,4359.73,6766.57,3268.16,269.3868,4865.0061,19.8765,82185.7074,131662.2936,106953.6611,76.8423507477296,28.1623000000324,38.4115528097286,2.11420274749573,-0.82,-12.8528622100124,7.17733951441405,1288,10.88,3.98,7831.562,1919.2639,2625.5374,2800.0349,1827.6351,-972.3998,Public Sector Bank,51.701378985217,4.50594806280034,10.5,5.1,6.75,8.23326855004962,2017,25.4893314977339,TRUE,17.2560629476843,1,8.10131225773261,OK,41.3804172571923,10.5,5.1,7.99625378567371,8.02848944993222,34.4549951026575,51.701378985217,41.3804172571923
2017,STATE BANK OF PATIALA,6766.57,17847.37,10840.33,249.1284,4993.8306,19.455,70018.9803,122829.1649,100794.6315,69.4669738437409,35.8273606069982,41.73966455207,1.77782477520753,-2.8,-43.7450275485702,6.73375680970578,1228,11.18,15.48,7481.2236,2287.8944,2262.2061,5034.2639,1454.8179,-3579.446,Public Sector Bank,39.260910711214,-14.8039452173651,11.8,4.4,6.25,25.4893314977339,,,FALSE,,,-14.8039452173651,OK,28.2073151394295,11.8,4.4,8.256306,7.972023,34.943218,39.260910711214,28.2073151394295
2005,STATE BANK OF TRAVANCORE,661.76,652.13,269.3,50.1033,2013.288,50,14848.3333,28874.6061,24133.0058,61.527078,29.61579,38.356598,3.389559,0.86,24.048675,4.788342,346.25,11.05,1.81,1112.1583,502.6372,896.1642,554.9171,802.0462,247.1291,Public Sector Bank,58.7045527732201,,14.1,2.6,6,4.39194074394868,2006,3.23299619182254,TRUE,-1.15894455212614,0,,OK,85.0930182632297,14.1,2.6,7.92293807295951,7.05093547208952,29.739689583569,58.7045527732201,85.0930182632297
2006,STATE BANK OF TRAVANCORE,652.13,609.95,276.46,58.5355,1179.4873,,18866.4002,31862.3937,25996.5149,72.572806,30.396212,41.102484,3.145143,0.86,21.016824,5.004333,381.19,11.15,1.47,1343.49,632.37,955.13,415.1654,673.8442,258.6788,Public Sector Bank,54.674973358472,27.0607267416337,14,3.9,6.5,3.23299619182254,2007,2.19290464631756,TRUE,-1.04009154550498,0,54.3204259545879,OK,68.0654807771129,14,3.9,7.92342866735518,8.28129114504204,32.8676900977815,54.674973358472,68.0654807771129
2007,STATE BANK OF TRAVANCORE,609.95,540.11,267.62,72.7336,2390.8655,65,24629.8899,37993.132,30984.0133,79.492252,28.333841,39.53925,2.840692,0.86,22.263633,5.214007,506.13,11.68,1.08,1698.4385,645.2403,992.1901,384.2015,710.4848,326.2833,Public Sector Bank,50.4508340893522,30.5489634424271,17.1,7.8,7.75,2.19290464631756,2008,2.02877946806798,TRUE,-0.164125178249586,0,-4.73560472881026,OK,71.1339356797689,17.1,7.8,8.06072889963741,8.05441849702261,33.498253505701,50.4508340893522,71.1339356797689
2008,STATE BANK OF TRAVANCORE,540.11,570.83,267.71,78.8683,3195.9784,,28136.6215,43894.359,35353.8898,79.585646,29.277945,41.731297,2.338042,0.89,23.276891,6.515226,558.65,13.53,0.94,2476.82,686.94,957.28,322.9814,709.0923,386.1109,Public Sector Bank,53.1016239510888,14.237707168963,15.1,7.5,7.75,2.02877946806798,2009,1.6134264020256,TRUE,-0.41535306604238,0,-11.1034288809643,OK,56.5810136117583,15.1,7.5,7.66082415755608,7.3833652744116,38.7091453329433,53.1016239510888,56.5810136117583
2009,STATE BANK OF TRAVANCORE,549.74,526,187.54,220.6271,2108.0981,,32601.4251,49351.0075,42041.0741,77.546604,32.430914,39.920401,2.750916,1.3,30.636876,6.450924,658,14.03,0.58,2840.6,799.37,1282.55,448.4354,1056.2733,607.8379,Public Sector Bank,64.3460076045627,15.8683003216999,12.6,10.2,5,1.6134264020256,2010,1.66916004132054,TRUE,0.0557336392949408,0,-47.2282331851845,OK,85.2538783269962,12.6,10.2,3.08669937408871,4.31239885000613,34.63759214019,64.3460076045627,85.2538783269962
2010,STATE BANK OF TRAVANCORE,526,641.98,350.4,313.4718,3154.5697,250,38461.261,59454.7045,50883.3863,75.58707,30.409857,36.638025,2.573723,1.26,26.88425,5.908383,696,13.74,0.91,2977.9388,955.8729,1400.1786,287.9974,972.2665,684.2691,Public Sector Bank,45.4188604006355,17.9741710125426,15.5,13.9,5,1.66916004132054,2011,1.8139733545095,TRUE,0.144813313188958,0,9.40565310712991,OK,44.8608056325742,15.5,13.9,7.86188237155002,6.85655166937235,36.237403409036,45.4188604006355,44.8608056325742
2011,STATE BANK OF TRAVANCORE,641.98,835.23,450.99,343.4169,4366.155,,46044.2265,70976.7534,58157.9207,79.171033,30.319082,37.472876,2.600648,1.12,23.087265,5.728093,888,12.54,0.98,3532.73,1101.31,1696.03,448.2448,1175.9701,727.7253,Public Sector Bank,46.0040946805072,19.7158525301601,19.9,10,6.75,1.8139733545095,2012,2.68989860223274,TRUE,0.875925247723248,1,19.7158525301602,OK,53.6672293859177,19.9,10,8.49758687599316,8.02988178640115,40.1198616832315,46.0040946805072,53.6672293859177
2012,STATE BANK OF TRAVANCORE,835.23,1488.75,853.57,388.7424,4387.9039,927.4134,55345.9524,85986.6883,71469.8281,77.439605,27.335591,36.212866,2.418081,0.65,13.928422,6.738419,1066,13.55,1.54,4998.3897,1229.8622,1897.7512,738.3405,1248.7968,510.4563,Public Sector Bank,42.6653232577666,20.2017204046201,14.4,8.2,8.5,2.68989860223274,2013,2.59304420618763,TRUE,-0.0968543960451096,0,11.9150871843231,OK,49.5946599496222,14.4,8.2,5.24131422482317,5.22332743548782,38.9523817758518,42.6653232577666,49.5946599496222
2013,STATE BANK OF TRAVANCORE,1488.75,1749.88,988.58,355.3004,4188.7041,,67483.6162,101579.3258,84623.7211,79.745508,25.786919,36.303054,2.269285,0.66,14.944287,7.513427,1259,11.7,1.46,6506.64,1430.22,2128.2,735.9666,1351.009,615.0424,Public Sector Bank,43.5058404004846,21.9305356104054,13.8,11.2,7.5,2.59304420618763,2014,4.43333635815623,TRUE,1.8402921519686,1,17.9196166529944,OK,42.0581182709671,13.8,11.2,5.45638755164234,5.41917342231536,39.5016796432622,43.5058404004846,42.0581182709672
2014,STATE BANK OF TRAVANCORE,1749.88,3076.94,1928.5,489.0222,3969.5462,599.15,69404.6143,105285.4179,89336.6818,77.68882,27.650725,38.827286,2.304066,0.29,6.808715,7.690097,1154,10.79,2.78,7323.4024,1865.408,2383.1498,1065.3465,1369.6891,304.3426,Public Sector Bank,37.3240947174791,2.84661404970767,13,11.9,8,4.43333635815623,2015,3.42990267571669,TRUE,-1.00343368243954,0,19.4409362253644,OK,34.6235708203605,13,11.9,6.38610640092723,6.05378518913893,35.1811624629026,37.3240947174791,34.6235708203605
2015,STATE BANK OF TRAVANCORE,3076.94,2357.05,1398.66,603.2632,4736.664,400,68720.6088,105595.4347,91076.935,75.453361,29.785539,37.452527,2.165333,0.32,6.828578,7.506383,1222,10.89,2.04,7285.4662,1925.768,2283.1361,1036.6296,1372.1576,335.528,Public Sector Bank,40.6605714770582,-0.985533176574394,11,6.5,7.5,3.42990267571669,2016,4.88795204414296,TRUE,1.45804936842627,1,19.4043169489471,OK,43.9799579983454,11,6.5,7.41022760516221,7.15478063868049,34.7632630741904,40.6605714770582,43.9799579983454
2016,STATE BANK OF TRAVANCORE,2357.05,3199.96,1813.67,587.9217,4735.8711,1149.6507,65466.2724,114506.7799,101118.7998,64.7419397080304,31.8445445987186,39.0333345143995,2.32066851725353,0.31,5.99162661114236,6.97951076487677,1176,11.6,2.77,7054.9576,1903.776,2553.9214,1460.6016,1798.3339,337.7323,Public Sector Bank,43.3221040263003,-4.73560472881026,10.5,5.1,6.75,4.88795204414296,2017,18.1353764639542,TRUE,13.2474244198112,1,5.59334160500831,OK,45.6443705546319,10.5,5.1,7.99625378567371,8.02848944993222,34.4549951026575,43.3221040263003,45.6443705546319
2017,STATE BANK OF TRAVANCORE,3199.96,8816.98,4966.64,568.6501,6290.2328,,48617.5736,125916.6088,114688.9035,42.3908260662724,35.933406321214,46.8866111820932,2.02763717222325,-1.75,-41.251128996051,6.26893896423761,1237,12.19,10.22,7100,2415.76,2437.46,3655.7877,1503.318,-2152.4697,Public Sector Bank,43.6696011559513,-25.7364566246481,11.8,4.4,6.25,18.1353764639542,,,FALSE,,,-25.7364566246481,OK,41.4630372304349,11.8,4.4,8.256306,7.972023,34.943218,43.6696011559513,41.4630372304349
2005,SYNDICATE BANK,1589.92,1432.78,425.89,172.1855,2517.818,150.02,26729.2028,52109.4246,46294.5625,57.73724,37.050804,36.267145,3.410416,0.82,19.635599,4.503473,280.22,10.7,1.59,2063.7959,1264.2034,1693.8278,617.1435,1020.0446,402.9011,Public Sector Bank,70.275269057357,,14.1,2.6,6,5.36035440608053,2006,4.13083521917157,TRUE,-1.22951918690896,0,,OK,43.0731514956937,14.1,2.6,7.92293807295951,7.05093547208952,29.739689583569,70.275269057357,43.0731514956937
2006,SYNDICATE BANK,1432.78,1506.36,312.53,210.5808,2934.5543,478,36466.2331,61076.7552,53624.3947,68.003067,38.182447,36.988708,3.323498,0.91,21.322695,4.112507,348.64,11.73,0.86,2169.5487,1434.8137,1880.8703,471.5301,1008.0225,536.492399999999,Public Sector Bank,79.2526354921798,36.4284351196587,14,3.9,6.5,4.13083521917157,2007,3.01876674627763,TRUE,-1.11206847289394,0,36.4284351196587,OK,31.3026169043257,14,3.9,7.92342866735518,8.28129114504204,32.8676900977815,79.2526354921798,31.3026169043257
2007,SYNDICATE BANK,1506.36,1559.81,391.01,341.567,6232.6646,500,51670.438,89277.3604,78633.5676,65.710408,30.627525,32.810932,2.859989,0.91,22.168063,5.50288,489.17,11.74,0.76,3890.0162,1385.9752,2150.0553,666.4956,1382.5564,716.0608,Public Sector Bank,74.9322032811689,41.6939277997431,17.1,7.8,7.75,3.01876674627763,2008,2.76131469754755,TRUE,-0.257452048730081,0,-25.7364566246481,OK,42.7292811303941,17.1,7.8,8.06072889963741,8.05441849702261,33.498253505701,74.9322032811689,42.7292811303941
2008,SYNDICATE BANK,1559.81,1768.65,622.73,401.8266,9973.0837,400,64051.0117,107132.2801,95170.8047,67.301114,30.947019,32.131204,2.110642,0.88,21.420919,6.383061,586.02,11.82,0.97,5833.5582,1494.5379,2072.7523,620.2016,1468.2689,848.067299999999,Public Sector Bank,64.790659542589,23.9606517366855,15.1,7.5,7.75,2.76131469754755,2009,1.9557164514142,TRUE,-0.805598246133345,0,23.9606517366855,OK,35.0663839651712,15.1,7.5,7.66082415755608,7.3833652744116,38.7091453329433,64.790659542589,35.0663839651712
2009,SYNDICATE BANK,1768.65,1594.54,631.77,334.4346,12208.7985,1064.8011,81532.2691,130255.6653,115885.1407,70.356103,27.598376,32.37154,2.146489,0.81,19.627503,6.264032,750.65,12.68,0.77,6977.598,1790.9676,2547.7527,758.6229,1671.4457,912.8228,Public Sector Bank,60.3791689139187,27.2927108191173,12.6,10.2,5,1.9557164514142,2010,2.21977747041125,TRUE,0.264061018997045,0,45.2063228333577,OK,47.576285323667,12.6,10.2,3.08669937408871,4.31239885000613,34.63759214019,60.3791689139187,47.576285323667
2010,SYNDICATE BANK,1594.54,2006.82,963.2,369.6692,6819.4543,4841.7332,90406.3595,139050.9487,117025.7947,77.253361,31.233102,34.384337,2.034714,0.62,15.292147,5.822673,746.84,12.7,1.07,7307.3663,2033.5709,2739.8099,1060.3809,1873.699,813.318100000001,Public Sector Bank,52.003667493846,10.8841450114873,15.5,13.9,5,2.21977747041125,2011,2.43390453658465,TRUE,0.2141270661734,0,-76.9143617645837,OK,52.83886447215,15.5,13.9,7.86188237155002,6.85655166937235,36.237403409036,52.003667493846,52.83886447215
2011,SYNDICATE BANK,2006.82,2598.97,1030.84,306.8258,10136.2905,119.6625,106781.9202,156538.7876,135596.0809,78.750005,30.934055,30.13234,2.965436,0.76,16.531861,4.903216,875.44,13.04,0.97,7068.0961,2548.102,4382.7628,1701.8322,2749.7778,1047.9456,Public Sector Bank,60.3365948818186,18.1132840549784,19.9,10,6.75,2.43390453658465,2012,2.57457970611196,TRUE,0.140675169527308,0,67.0109384353451,OK,65.4810251753579,19.9,10,8.49758687599316,8.02988178640115,40.1198616832315,60.3365948818186,65.4810251753579
2012,SYNDICATE BANK,2598.97,3182.7,1185.43,302.7547,8505.873,1500,123620.1774,182468.0675,157941.0568,78.269818,29.452315,29.462107,2.99996,0.81,16.323574,6.3544,1074.1,12.24,0.96,10183.3173,2814.1178,5085.0348,2033.4024,3346.7967,1313.3943,Public Sector Bank,62.7539510478525,15.7688278769125,14.4,8.2,8.5,2.57457970611196,2013,2.01837759602197,TRUE,-0.556202110089991,0,57.3392636700681,OK,63.8892261287586,14.4,8.2,5.24131422482317,5.22332743548782,38.9523817758518,62.7539510478525,63.8892261287586
2013,SYNDICATE BANK,3182.7,2978.5,1124.77,385.4275,7709.8865,5400,147569.0181,215122.3251,185355.8868,79.613883,28.029303,26.634284,2.743556,1.07,20.471567,6.26475,1257,12.59,0.76,11666.6311,3178.8286,5454.0569,1445.1636,3449.5854,2004.4218,Public Sector Bank,62.237032063119,19.3729221262224,13.8,11.2,7.5,2.01837759602197,2014,2.65140943977465,TRUE,0.633031843752688,1,17.5745158210767,OK,48.5198455598456,13.8,11.2,5.45638755164234,5.41917342231536,39.5016796432622,62.237032063119,48.5198455598456
2014,SYNDICATE BANK,2978.5,4611.13,2720.6,454.653,12257.339,,173912.4079,251861.4738,212343.3045,81.901527,26.371241,29.162934,2.372997,0.78,15.290746,6.073432,1430,11.41,1.56,13080.5,3301.75,5540.76,1851.4945,3562.9523,1711.4578,Public Sector Bank,40.9992778342836,17.851572192578,13,11.9,8,2.65140943977465,2015,3.17797248052075,TRUE,0.526563040746098,1,21.6545814964161,OK,40.1527282900287,13,11.9,6.38610640092723,6.05378518913893,35.1811624629026,40.9992778342836,40.1527282900287
2015,SYNDICATE BANK,4611.13,6442.38,3843.65,726.4234,11248.1147,5948.8576,202719.8171,303135.2522,255388.0971,79.377159,24.947638,27.669783,1.989305,0.58,12.230917,6.417262,1539,10.54,1.9,16094.8723,3622.5954,5520.2896,2484.3573,4007.2882,1522.9309,Public Sector Bank,40.3380427730124,16.5643208255528,11,6.5,7.5,3.17797248052075,2016,6.86907867604762,TRUE,3.69110619552687,1,5.53077946540614,OK,38.5627252661284,11,6.5,7.41022760516221,7.15478063868049,34.7632630741904,40.3380427730124,38.5627252661284
2016,SYNDICATE BANK,6442.38,13832.16,9014.87,894.5607,12443.9967,11296.3738,201368.4899,307967.4448,261735.344,76.9359181005375,25.9722743826298,31.0635185430767,1.95865677876398,-0.56,-12.9424831172638,6.1864481586735,1461,11.16,4.48,17213.078,5242.122,5984.7022,4894.7983,3251.3128,-1643.4855,Public Sector Bank,34.8267371111959,-0.666598470406765,10.5,5.1,6.75,6.86907867604762,2017,8.81923528608667,TRUE,1.95015661003905,1,-0.666598470406769,OK,35.3870856034054,10.5,5.1,7.99625378567371,8.02848944993222,34.4549951026575,34.8267371111959,35.3870856034054
2017,SYNDICATE BANK,13832.16,17609.31,10410.98,924.1498,12184.7981,7305.8497,199669.3526,299073.3357,260560.8635,76.6305998214502,29.1159179398406,33.686800765437,2.0677259589811,0.12,2.70678759853604,5.89942629441743,1351,12.03,5.21,16727.8172,5500.1331,6275.9699,3874.2813,4233.2306,358.9493,Public Sector Bank,40.877978751013,-0.843795025152028,11.8,4.4,6.25,8.81923528608667,2018,12.2261852530636,TRUE,3.40694996697695,1,37.1385769548194,OK,22.0013237315943,11.8,4.4,8.256306,7.972023,34.943218,40.877978751013,22.0013237315943
2018,SYNDICATE BANK,17609.31,25758.6,13239.46,946.6597,10737.5043,5600,210683.868,323977.1361,272776.1062,77.2369218605702,29.4782409721193,34.7530801456522,2.10320662500139,-1.05,-22.1303177543166,5.14638061101205,1439,12.24,6.28,15223.9304,5494.065,6552.0194,7086.6929,3863.8555,-3222.8374,Public Sector Bank,48.6017873642201,5.51637757952042,11,2.2,6,12.2261852530636,2019,14.4092781992467,TRUE,2.18309294618306,1,6.8839127448008,OK,27.5119490189684,11,2.2,6.795383,6.231181,37.452479,48.6017873642201,27.5119490189684
2019,SYNDICATE BANK,25758.6,24680.37,12627.73,1049.1885,12563.6397,33763.3017,171281.0986,311278.863,259896.961,65.9034634114094,32.5812662349676,41.5018868871267,2.09328866139629,-0.87,-16.427343253642,5.05958068082328,1319,14.23,7.37,15076.5376,6053.4876,6648.8709,5407.4904,2819.1957,-2588.2947,Public Sector Bank,48.8349242738257,-18.7023191543075,10.6,0.7,6.25,14.4092781992467,2020,13.0621690124142,TRUE,-1.34710918683244,0,37.9200568827321,OK,21.9100864371158,10.6,0.7,6.45,5.81,37.347347,48.8349242738257,21.9100864371158
2020,SYNDICATE BANK,24680.37,24086.48,8504.7,1348.7672,14021.7827,33455.8907,184398.7777,326729.5293,281269.8228,65.5593891532114,33.475548305426,38.1213270916383,2.24781657625227,-1.2,-24.7914855282613,4.8416796788628,1541,11.51,4.61,14744.5822,6744.7803,7170.6292,7074.7064,3472.9646,-3601.7418,Public Sector Bank,64.6909801681275,7.65856782051257,6.4,6,4.4,13.0621690124142,,,FALSE,,,-83.593567831343,OK,29.3721058452709,6.4,6,3.871437,3.944641,33.785447,64.6909801681275,29.3721058452709
2005,TAMILNAD MERCANTILE BANK LTD,319.38,321.13,76.99,43.1726,260.7328,47.25,2626.2437,5616.8099,4826.8812,54.408708,26.379282,47.380001,4.317766,1.52,15.902395,5.734206,316.97,19.74,2.95,281.5661,124.8822,231.1364,91.8604,174.2082,82.3478,Private Sector Bank,76.0252857098371,,14.1,2.6,6,12.2277304273019,2006,7.37527923978521,TRUE,-4.85245118751672,0,-59.1094199075661,OK,28.6053623143275,14.1,2.6,7.92293807295951,7.05093547208952,29.739689583569,76.0252857098371,28.6053623143275
2006,TAMILNAD MERCANTILE BANK LTD,321.13,230.58,67.92,38.1078,243.1952,26.25,3126.3901,6102.7331,5202.8696,60.089726,28.417268,46.055123,4.198014,1.67,16.648544,5.725775,358.29,18.33,2.17,302.3285,129.6997,245.994,93.1234,194.3157,101.1923,Private Sector Bank,70.543845953682,19.0441732425669,14,3.9,6.5,7.37527923978521,2007,4.70998490358406,TRUE,-2.66529433620114,0,30.5860104004059,OK,40.38659033741,14,3.9,7.92342866735518,8.28129114504204,32.8676900977815,70.543845953682,40.38659033741
2007,TAMILNAD MERCANTILE BANK LTD,230.58,190.6,39.79,48.044,319.9813,10,4046.7221,7086.9346,6019.8767,67.222674,27.914499,46.755024,4.485032,1.57,14.940779,5.874678,451.23,16.77,0.98,342.2079,147.4363,295.7804,125.4198,231.1962,105.7764,Private Sector Bank,79.1238195173137,29.4375292449909,17.1,7.8,7.75,4.70998490358406,2008,2.29174219524668,TRUE,-2.41824270833738,0,15.7688278769125,OK,65.8026232948583,17.1,7.8,8.06072889963741,8.05441849702261,33.498253505701,79.1238195173137,65.8026232948583
2008,TAMILNAD MERCANTILE BANK LTD,190.6,122.18,20.15,71.6252,607.1961,,5331.3152,8864.8324,7670.2609,69.506308,24.914077,44.514691,3.287413,1.58,15.671058,6.754404,541.99,15.35,0.38,498.8,168.51,262.2,97.6577,224.3928,126.7351,Private Sector Bank,83.5079391062367,31.744040442016,15.1,7.5,7.75,2.29174219524668,2009,1.83210230970582,TRUE,-0.459639885540864,0,6.37788165797968,OK,79.9293665084302,15.1,7.5,7.66082415755608,7.3833652744116,38.7091453329433,83.5079391062367,79.9293665084302
2009,TAMILNAD MERCANTILE BANK LTD,122.18,120.4,22.08,62.6764,651.089,110,6571.6854,11243.5435,9566.043,68.698054,22.01177,41.971067,3.319177,1.51,16.2665,7.404154,679.25,16.05,0.34,643.4294,204.2866,333.7163,115.0674,265.2735,150.2061,Private Sector Bank,81.6611295681063,23.265745007911,12.6,10.2,5,1.83210230970582,2010,1.387614026881,TRUE,-0.444488282824814,0,16.1644308010629,OK,95.5709302325581,12.6,10.2,3.08669937408871,4.31239885000613,34.63759214019,81.6611295681063,95.5709302325581
2010,TAMILNAD MERCANTILE BANK LTD,120.4,115,19.98,57.7517,861.4824,207.8708,8287.6072,13585.5428,11639.3013,71.203649,24.966446,43.484233,3.017058,1.54,17.272337,6.988627,870.16,15.54,0.24,743.8519,231.4493,374.554,131.3715,315.901,184.5295,Private Sector Bank,82.6260869565217,26.1108329987921,15.5,13.9,5,1.387614026881,2011,1.3117813900187,TRUE,-0.0758326368623057,0,1.51550756648726,ABOVE_100_SUSPECT,114.236086956522,15.5,13.9,7.86188237155002,6.85655166937235,36.237403409036,82.6260869565217,114.236086956522
2011,TAMILNAD MERCANTILE BANK LTD,115,141.13,29.31,60.1336,798.1952,,10758.6524,16117.3044,13793.2918,77.999165,24.224853,42.789641,3.662225,1.74,19.958466,6.440562,959.18,15.13,0.27,827.15,298.02,543.89,183.3121,434.2095,250.8974,Private Sector Bank,79.2319138383051,29.8161476571911,19.9,10,6.75,1.3117813900187,2012,1.28805986287968,TRUE,-0.0237215271390137,0,3.91483859542177,ABOVE_100_SUSPECT,129.888825905194,19.9,10,8.49758687599316,8.02988178640115,40.1198616832315,79.2319138383051,129.888825905194
2012,TAMILNAD MERCANTILE BANK LTD,141.13,177.48,62.6,75.9591,620.1171,,13778.8627,20309.2146,17110.4399,80.52898,20.629925,42.72751,3.570875,1.75,20.891274,7.803871,1068.8,14.69,0.45,1232.02,349.04,650.37,219.5305,532.9895,313.459,Private Sector Bank,64.7284201036737,28.0723847904966,14.4,8.2,8.5,1.28805986287968,2013,1.31920602805489,TRUE,0.031146165175205,0,13.0777653365019,ABOVE_100_SUSPECT,123.6930921794,14.4,8.2,5.24131422482317,5.22332743548782,38.9523817758518,64.7284201036737,123.6930921794
2013,TAMILNAD MERCANTILE BANK LTD,177.48,214.45,106.76,118.6179,799.0461,200,16255.99,23684.3232,20223.8111,80.380448,18.858293,45.424708,3.907512,2,24.079428,8.266648,1133.15,15.01,0.66,1610.8423,418.5299,859.5264,249.4309,689.7138,440.2829,Private Sector Bank,50.2168337607834,17.9777341129903,13.8,11.2,7.5,1.31920602805489,2014,2.49663873633985,TRUE,1.17743270828496,1,27.4023892707263,ABOVE_100_SUSPECT,116.311914199114,13.8,11.2,5.45638755164234,5.41917342231536,39.5016796432622,50.2168337607834,116.311914199114
2014,TAMILNAD MERCANTILE BANK LTD,214.45,428.02,209.75,106.7312,927.1715,95,17143.85,26398.2345,22645.6831,75.704716,19.193985,49.142935,3.522877,1.19,14.016298,8.317,1074.71,15.59,1.22,1820.4817,489.2626,882.1734,312.278,613.0449,300.7669,Private Sector Bank,50.9952805943647,5.46174056455497,13,11.9,8,2.49663873633985,2015,1.64812208672778,TRUE,-0.848516649612078,0,6.22734106273535,OK,72.9587402457829,13,11.9,6.38610640092723,6.05378518913893,35.1811624629026,50.9952805943647,72.9587402457829
2015,TAMILNAD MERCANTILE BANK LTD,428.02,318.68,135.53,203.8945,1067.7523,25,19335.9462,29749.4521,25649.8623,75.384211,19.638149,48.888843,3.146796,1.38,15.600694,7.930738,1083.85,13.89,0.67,1952.1048,567.942,883.4267,227.965,607.3669,379.4019,Private Sector Bank,57.4714447094264,12.7864872826116,11,6.5,7.5,1.64812208672778,2016,1.85554668697684,TRUE,0.207424600249068,0,10.8448954079541,OK,71.5341408309276,11,6.5,7.41022760516221,7.15478063868049,34.7632630741904,57.4714447094264,71.5341408309276
2016,TAMILNAD MERCANTILE BANK LTD,318.68,418.94,200.74,185.0986,1212.7215,,22577.7127,35266.3124,30368.865,74.3449341949395,19.4004201342395,52.4415867866013,3.2115743251777,1.23,14.5287957595027,7.71679545100983,1219.78,12.75,0.89,2208.16,636.96,1044.01,323.3994,725.5559,402.1565,Private Sector Bank,52.0838306201365,16.7654919312922,10.5,5.1,6.75,1.85554668697684,2017,2.95207792739335,TRUE,1.0965312404165,1,2.5309397409333,OK,77.1946818160119,10.5,5.1,7.99625378567371,8.02848944993222,34.4549951026575,52.0838306201365,77.1946818160118
2017,TAMILNAD MERCANTILE BANK LTD,418.94,648.64,381.92,166.8705,1291.3341,345,21972.3197,36984.3661,32190.1495,68.2578988954369,23.2323922571407,58.3173004714655,3.18559472074716,0.86,10.2717883418911,7.07259223209151,1234.95,14.02,1.74,2230.1536,705.57,1150.8069,559.0803,875.745,316.6647,Private Sector Bank,41.1198815984213,-2.68137436260317,11.8,4.4,6.25,2.95207792739335,2018,3.65303665824474,TRUE,0.700958730851397,1,-7.86696599785461,OK,86.1926954859398,11.8,4.4,8.256306,7.972023,34.943218,41.1198815984213,86.1926954859398
2018,TAMILNAD MERCANTILE BANK LTD,648.64,868.28,513.29,220.3049,1481.4728,250,23768.7185,37919.9522,32428.3322,73.2961484217187,25.3192515401702,60.849088267001,3.23008640210801,0.59,6.69548865624443,6.28173688581111,1309.04,14.83,2.16,2040.7554,709.8578,1209.7371,784.0853,1006.0015,221.9162,Private Sector Bank,40.8842769613489,8.17573576448554,11,2.2,6,3.65303665824474,2019,4.40996916623223,TRUE,0.756932507987484,1,18.3978971288886,OK,90.3032777445064,11,2.2,6.795383,6.231181,37.452479,40.8842769613489,90.3032777445064
2019,TAMILNAD MERCANTILE BANK LTD,868.28,1168.11,636.51,251.0289,1484.3135,575,26487.9403,40532.7956,35136.2481,75.3863651708448,24.6403960814473,63.275283431532,3.1360334328532,0.68,7.36377222157712,5.76416279462924,1436.94,16.17,2.4,1994.3044,760.2262,1230.1522,625.6866,884.2671,258.5805,Private Sector Bank,45.5094126409328,11.4403382748632,10.6,0.7,6.25,4.40996916623223,2020,3.68375193493673,TRUE,-0.726217231295502,0,23.7585484402292,OK,53.5640136630968,10.6,0.7,6.45,5.81,37.347347,45.5094126409328,53.5640136630968
2020,TAMILNAD MERCANTILE BANK LTD,1168.11,1020.98,497.47,203.5178,1210.8872,1960,27715.7642,42758.7972,36825.0267,75.2633920018312,25.84668811659,66.7037429189847,3.168433585,0.99,10.73172624,5.95207827,1498.85,16.74,1.8,2146.5923,850.9115,1319.5194,587.3318,995.0248,407.693,Private Sector Bank,51.2752453525044,4.63540723096543,6.4,6,4.4,3.68375193493673,2021,3.49145106886044,TRUE,-0.192300866076284,0,26.7453583411458,OK,57.5262786734314,6.4,6,3.871437,3.944641,33.785447,51.2752453525044,57.5262786734314
2021,TAMILNAD MERCANTILE BANK LTD,1020.98,1084.78,613.82,260.2698,1420.0201,618,31069.6034,47527.1685,40970.4168,75.8342380348935,28.521226564627,71.5508431626778,3.406,1.34,14.097,5.272,1663,18.94,1.98,2071.5248,979.6531,1537.5287,598.8945,1202.2238,603.3293,Private Sector Bank,43.4152547060233,12.1008361010663,-1.2,7.3,4,3.49145106886044,2022,1.7046691560593,TRUE,-1.78678191280114,0,12.2981051587444,OK,55.2088441896053,-1.2,7.3,-5.777724706874,-4.145902641222,32.071601,43.4152547060233,55.2088441896053
2022,TAMILNAD MERCANTILE BANK LTD,1084.78,570.92,317.58,362.8175,1750.2962,1434,33491.5428,52858.4881,44933.1146,74.536437,30.501257,72.63822,3.616511,1.66,16.577945,4.68397,1775,22.06,0.95,2018.6309,1111.0354,1815.2292,694.5433,1516.452,821.9087,Private Sector Bank,44.3739928536397,7.7952053935777,18.9,4.2,4,1.7046691560593,2023,1.39840507831788,TRUE,-0.306264077741421,0,7.79520539357771,ABOVE_100_SUSPECT,121.653348980593,18.9,4.2,9.689592491912,9.375448587977,36.663675,44.3739928536397,121.653348980593
2023,TAMILNAD MERCANTILE BANK LTD,570.918549,521.460909,229.8252,480.469735,1622.10194,1198.314689,37289.68931,57895.36586,47766.48605,78.066637,28.755746,72.172346,3.781586,1.97,16.784975,4.23831,1903.7,26.26,0.62,1986.915909,1150.394349,2094.125889,543.582827,1572.841871,1029.259044,Private Sector Bank,55.9266675539048,11.3406137563779,14,6.7,6.5,1.39840507831788,2024,1.44727476120838,TRUE,0.0488696828905,0,-10.6142982334152,ABOVE_100_SUSPECT,104.242296520831,14,6.7,7.609364977704,7.214814133485,35.24891,55.9266675539048,104.242296520831
2024,TAMILNAD MERCANTILE BANK LTD,521.4609092,575.0565363,335.8214398,498.8665738,1731.262569,1049.891566,39733.75006,61552.46,49515.07323,80.245767,29.639558,75.86924,3.601394,1.84,14.438587,5.446754,1939.348616,29.37,0.85,2697.015852,1314.060573,2150.893542,409.7468107,1481.779266,1072.032455,Private Sector Bank,41.6020132627784,6.55425345510876,12,7,6.5,1.44727476120838,2025,1.26440427185889,TRUE,-0.182870489349491,0,27.9365916199684,OK,71.2533089939943,12,7,9.190754930285,8.559254114773,34.642678,41.6020132627784,71.2533089939943
2025,TAMILNAD MERCANTILE BANK LTD,575.0565363,556.1313914,160.4478545,450.3263862,2200.047881,1102.812505,43983.66913,66449.87025,53688.95921,81.923117,26.435554,77.623554,3.595133,1.88,13.970638,5.614575,2059.300619,32.71,0.36,2990.340109,1405.673221,2300.926861,563.1324712,1745.739636,1182.607165,Private Sector Bank,71.149290081236,10.69599286144,9.8,6.7,6.25,1.26440427185889,,,FALSE,,,56.7566373150975,ABOVE_100_SUSPECT,101.258889519323,9.8,6.7,6.49476552384,6.414086697106,,71.149290081236,101.258889519323
2005,UCO BANK,1479.12,1399.35,810.74,259.4566,2718.4313,1245.603,27655.7032,54589.4564,49470.2369,55.903721,29.231964,36.209219,2.862636,0.73,17.862696,4.616886,321,11.26,2.93,2140.4908,1085.3074,1408.2346,492.8427,838.4915,345.6488,Public Sector Bank,42.0631007253368,,14.1,2.6,6,5.05989665090129,2006,3.3034239526157,TRUE,-1.75647269828558,0,78.1672494194014,OK,35.2194018651517,14.1,2.6,7.92293807295951,7.05093547208952,29.739689583569,42.0631007253368,35.2194018651517
2006,UCO BANK,1399.34,1234.74,784.94,201.2465,1830.8997,,37377.5821,61839.3977,54543.7298,68.527734,29.551272,34.98803,2.689627,0.34,8.679335,5.010195,387,11.12,2.1,2788.84,1177.37,1565.75,565.7813,762.4334,196.6521,Public Sector Bank,36.428721836176,35.1532515000378,14,3.9,6.5,3.3034239526157,2007,3.20550076299805,TRUE,-0.0979231896176502,0,35.1532515000378,OK,45.8218977274568,14,3.9,7.92342866735518,8.28129114504204,32.8676900977815,36.428721836176,45.8218977274568
2007,UCO BANK,1234.74,1506.23,1006.06,291.1687,3503.1031,558.9786,46988.9141,74863.8955,64860.0055,72.44667,29.196559,34.631116,2.321664,0.47,12.33649,5.37773,464,11.56,2.14,3623.1642,1192.5713,1586.8955,628.6585,944.7574,316.0989,Public Sector Bank,33.2067479734171,25.7141619655489,17.1,7.8,7.75,3.20550076299805,2008,2.99907987913415,TRUE,-0.206420883863905,0,25.7141619655489,OK,41.7372180875431,17.1,7.8,8.06072889963741,8.05441849702261,33.498253505701,33.2067479734171,41.7372180875431
2008,UCO BANK,1506.23,1651.95,1092.3,212.8919,5489.8248,1521.6052,55081.894,89794.9379,79908.9426,68.930826,25.661403,33.025559,1.807061,0.52,14.750408,6.305433,580,11.02,1.98,5020.8128,1305.9254,1487.7431,541.7909,953.9472,412.1563,Public Sector Bank,33.8781440116226,17.2231686026556,15.1,7.5,7.75,2.99907987913415,2009,2.23753418828657,TRUE,-0.761545690847584,0,33.7395414115582,OK,32.7970519688853,15.1,7.5,7.66082415755608,7.3833652744116,38.7091453329433,33.8781440116226,32.7970519688853
2009,UCO BANK,1651.95,1539.51,812.67,185.6543,6403.2002,730.6588,68803.8649,111664.1678,100221.5665,68.651756,24.110518,31.285853,1.632794,0.59,16.204733,6.578055,732,11.93,1.18,6476.6756,1462.9873,1644.7062,643.8977,1201.6135,557.7158,Public Sector Bank,47.2124247325448,24.9119445674835,12.6,10.2,5,2.23753418828657,2010,2.0198041528719,TRUE,-0.217730035414665,0,-45.0388163829411,OK,41.8248468668602,12.6,10.2,3.08669937408871,4.31239885000613,34.63759214019,47.2124247325448,41.8248468668602
2010,UCO BANK,1539.51,1666.43,966.28,235.5086,7007.2208,427.764,82504.5338,137319.4902,122415.5505,67.397102,24.651306,29.525005,1.86689,0.87,22.08183,5.908697,864,13.21,1.17,7202.196,1584.4211,2324.1256,693.4464,1705.6323,1012.1859,Public Sector Bank,42.0149661251898,19.9126443258858,15.5,13.9,5,2.0198041528719,2011,3.17990726584686,TRUE,1.16010311297496,1,19.9126443258858,OK,41.6126930024064,15.5,13.9,7.86188237155002,6.85655166937235,36.237403409036,42.0149661251898,41.6126930024063
2011,UCO BANK,1666.43,3150.36,1824.55,237.3493,10166.6769,5581.1702,99070.8136,163398.4532,145277.6018,68.194142,22.048224,24.315604,2.557158,0.66,14.355619,5.112142,1069,13.71,1.84,7525.8858,2075.3667,3844.9166,1788.423,2694.9634,906.5404,Public Sector Bank,42.0843967038688,20.0792356940753,19.9,10,6.75,3.17990726584686,2012,3.536610385378,TRUE,0.356703119531139,0,97.9564714452961,OK,56.7688454652802,19.9,10,8.49758687599316,8.02988178640115,40.1198616832315,42.0843967038688,56.7688454652802
2012,UCO BANK,3150.36,4086.2,2263.94,308.4047,7503.1245,4842.198,115540.0102,180498.3991,154003.4897,75.024281,22.3391,25.034229,2.269344,0.69,13.830195,6.648065,1164,12.35,1.96,10730.2703,2056.2348,3902.1012,1702.7477,2811.4215,1108.6738,Public Sector Bank,44.5954676716754,16.6236614009194,14.4,8.2,8.5,3.536610385378,2013,5.55810009303012,TRUE,2.02148970765212,1,22.5015319510686,OK,41.6706891488424,14.4,8.2,5.24131422482317,5.22332743548782,38.9523817758518,44.5954676716754,41.6706891488424
2013,UCO BANK,4086.2,7130.09,4069.31,436.5685,5268.7922,4084.3744,128282.8643,198651.3993,173431.0456,73.967647,32.135447,25.976998,2.416742,0.33,6.757773,7.028211,1189,14.15,3.17,12170.1758,2176.6173,4581.5359,2738.8942,3357.0901,618.1959,Public Sector Bank,42.9276488796074,11.0289535875426,13.8,11.2,7.5,5.55810009303012,2014,4.42651656629994,TRUE,-1.13158352673018,0,13.5169577766162,OK,38.4131785152782,13.8,11.2,5.45638755164234,5.41917342231536,39.5016796432622,42.9276488796074,38.4131785152782
2014,UCO BANK,7130.09,6621.37,3556.42,537.9736,7511.2389,2175.8553,149584.2137,239124.7535,199533.5481,74.966949,29.515987,31.08998,2.768121,0.7,14.44895,6.045434,1361,12.68,2.38,12170.8275,2439.1983,6059.0876,3429.8525,4940.3965,1510.544,Public Sector Bank,46.288758972841,16.6049842402841,13,11.9,8,4.42651656629994,2015,6.9663995194295,TRUE,2.53988295312956,1,12.4478367282274,OK,51.7997408391315,13,11.9,6.38610640092723,6.05378518913893,35.1811624629026,46.288758972841,51.7997408391315
2015,UCO BANK,6621.37,10265.05,6330.58,536.4828,7731.0393,7027.9783,147350.8657,245916.9097,214336.7079,68.747377,29.349926,32.529526,2.293598,0.48,9.571296,6.168651,1377,12.17,4.3,13796.539,2655.7784,5562.4535,3772.4196,4910.2191,1137.7995,Public Sector Bank,38.3287952810751,-1.49303722950278,11,6.5,7.5,6.9663995194295,2016,16.6059083754219,TRUE,9.63950885599238,1,16.6272256139455,OK,36.7501337061193,11,6.5,7.41022760516221,7.15478063868049,34.7632630741904,38.3287952810751,36.7501337061193
2016,UCO BANK,10265.05,20907.73,11443.59,583.8033,7366.1526,4514.7936,125905.3677,244882.5314,207118.2415,60.7891254715969,29.4160722197905,35.7671023266469,1.97556190737887,-1.25,-22.3307215917974,6.03085336551039,1381,9.63,9.09,13712.9508,2840.943,4848.0234,6402.6434,3603.386,-2799.2574,Public Sector Bank,45.2662245016556,-14.5540359726573,10.5,5.1,6.75,16.6059083754219,2017,18.827356816026,TRUE,2.22144844060408,1,-0.819128282209281,OK,30.623331179425,10.5,5.1,7.99625378567371,8.02848944993222,34.4549951026575,45.2662245016556,30.623331179425
2017,UCO BANK,20907.73,22540.95,10703.39,635.7306,8154.5192,2807.6325,119724.4532,231339.7065,201284.5112,59.4802116100427,31.402607196733,35.1513246251351,1.60294123047713,-0.75,-14.6440052965601,5.76432432062792,1348,10.93,8.94,12509.018,3005.1914,3816.7813,4776.748,2926.0808,-1850.6672,Public Sector Bank,52.5157990235549,-4.90917473409674,11.8,4.4,6.25,18.827356816026,2018,28.4264575915055,TRUE,9.59910077547958,1,33.8935908178999,OK,21.1914227217575,11.8,4.4,8.256306,7.972023,34.943218,52.5157990235549,21.1914227217575
2018,UCO BANK,22540.95,30549.92,14082.07,636.3014,7488.7777,2205.7488,107470.0212,216056.1768,181849.2799,59.0984035015692,35.4829034437106,37.3125286030929,1.39684919626528,-1.88,-32.0192346829577,5.26967244054188,1274,10.94,13.1,10895.4025,2911.4858,3124.7229,5770.6096,1334.2403,-4436.3693,Public Sector Bank,53.904723809424,-10.2355297288591,11,2.2,6,28.4264575915055,2019,30.094827979483,TRUE,1.66837038797745,1,18.3855187111987,OK,18.8891152579123,11,2.2,6.795383,6.231181,37.452479,53.904723809424,18.8891152579123
2019,UCO BANK,30549.92,29888.33,9649.92,585.0833,8237.927,9946.9391,99313.8423,230484.0802,197906.7817,50.1821319344915,43.4501321083329,37.469705972699,1.93091383471838,-1.84,-26.7160360390372,4.91329579345943,1369,10.7,9.72,10019.4785,3064.4243,4311.1538,7081.327,2760.2441,-4321.0829,Public Sector Bank,67.7134185817675,-7.58925959902946,10.6,0.7,6.25,30.094827979483,2020,19.0581590150788,TRUE,-11.0366689644042,0,92.2413631874277,OK,23.6926151444393,10.6,0.7,6.45,5.81,37.347347,67.7134185817675,23.6926151444393
2020,UCO BANK,29888.33,19281.95,5510.66,923.4231,5853.3053,3796.9225,101174.2529,235908.1513,193203.4435,52.3666923669505,39.4128883111755,41.5877833974102,2.18368693,-0.96,-13.31575872,4.760140441,1370,11.7,5.45,10042.0601,3127.8875,5092.2731,7272.4275,4835.5986,-2436.8289,Public Sector Bank,71.4206291376132,1.87326414618036,6.4,6,4.4,19.0581590150788,2021,10.1944383302648,TRUE,-8.86372068481402,0,1.87326414618036,OK,37.7162449855953,6.4,6,3.871437,3.944641,33.785447,71.4206291376132,37.7162449855953
2021,UCO BANK,19281.95,11351.97,4389.51,809.6269,8635.7875,2209.0246,111354.5409,253336.1092,205919.3944,54.0767620381075,39.155960678175,44.9483432785631,2.24,0.06,0.852,4.243,1470,13.74,3.94,8966.4518,4754.8089,5479.698,3982.0297,4149.0637,167.034,Public Sector Bank,61.3326145153661,10.0621331101522,-1.2,7.3,4,10.1944383302648,2022,8.33772819111159,TRUE,-1.85671013915321,0,35.2930647340848,OK,35.0778737082639,-1.2,7.3,-5.777724706874,-4.145902641222,32.071601,61.3326145153661,35.0778737082639
2022,UCO BANK,11351.97,10237.43,3315.78,916.7094,9370.8375,5755.7133,122784.4056,267784.0157,224072.8983,54.796634,39.420611,42.646315,2.484245,0.33,4.264978,3.766687,1633,13.74,2.7,8508.3895,4776.3226,6472.9493,3867.6702,4797.4336,929.7634,Public Sector Bank,67.6112071095968,10.2643903047154,18.9,4.2,4,8.33772819111159,2023,4.95698411616692,TRUE,-3.38074407494467,0,17.5682330760167,OK,37.7796986157659,18.9,4.2,9.689592491912,9.375448587977,36.663675,67.6112071095968,37.7796986157659
2023,UCO BANK,10237.43,7726.46,2018.02,914.2317,9385.7827,658.6629,155870.1787,300862.9865,249337.737,62.513673,36.787103,39.410735,2.582666,0.62,7.546244,3.978218,1890,16.51,1.29,10307.3933,5510.915,7343.125,2478.3305,4340.6681,1862.3376,Public Sector Bank,73.8817000282147,26.9462338790684,14,6.7,6.5,4.95698411616692,2024,3.55084263994832,TRUE,-1.40614147621861,0,22.1874799382426,OK,32.0758859814197,14,6.7,7.609364977704,7.214814133485,35.24891,73.8817000282147,32.0758859814197
2024,UCO BANK,7726.46,6463.31,1621.65,716.8202,9480.352,1500,182021.8651,323691.4516,263129.7727,69.175701,37.453633,37.855165,2.594099,0.56,6.226295,4.618109,2093,16.98,0.89,13753.5555,6790.0639,8100.7803,2922.5017,4576.2458,1653.7441,Public Sector Bank,74.9099145793719,16.7778638724304,12,7,6.5,3.55084263994832,2025,2.75108726501014,TRUE,-0.799755374938177,0,25.2323195786483,OK,45.2167960379434,12,7,9.190754930285,8.559254114773,34.642678,74.9099145793719,45.2167960379434
2025,UCO BANK,6463.31,5918.54,1068.31,587.3965,9771.5187,7297.4957,215134.5788,362481.0826,293542.1782,73.289154,35.826174,37.06249,2.806899,0.76,8.378751,4.695046,2435,18.49,0.49,15436.8273,7999.4083,9630.0841,3592.3208,6037.3101,2444.9893,Public Sector Bank,81.9497713963241,18.1916132338323,9.8,6.7,6.25,2.75108726501014,,,FALSE,,,4.28774222237425,OK,60.6960635562149,9.8,6.7,6.49476552384,6.414086697106,,81.9497713963241,60.6960635562149
2005,UNION BANK OF INDIA,2346.84,2058.15,1060.38,169.7648,3477.4128,989.9748,40105.0794,72413.2483,61830.5899,64.862845,32.681649,42.495797,3.158505,1.1,21.459468,4.823083,343.08,12.09,2.64,2905.2366,1257.4881,2064.5554,854.1062,1573.1671,719.0609,Public Sector Bank,48.4789738357263,,14.1,2.6,6,5.13189359251088,2006,3.93040794459116,TRUE,-1.20148564791972,0,37.9900030541959,OK,41.4987343002211,14.1,2.6,7.92293807295951,7.05093547208952,29.739689583569,48.4789738357263,41.4987343002211
2006,UNION BANK OF INDIA,2058.15,2098.05,833.95,197.179,4190.0938,467.2,53379.9552,89126.0392,74094.2977,72.04327,32.358036,38.096038,2.939577,0.84,16.523113,4.643806,436.47,11.41,1.56,3489.4222,1402.4239,2374.2861,791.1676,1466.3508,675.1832,Public Sector Bank,60.2511856247468,33.100235677379,14,3.9,6.5,3.93040794459116,2007,3.0016464045436,TRUE,-0.928761540047556,0,33.100235677379,OK,37.7096637353733,14,3.9,7.92342866735518,8.28129114504204,32.8676900977815,60.2511856247468,37.7096637353733
2007,UNION BANK OF INDIA,2098.05,1872.62,601.22,278.7441,5638.8287,890,62386.4289,102677.8758,85180.2191,73.240512,34.498189,39.872485,2.909449,0.92,17.344784,5.073209,509.21,12.8,0.96,4591.9601,1475.9307,2790.2189,1155.4425,2000.8295,845.386999999999,Public Sector Bank,67.8941803462528,16.8723890199144,17.1,7.8,7.75,3.0016464045436,2008,2.23060317347776,TRUE,-0.77104323106584,0,16.8723890199144,OK,61.7019203041728,17.1,7.8,8.06072889963741,8.05441849702261,33.498253505701,67.8941803462528,61.7019203041728
2008,UNION BANK OF INDIA,1872.62,1656.6,127.57,345.7869,9108.9545,,74266.9077,123991.8836,103858.645,71.50768,34.858961,38.057833,2.517924,1.26,22.125969,6.086746,620,12.51,0.17,6360.95,1592.99,2853.69,1193.3082,2580.3374,1387.0292,Public Sector Bank,92.2992876976941,19.0433705045746,15.1,7.5,7.75,2.23060317347776,2009,1.9924020299945,TRUE,-0.238201143483264,0,34.7324261223665,OK,72.0335747917421,15.1,7.5,7.66082415755608,7.3833652744116,38.7091453329433,92.2992876976941,72.0335747917421
2009,UNION BANK OF INDIA,1656.6,1923.35,325.94,421.0169,8571.0314,1549.1559,96534.2321,160975.5115,138702.8325,69.597881,30.072329,33.128565,2.676493,1.27,21.463787,6.092905,694,13.27,0.34,8075.8131,2214.1146,3813.5656,1355.4496,3082.0024,1726.5528,Public Sector Bank,83.0535263992513,29.9828350063376,12.6,10.2,5,1.9924020299945,2010,2.23851428219114,TRUE,0.246112252196639,0,5.31412405388734,OK,70.4733719811787,12.6,10.2,3.08669937408871,4.31239885000613,34.63759214019,83.0535263992513,70.4733719811787
2010,UNION BANK OF INDIA,1923.35,2670.89,965.33,392.6147,12075.6296,1549.4355,119315.2986,195161.843,170039.7414,70.169066,31.731979,35.041375,2.354379,1.25,21.654185,5.524192,853,12.51,0.81,9110.2674,2507.8475,4192.4117,1584.3856,3659.3043,2074.9187,Public Sector Bank,63.857365896761,23.5989513817244,15.5,13.9,5,2.23851428219114,2011,2.39943968557759,TRUE,0.160925403386455,0,23.5989513817244,OK,59.3205111404813,15.5,13.9,7.86188237155002,6.85655166937235,36.237403409036,63.857365896761,59.3205111404813
2011,UNION BANK OF INDIA,2670.89,3622.82,1803.44,401.9579,17208.4953,,150986.0832,235984.447,202461.2853,74.575286,31.762701,32.041869,2.883568,1.05,17.956874,5.121027,1043,12.95,1.19,10236.42,3950,6216.2,2223.0373,4304.9845,2081.9472,Public Sector Bank,50.2199943690274,26.5437751668167,19.9,10,6.75,2.39943968557759,2012,3.06374872621866,TRUE,0.664309040641073,1,-3.722437385217,OK,61.3620687751531,19.9,10,8.49758687599316,8.02988178640115,40.1198616832315,50.2199943690274,61.3620687751531
2012,UNION BANK OF INDIA,3622.82,5449.86,3025.03,627.326,11006.2347,64.3684,177882.0813,262211.4375,222868.9457,79.814656,31.276263,23.866083,2.727066,0.79,13.045941,6.303703,1070,11.85,1.7,14235.3856,3987.5173,6793.0664,3466.6168,5253.7529,1787.1361,Public Sector Bank,44.4934365286448,17.8135610448102,14.4,8.2,8.5,3.06374872621866,2013,3.03400465000401,TRUE,-0.0297440762146519,0,5.99763364009431,OK,63.6092817063191,14.4,8.2,5.24131422482317,5.22332743548782,38.9523817758518,44.4934365286448,63.6092817063191
2013,UNION BANK OF INDIA,5449.86,6313.83,3353.37,775.2787,9987.639,,208102.186,312133.7676,263761.573,78.897841,30.950279,26.602488,2.626587,0.79,13.516938,6.802385,1215,11.45,1.61,17581.86,4512.16,7542.84,3424.7711,5582.6994,2157.9283,Public Sector Bank,46.8884971562427,16.9888414162602,13.8,11.2,7.5,3.03400465000401,2014,4.17440210210238,TRUE,1.14039745209837,1,16.9888414162602,OK,54.2423711123043,13.8,11.2,5.45638755164234,5.41917342231536,39.5016796432622,46.8884971562427,54.2423711123043
2014,UNION BANK OF INDIA,6313.83,9563.74,5340.25,784.6544,17635.023,,229104.4266,353780.9023,297675.6397,76.964453,29.495376,30.40282,2.366467,0.52,9.483533,7.067309,1376,10.8,2.33,21470.07,5482.76,7879.33,3521.9017,5218.105,1696.2033,Public Sector Bank,44.1614891245475,10.0922729374885,13,11.9,8,4.17440210210238,2015,5.09706133337058,TRUE,0.922659231268202,1,11.7637696819453,OK,36.825569285656,13,11.9,6.38610640092723,6.05378518913893,35.1811624629026,44.1614891245475,36.825569285656
2015,UNION BANK OF INDIA,9563.74,13030.87,6918.97,1006.9307,14056.1476,,255654.5654,381615.9307,316869.9172,80.681236,29.239297,33.582493,2.296419,0.49,9.319115,7.037677,1446,10.22,2.71,23640.07,6143.43,8443.9,4041.8304,5823.4699,1781.6395,Public Sector Bank,46.9032382335178,11.5886625125558,11,6.5,7.5,5.09706133337058,2016,9.0407810723704,TRUE,3.94371973899982,1,5.52274975667415,OK,31.0173488032649,11,6.5,7.41022760516221,7.15478063868049,34.7632630741904,46.9032382335178,31.0173488032649
2016,UNION BANK OF INDIA,13030.87,24170.89,14025.94,1124.814,14479.9069,361.976,267354.0019,404695.9024,342720.0092,78.0094522418098,32.351704021838,35.5515349029829,2.1144534140421,0.35,6.33780120986712,6.69429405039501,1551,10.56,5.25,23885.7021,6302.2157,8313.0987,4291.0161,5642.6184,1351.6023,Public Sector Bank,41.9717685199014,4.5762673870873,10.5,5.1,6.75,9.0407810723704,2017,11.7683118055339,TRUE,2.72753073316355,1,17.4714687501147,OK,17.7528262302298,10.5,5.1,7.99625378567371,8.02848944993222,34.4549951026575,41.9717685199014,17.7528262302298
2017,UNION BANK OF INDIA,24170.89,33712.28,18832.1,1030.7964,15489.651,179.5345,286466.577,452704.4402,375899.0098,76.2083882988723,34.0027878679451,36.380859432687,2.07682102691989,0.13,2.36929335293214,6.12260271948077,1643,11.79,6.57,23756.6448,6437.8448,8903.3353,6874.8763,7430.0894,555.2131,Public Sector Bank,44.1387530003904,7.1487896063545,11.8,4.4,6.25,11.7683118055339,2018,17.0971846546957,TRUE,5.32887284916178,1,35.1095764001876,OK,20.3927954442713,11.8,4.4,8.256306,7.972023,34.943218,44.1387530003904,20.3927954442713
2018,UNION BANK OF INDIA,33712.28,49369.93,24326.31,1290.344,19726.1253,12045.2566,288760.5825,487380.0884,408501.6357,70.6877420466593,34.0858434902957,38.2866769566792,1.97953756644772,-1.07,-21.3859853089047,5.49621074986737,1783,11.46,8.42,23443.336,6654.956,9304.6632,12886.9441,7639.5756,-5247.3685,Public Sector Bank,50.7264644693642,0.800793420308854,11,2.2,6,17.0971846546957,2019,16.4108701289752,TRUE,-0.686314525720505,0,0.800793420308865,OK,26.1028202794697,11,2.2,6.795383,6.231181,37.452479,50.7264644693642,26.1028202794697
2019,UNION BANK OF INDIA,49369.93,48729.15,20332.42,1246.9951,19549.4686,7524.9277,296932.153,494038.8422,415915.2695,71.3924625457878,36.0989828963228,38.9342548565295,2.0816616393888,-0.59,-11.4278107575469,5.35873710514009,1879,11.78,6.85,23851.7482,7167.6254,10214.9107,10468.6803,7521.232,-2947.4483,Public Sector Bank,58.2746261734506,2.82987741237153,10.6,0.7,6.25,16.4108701289752,2020,15.5801912096855,TRUE,-0.830678919289754,0,15.1728580460551,OK,21.4834042867565,10.6,0.7,6.45,5.81,37.347347,58.2746261734506,21.4834042867565
2020,UNION BANK OF INDIA,48729.15,49085.3,17303.14,2004.3578,18113.9405,20300,315049.4069,550683.2685,450668.4524,69.9071357718138,35.5856406957142,36.3161270563243,2.189434316,-0.53,-9.615559972,5.545201483,2006,12.81,5.49,25794.3716,7516.4147,11436.7522,12078.9008,9181.1243,-2897.7765,Public Sector Bank,64.7488351909839,6.10147931672458,6.4,6,4.4,15.5801912096855,2021,15.1930290472905,TRUE,-0.387162162394928,0,6.10147931672459,OK,24.6079799858613,6.4,6,3.871437,3.944641,33.785447,64.7488351909839,24.6079799858613
2021,UNION BANK OF INDIA,97192.54,89788.2,27280.52,3781.7879,34098.6734,29554,590982.8759,1071705.8448,923805.3402,63.9726628741997,36.3271178349484,42.7980526195141,2.356,0.27,4.678,4.553,1923,12.56,4.62,44078.9085,16765.9927,24688.4263,16760.9622,19666.9273,2905.9651,Public Sector Bank,69.6168093357479,87.5841893229097,-1.2,7.3,4,15.1930290472905,2022,12.0403190009147,TRUE,-3.15271004637587,0,40.6949505684297,OK,18.6672215279959,-1.2,7.3,-5.777724706874,-4.145902641222,32.071601,69.6168093357479,18.6672215279959
2022,UNION BANK OF INDIA,89788.2,79587.07,24303.3,3781.9394,42330.6517,55411.4877,661004.6627,1187591.0609,1032392.6349,64.02648,36.535833,39.262045,2.459744,0.47,7.748219,3.829286,2048,14.52,3.68,40157.4864,18438.0735,27786.4644,16641.1123,21873.2081,5232.0958,Public Sector Bank,69.4632557776031,11.8483613748308,18.9,4.2,4,12.0403190009147,2023,8.00520491178352,TRUE,-4.03511408913115,0,-39.8173197832189,OK,20.9093164253942,18.9,4.2,9.689592491912,9.375448587977,36.663675,69.4632557776031,20.9093164253942
2023,UNION BANK OF INDIA,79587.07,60987.29,12927.44,2838.8225,47415.4516,31280.3614,761845.4577,1280752.451,1117716.322,68.160896,35.255407,37.52198,2.654845,0.69,11.326651,4.124445,2314,16.04,1.7,47977.9957,21931.3319,32765.3429,17033.8863,25467.164,8433.2777,Public Sector Bank,78.8030588012683,15.2556858809583,14,6.7,6.5,8.00520491178352,2024,4.949346970436,TRUE,-3.05585794134751,0,30.6458636178341,OK,27.9302233301398,14,6.7,7.609364977704,7.214814133485,35.24891,78.8030588012683,27.9302233301398
2024,UNION BANK OF INDIA,60987.29,43097.73,8989.92,2271.6899,50625.8125,34512.8862,870776.0894,1391957.617,1221528.374,71.285785,33.575455,36.643332,2.736578,1.03,15.571089,5.00199,2537,16.97,1.03,63207.5611,24439.9598,36570.3966,14562.3243,28210.6309,13648.3066,Public Sector Bank,79.1406183109876,14.298258340853,12,7,6.5,4.949346970436,2025,3.70738178348314,TRUE,-1.24196518695287,0,46.3758865110925,OK,33.7890749698418,12,7,9.190754930285,8.559254114773,34.642678,79.1406183109876,33.7890749698418
2025,UNION BANK OF INDIA,43097.73,35350.38,5969.29,1739.3979,87764.0845,499.5224,953513.3435,1499855.708,1309749.518,72.801198,32.550152,33.180082,2.573726,1.26,17.135171,5.23257,2802,18.02,0.63,70512.2962,25936.5486,37213.6767,13102.8963,31090.0425,17987.1462,Public Sector Bank,83.1139297512502,9.50155328185565,9.8,6.7,6.25,3.70738178348314,,,FALSE,,,-7.29825147300874,OK,37.0657862800909,9.8,6.7,6.49476552384,6.414086697106,,83.1139297512502,37.0657862800909
2005,UNITED BANK OF INDIA,764.18,726.37,277.09,132.5289,1455.9523,192.47,11389.6803,29097.8618,25348.3881,44.932562,46.578955,33.974212,3.332122,1.04,15.328537,4.975284,208,18.16,2.43,1217.7317,704.1984,915.341,389.459,689.638,300.179,Public Sector Bank,61.8527747566667,,14.1,2.6,6,6.37743976009581,2006,4.79503406867518,TRUE,-1.58240569142063,0,,OK,53.6171648058152,14.1,2.6,7.92293807295951,7.05093547208952,29.739689583569,61.8527747566667,53.6171648058152
2006,UNITED BANK OF INDIA,726.37,744.3,303.09,149.3624,1284.8635,1040,15522.3089,33247.7226,29249.7702,53.06814,46.382553,38.526824,3.273752,0.66,10.806447,4.723443,254,13.12,1.95,1339.5132,813.6242,1020.5199,439.2871,643.8532,204.5661,Public Sector Bank,59.2785167271262,36.2839736599104,14,3.9,6.5,4.79503406867518,2007,3.68743542531038,TRUE,-1.1075986433648,0,36.2839736599104,OK,59.0201665994895,14,3.9,7.92342866735518,8.28129114504204,32.8676900977815,59.2785167271262,59.0201665994895
2007,UNITED BANK OF INDIA,744,817,333,152.4784,2533.9271,1100,22156.3202,42309.7448,37166.6632,59.613423,42.034695,37.37796,3.043756,0.73,12.595213,4.828596,350,12.02,1.5,1675.2017,778.4703,1149.8925,451.824,719.1004,267.2764,Public Sector Bank,59.2411260709914,42.7385599831736,17.1,7.8,7.75,3.68743542531038,2008,2.7317002779173,TRUE,-0.955735147393083,0,42.7385599831736,OK,55.3028151774786,17.1,7.8,8.06072889963741,8.05441849702261,33.498253505701,59.2411260709914,55.3028151774786
2008,UNITED BANK OF INDIA,817,761,306,224.333,5025.0881,,27858.1075,54310.9479,46970.7193,59.309519,38.567224,32.444309,1.872502,0.68,12.565596,5.960614,463,11.24,1.1,2652.69,903.16,904.61,147.9876,466.9379,318.9503,Public Sector Bank,59.7897503285151,25.7343604377048,15.1,7.5,7.75,2.7317002779173,2009,2.88188138710206,TRUE,0.150181109184765,0,27.5336474443813,OK,19.4464651773982,15.1,7.5,7.66082415755608,7.3833652744116,38.7091453329433,59.7897503285151,19.4464651773982
2009,UNITED BANK OF INDIA,761,1020,525,228.3049,4303.9649,1500.5785,35393.5455,62040.7138,54535.9007,64.899534,37.787541,31.095338,1.996542,0.34,6.436956,5.864551,585,13.28,1.48,3150.362,975.1349,1161.5051,492.5189,677.2285,184.7096,Public Sector Bank,48.5294117647059,27.0493535858457,12.6,10.2,5,2.88188138710206,2010,3.24190575591685,TRUE,0.360024368814788,0,-23.8276972661619,OK,48.2861666666667,12.6,10.2,3.08669937408871,4.31239885000613,34.63759214019,48.5294117647059,48.2861666666667
2010,UNITED BANK OF INDIA,1020.35,1372.3,778.55,298.8139,4408.2043,1500,42330.0399,77004.9896,68180.3219,62.085421,38.109657,31.678003,2.001102,0.45,9.23565,5.984989,714,12.8,1.84,3857.7162,1074.1193,1391.2234,553.4898,875.8458,322.356,Public Sector Bank,43.2667784012242,19.5981902971546,15.5,13.9,5,3.24190575591685,2011,2.53405278990553,TRUE,-0.707852966011325,0,19.5981902971546,OK,40.3330029876849,15.5,13.9,7.86188237155002,6.85655166937235,36.237403409036,43.2667784012242,40.3330029876849
2011,UNITED BANK OF INDIA,1372.3,1355.78,757.41,283.7274,5659.425,,53502.4371,90040.5256,77844.8004,68.729622,40.781153,31.938557,2.597309,0.66,11.742186,5.27245,860,13.05,1.42,4172.11,1299.41,2169.34,983.0203,1506.9921,523.971799999999,Public Sector Bank,44.1347416247474,26.3935428041021,19.9,10,6.75,2.53405278990553,2012,3.45226251487514,TRUE,0.918209724969608,1,-42.2013951136827,OK,72.5058859106935,19.9,10,8.49758687599316,8.02988178640115,40.1198616832315,44.1347416247474,72.5058859106935
2012,UNITED BANK OF INDIA,1355.78,2176.42,1075.55,348.1635,4743.6259,1100,63043.2938,102010.3927,89116.2624,70.742749,40.766379,35.148227,2.581854,0.7,11.932998,6.10998,971,12.69,1.72,5481.8559,1383.2974,2479.2372,1196.3135,1828.8437,632.5302,Public Sector Bank,50.5816891960192,17.8325646776939,14.4,8.2,8.5,3.45226251487514,2013,4.30108481238384,TRUE,0.848822297508705,1,-14.7170065338159,OK,54.9670330175242,14.4,8.2,5.24131422482317,5.22332743548782,38.9523817758518,50.5816891960192,54.9670330175242
2013,UNITED BANK OF INDIA,2176.42,2963.82,1969.98,357.4428,3489.1708,3473.274,68908.6621,114615.1131,100651.5434,68.462599,39.647123,36.494081,2.296371,0.38,6.837484,6.567052,1083,11.66,2.87,6764.2286,1503.9152,2487.2629,1658.009,2049.9132,391.9042,Public Sector Bank,33.5324007530822,9.30371487030395,13.8,11.2,7.5,4.30108481238384,2014,10.8229882026523,TRUE,6.52190339026845,1,-35.0848095100101,OK,55.9416226356526,13.8,11.2,5.45638755164234,5.41917342231536,39.5016796432622,33.5324007530822,55.9416226356526
2014,UNITED BANK OF INDIA,2963.82,7118.01,4664.11,433.6022,5836.175,4133.3917,65767.5114,125104.9502,111509.7086,58.97918,36.975158,37.872529,2.138177,-0.99,-21.733898,7.135275,1067,9.81,7.18,8036.4712,1707.9461,2562.8191,3275.188,2061.744,-1213.444,Public Sector Bank,34.4745230759721,-4.5584264797386,13,11.9,8,10.8229882026523,2015,9.81517684288037,TRUE,-1.00781135977192,0,7.01534618024915,OK,46.0126917495199,13,11.9,6.38610640092723,6.05378518913893,35.1811624629026,34.4745230759721,46.0126917495199
2015,UNITED BANK OF INDIA,7118.01,6552.91,4081.38,503.02,5312.5812,140,66763.0355,123027.5791,108817.5989,61.35316,42.047513,37.751864,2.007526,0.21,4.608033,6.584438,1153,10.57,6.22,7689.8155,1809.6282,2490.6622,2171.9533,2427.9455,255.9922,Public Sector Bank,37.7165259403837,1.51370194615574,11,6.5,7.5,9.81517684288037,2016,13.915636369475,TRUE,4.10045952659467,1,76.1750265583278,OK,33.1448669369791,11,6.5,7.41022760516221,7.15478063868049,34.7632630741904,37.7165259403837,33.1448669369791
2016,UNITED BANK OF INDIA,6552.91,9471.01,6110.71,558.8093,5511.6373,2100,68060.2004,129431.7504,116401.2764,58.4703213787096,41.9162443136234,37.0329941020861,1.80667302295121,-0.22,-4.83334836690036,6.37972700150501,1237,10.08,9.04,7656.1136,2972.7844,2280.5573,1057.2649,775.3061,-281.9588,Public Sector Bank,35.4798485061255,1.94293876886411,10.5,5.1,6.75,13.915636369475,2017,16.5589759967067,TRUE,2.64333962723164,1,17.212981310216,OK,11.1631695035693,10.5,5.1,7.99625378567371,8.02848944993222,34.4549951026575,35.4798485061255,11.1631695035693
2017,UNITED BANK OF INDIA,9471.01,10951.99,6591.85,489.8814,6144.5777,6300.2102,66139.2951,141053.1124,126939.251,52.1031080449655,47.3338871362964,40.932398748834,1.42538749122193,0.16,3.33469444271701,5.8580403980829,1304,11.14,10.02,7500.1832,2561.4613,1927.7287,1333.3796,1552.8858,219.5062,Public Sector Bank,39.8113950067522,-2.82236209812864,11.8,4.4,6.25,16.5589759967067,2018,26.4875293293589,TRUE,9.92855333265226,1,55.9008206131061,OK,12.1747700646184,11.8,4.4,8.256306,7.972023,34.943218,39.8113950067522,12.1747700646184
2018,UNITED BANK OF INDIA,10951.99,16552.11,10316.3,608.033,5604.1068,13879.8237,62490.1998,144748.6558,129326.378,48.3197633509847,48.4415747729361,45.6745455949078,1.04469010769402,-1.04,-18.1949006395015,5.14615699790158,1322,12.62,16.49,6848.7579,2683.3782,1492.8714,2478.5063,1024.0601,-1454.4462,Public Sector Bank,37.6738071460376,-5.51728786114626,11,2.2,6,26.4875293293589,2019,18.0021842519193,TRUE,-8.48534507743968,0,-5.51728786114626,OK,14.9739598153951,11,2.2,6.795383,6.231181,37.452479,37.6738071460376,14.9739598153951
2019,UNITED BANK OF INDIA,16552.11,12053.38,5785.61,669.2798,5499.6039,1430,66955.0974,151529.9278,134983.3151,49.6024989091411,51.4494792549364,44.5421236890024,1.33293832851981,-1.6,-22.9749125257296,4.78575221802942,1496,13,8.67,6585.271,2947.6008,1974.6054,3727.5139,1411.5886,-2315.9253,Public Sector Bank,52.0001028757079,7.14495651204494,10.6,0.7,6.25,18.0021842519193,2020,14.713774244275,TRUE,-3.28841000764427,0,47.4632726306893,OK,30.9250508985861,10.6,0.7,6.45,5.81,37.347347,52.0001028757079,30.9250508985861
2020,UNITED BANK OF INDIA,12053.38,9935.23,3191.22,812.0251,4040.9367,8600,67523.3277,152992.8357,137614.6391,49.0669656524936,50.9162866379962,45.7956809199141,1.960882704258,-4.17,-69.4859707727706,4.70961487501875,1616,5.56,4.73,6669.8776,5403.995,2985.6671,6566.0211,170.7135,-6395.3076,Public Sector Bank,67.8797571873022,0.848673696350999,6.4,6,4.4,14.713774244275,,,FALSE,,,0.848673696351005,OK,66.0882646903997,6.4,6,3.871437,3.944641,33.785447,67.8797571873022,66.0882646903997
2005,VIJAYA BANK,389.71,431.64,84.61,131.8566,1150.2506,,14335.784,29335.4959,25617.984,55.959844,32.557435,39.917855,3.695668,1.43,26.024216,4.596109,310.5,12.92,0.59,1109.78,538.41,986.86,419.2305,799.7983,380.5678,Public Sector Bank,80.3980168659068,,14.1,2.6,6,3.01092706195908,2006,3.24141650675469,TRUE,0.230489444795604,0,50.5025375287107,OK,97.1250347511815,14.1,2.6,7.92293807295951,7.05093547208952,29.739689583569,80.3980168659068,97.1250347511815
2006,VIJAYA BANK,431.64,540.15,142.32,134.7558,2113.8834,429.4331,16664.0109,31534.0952,27709.289,60.138717,35.318648,40.849892,3.196265,0.45,7.787842,4.732035,369.26,11.94,0.85,1339.0242,623.5437,972.7768,506.1341,633.0112,126.8771,Public Sector Bank,73.6517633990558,16.2406667120543,14,3.9,6.5,3.24141650675469,2007,2.32959227177259,TRUE,-0.911824234982092,0,35.1532515000378,OK,93.7025085624364,14,3.9,7.92342866735518,8.28129114504204,32.8676900977815,73.6517633990558,93.7025085624364
2007,VIJAYA BANK,540.15,564.31,143.96,144.1218,3255.5917,999.1904,24223.5522,42357.4925,37604.4993,64.416633,30.793534,39.514741,2.901415,0.92,18.584428,5.108804,455.17,11.21,0.59,1751.1616,650.7174,1071.9507,364.678,696.0225,331.3445,Public Sector Bank,74.4891991990218,45.364476447864,17.1,7.8,7.75,2.32959227177259,2008,1.61411376786944,TRUE,-0.715478503903151,0,141.99787092575,OK,64.6236997395049,17.1,7.8,8.06072889963741,8.05441849702261,33.498253505701,74.4891991990218,64.6236997395049
2008,VIJAYA BANK,564.31,511.5,181.61,195.4967,5466.0527,,31689.2161,56184.3099,47952.0133,66.085267,27.301476,35.696518,1.684815,0.75,16.588656,6.782642,612.67,11.22,0.57,3058.42,701.27,830.12,299.5982,660.8765,361.2783,Public Sector Bank,64.494623655914,30.8198559747154,15.1,7.5,7.75,1.61411376786944,2009,1.97030148184028,TRUE,0.356187713970839,0,21.8429342591444,OK,58.5724731182796,15.1,7.5,7.66082415755608,7.3833652744116,38.7091453329433,64.494623655914,58.5724731182796
2009,VIJAYA BANK,511.5,698.82,292.29,193.7102,5536.6955,1579.6036,35467.6686,62382.1599,54535.4247,65.036018,24.034007,35.01463,1.897334,0.59,9.36033,7.421843,756,13.15,0.82,4113.0243,924.6997,1124.8009,636.4317,898.9115,262.4798,Public Sector Bank,58.1737786554477,11.9234647145468,12.6,10.2,5,1.97030148184028,2010,2.39587967577861,TRUE,0.425578193938329,0,16.6570289436041,OK,91.0723362239203,12.6,10.2,3.08669937408871,4.31239885000613,34.63759214019,58.1737786554477,91.0723362239203
2010,VIJAYA BANK,698.82,994.45,581.83,213.4998,3886.0771,1199.1916,41506.6754,70207.0409,61931.7455,67.020032,24.615264,34.710291,2.185819,0.76,15.315953,6.051457,836,12.5,1.4,3751.566,1071.5677,1449.0803,549.666,1056.9645,507.2985,Public Sector Bank,41.4922821660214,17.0267938051051,15.5,13.9,5,2.39587967577861,2011,2.58461719974803,TRUE,0.188737523969417,0,786.937146441976,OK,55.2733671878928,15.5,13.9,7.86188237155002,6.85655166937235,36.237403409036,41.4922821660214,55.2733671878928
2011,VIJAYA BANK,994.45,1259.19,741.16,246.5861,4635.2525,522.5161,48718.6265,82013.3707,73248.319,66.511597,25.250591,29.47926,2.557839,0.72,12.634081,5.381319,928,13.88,1.52,3897.2837,1433.2823,1946.7766,522.8626,1046.6812,523.818600000001,Public Sector Bank,41.1399391672424,17.3754005361749,19.9,10,6.75,2.58461719974803,2012,2.96778742945093,TRUE,0.383170229702907,0,16.8028591440527,OK,41.5237255696122,19.9,10,8.49758687599316,8.02988178640115,40.1198616832315,41.1399391672424,41.5237255696122
2012,VIJAYA BANK,1259.19,1718.46,998.01,303.7595,4238.775,1279.9034,57903.7428,95764.012,83055.5103,69.716919,22.01906,29.558809,2.141481,0.66,11.540058,7.427559,1128,13.06,1.72,6084.5912,1201.361,1903.5341,649.0804,1230.0773,580.9969,Public Sector Bank,41.9241646590552,18.8533974782725,14.4,8.2,8.5,2.96778742945093,2013,2.19726690264307,TRUE,-0.770520526807868,0,-2.42234292344596,OK,37.7710508245755,14.4,8.2,5.24131422482317,5.22332743548782,38.9523817758518,41.9241646590552,37.7710508245755
2013,VIJAYA BANK,1718.46,1532.94,909.69,417.563,3500.1342,2569.9425,69765.7621,110981.7502,97017.2368,71.910688,20.974844,27.542724,1.816725,0.59,10.833711,7.606811,1240,11.32,1.3,7173.8839,1362.9739,1878.0006,536.4155,1122.0247,585.6092,Public Sector Bank,40.6571685780265,20.4857557152592,13.8,11.2,7.5,2.19726690264307,2014,2.43651749347012,TRUE,0.239250590827051,0,-0.72185707229967,OK,34.9925959267812,13.8,11.2,5.45638755164234,5.41917342231536,39.5016796432622,40.6571685780265,34.9925959267812
2014,VIJAYA BANK,1532.94,1985.86,1262.37,373.4997,5166.7079,3127.5686,81504.0321,137358.6128,124296.1593,65.572446,18.403807,27.079099,1.677866,0.35,7.266953,7.550859,1382,10.56,1.55,8623.1476,1689.5533,2083.4093,687.8217,1103.7303,415.9086,Public Sector Bank,36.4320747686141,16.8252587611309,13,11.9,8,2.43651749347012,2015,2.81813907492401,TRUE,0.381621581453888,0,8.8880014341383,OK,34.6359612460093,13,11.9,6.38610640092723,6.05378518913893,35.1811624629026,36.4320747686141,34.6359612460093
2015,VIJAYA BANK,1985.86,2443.21,1659.71,493.8086,6040.4861,471.4025,86695.8633,142592.2023,126343.3506,68.619253,20.372718,31.763521,1.63763,0.33,7.294508,7.739884,1496,11.43,1.92,9981.2473,1912.212,2292.2792,819.6219,1259.0313,439.4094,Public Sector Bank,32.0684673032609,6.3700298822394,11,6.5,7.5,2.81813907492401,2016,6.77298102859591,TRUE,3.9548419536719,1,24.1669609227872,OK,33.5469280168303,11,6.5,7.41022760516221,7.15478063868049,34.7632630741904,32.0684673032609,33.5469280168303
2016,VIJAYA BANK,2443.21,6027.07,4276.82,554.597,5713.7529,30.1612,88986.9612,145408.7409,125440.7229,70.9394518325117,23.2179464743821,38.2212515646618,1.91723976270644,0.28,5.53949441481216,6.89712909899363,1457,12.58,4.8,9322.7447,2085.8241,2760.8343,1167.0747,1548.8699,381.7952,Public Sector Bank,29.0398153663389,2.64268422135894,10.5,5.1,6.75,6.77298102859591,2017,6.74971449690662,TRUE,-0.0232665316892895,0,28.7946414808778,OK,19.3638816207544,10.5,5.1,7.99625378567371,8.02848944993222,34.4549951026575,29.0398153663389,19.3638816207544
2017,VIJAYA BANK,6027.07,6381.78,4118.16,506.8555,5263.5657,61.6601,94548.888,154881.5759,133011.9521,71.0830015703529,28.1165305895845,38.4132974678666,2.33536707900932,0.49,9.51413576682671,6.22106519114186,1417,12.73,4.36,8873.0179,2736.5495,3506.4406,1670.6687,2421.1538,750.4851,Public Sector Bank,35.4700412737512,6.25027164091991,11.8,4.4,6.25,6.74971449690662,2018,6.47876842801812,TRUE,-0.2709460688885,0,27.2519378556814,OK,26.1787259980758,11.8,4.4,8.256306,7.972023,34.943218,35.4700412737512,26.1787259980758
2018,VIJAYA BANK,6381.78,7526.09,5021.24,598.2603,3705.4372,,116165.4423,177632.0472,157287.5358,73.8554658569455,25.350277819026,37.4250572624902,2.58809744989362,0.44,7.74306466384283,5.24655469087378,1810,13.9,4.32,8286.95,2805.7,4302.89,2370.7787,3097.8016,727.0229,Public Sector Bank,33.2822222428911,22.8628329293518,11,2.2,6,6.47876842801812,2019,6.83221132129688,TRUE,0.353442893278769,0,21.0011544680593,OK,31.5008018772032,11,2.2,6.795383,6.231181,37.452479,33.2822222428911,31.5008018772032
2019,VIJAYA BANK,7526.09,8923.3,4018.37,557.9111,8073.3972,,130606.3232,191981.5278,175817.4337,74.285194847546,25.1874824174504,34.867874145928,2.65715862844053,-1.26,-25.1634416809384,5.77090363702905,2043,10.14,3.08,10065.33,3834.01,4910.61,4852.9478,2418.8344,-2434.1134,Public Sector Bank,54.9676689117255,12.4313053986452,10.6,0.7,6.25,6.83221132129688,,,FALSE,,,87.3926921181242,OK,54.3851243374088,10.6,0.7,6.45,5.81,37.347347,54.9676689117255,54.3851243374088
2008,YES BANK LTD,,10.57,8.46,8.4287,950.8072,604.8676,9430.2704,16982.4184,13273.1588,71.047673,8.503301,25.581026,2.354052,1.54,18.995852,7.946647,683.12,13.6,0.09,974.1086,341.1655,330.578,150.0568,350.0811,200.0243,Private Sector Bank,19.9621570482498,,15.1,7.5,7.75,0.112085863412782,2009,0.684711510892421,TRUE,0.572625647479639,1,5.34162422174247,CAPPED_AT_150_SUSPECT,1419.64806054872,15.1,7.5,7.66082415755608,7.3833652744116,38.7091453329433,19.9621570482498,150
2009,YES BANK LTD,10.5699,84.9254,41.157,31.4503,1246.2681,445.288,12403.0922,22900.7901,16169.4215,76.707087,8.731357,27.231519,2.553953,1.59,20.64749,8.335208,988.36,16.6,0.33,1492.1356,418.5452,509.2992,223.8129,527.6549,303.842,Private Sector Bank,51.5374670004498,31.5242477034381,12.6,10.2,5,0.684711510892421,2010,0.271264208545465,TRUE,-0.413447302346956,0,-65.1121183206107,CAPPED_AT_150_SUSPECT,263.540589741114,12.6,10.2,3.08669937408871,4.31239885000613,34.63759214019,51.5374670004498,150
2010,YES BANK LTD,84.9254,60.202,12.9878,35.6647,1959.6452,482.4164,22193.1232,36382.5107,26798.5666,82.814591,10.516059,20.238806,2.658262,1.79,20.269961,5.834302,1623.84,20.6,0.06,1581.757,500.1531,787.9527,385.5923,863.3316,477.7393,Private Sector Bank,78.4262981296302,78.9321795092356,15.5,13.9,5,0.271264208545465,2011,0.234329666607745,TRUE,-0.0369345419377202,0,-40.3399596299606,CAPPED_AT_150_SUSPECT,640.497491777682,15.5,13.9,7.86188237155002,6.85655166937235,36.237403409036,78.4262981296302,150
2011,YES BANK LTD,60.202,80.5242,9.1536,59.5949,3016.4206,173.2228,34363.6387,59006.9889,45938.9318,74.802868,10.341698,26.295317,2.614397,1.58,21.126594,6.308103,2220.25,16.5,0.03,2794.8174,679.8103,1246.9299,463.2527,1190.3905,727.1378,Private Sector Bank,88.6324856378579,54.8391291767353,19.9,10,6.75,0.234329666607745,2012,0.220747296575506,TRUE,-0.0135823700322387,0,-15.5598729587243,CAPPED_AT_150_SUSPECT,575.296246345819,19.9,10,8.49758687599316,8.02988178640115,40.1198616832315,88.6324856378579,150
2012,YES BANK LTD,80.5242,83.8589,17.46,114.7747,2217.7693,1209.0569,37988.6419,73625.6792,49151.705,77.288554,15.039449,25.91655,2.436258,1.57,23.067683,8.083577,1747.65,17.9,0.05,4691.7212,932.5343,1615.6369,563.2248,1540.2232,976.9984,Private Sector Bank,79.1793119156106,10.5489503938941,14.4,8.2,8.5,0.220747296575506,2013,0.200690362540643,TRUE,-0.0200569340348628,0,4.91591755170457,CAPPED_AT_150_SUSPECT,671.633899323745,14.4,8.2,5.24131422482317,5.22332743548782,38.9523817758518,79.1793119156106,150
2013,YES BANK LTD,83.8589,94.3236,6.9908,163.327,3175.4316,214.0747,46999.5663,99104.1274,66955.5852,70.195139,18.949166,22.385743,2.569087,1.57,24.811955,7.861027,1774.19,18.3,0.01,6075.2092,1334.5367,2218.7899,841.0051,2141.6858,1300.6807,Private Sector Bank,92.5884932296901,23.7200488075358,13.8,11.2,7.5,0.200690362540643,2014,0.314427981330823,TRUE,0.11373761879018,0,22.3475649393696,CAPPED_AT_150_SUSPECT,891.616838203801,13.8,11.2,5.45638755164234,5.41917342231536,39.5016796432622,92.5884932296901,150
2014,YES BANK LTD,94.3236,174.9256,26.0675,229.9969,4311.5714,375.1205,55632.9622,109015.7899,74192.0153,74.985107,22.030241,26.179124,2.610284,1.61,25.024808,7.961368,1558.1,14.4,0.05,7265.0918,1749.8719,2716.2603,1070.1856,2687.9658,1617.7802,Private Sector Bank,85.0979502142625,18.3690969505819,13,11.9,8,0.314427981330823,2015,0.414826819922826,TRUE,0.100398838592003,0,8.24018433241289,CAPPED_AT_150_SUSPECT,611.794728730386,13,11.9,6.38610640092723,6.05378518913893,35.1811624629026,85.0979502142625,150
2015,YES BANK LTD,174.9256,313.4009,87.7247,364.5849,4876.0678,1413.75,75549.8162,136170.4098,91175.8482,82.861654,23.119052,25.077356,2.845052,1.71,21.331677,7.90579,1686,15.6,0.12,8084.1693,2284.706,3487.8372,1244.2249,3249.5863,2005.3614,Private Sector Bank,72.0087912957493,35.8004557233517,11,6.5,7.5,0.414826819922826,2016,0.762633089015533,TRUE,0.347806269092707,0,10.1613564564782,CAPPED_AT_150_SUSPECT,397.007443182199,11,6.5,7.41022760516221,7.15478063868049,34.7632630741904,72.0087912957493,150
2016,YES BANK LTD,313.4009,748.9814,284.4745,412.4093,5363.755,657.243,98209.927,165263.4118,111719.5331,87.907570211641,28.0548751237128,26.9976230610578,3.03000013453036,1.78,19.9433653059807,7.07597911199963,1732.91,16.5,0.29,8966.7193,2976.3714,4566.7226,1763.0518,4302.4984,2539.4466,Private Sector Bank,62.0184827019737,29.993601493368,10.5,5.1,6.75,0.762633089015533,2017,1.52617280045388,TRUE,0.763539711438349,1,-1.04595425143698,CAPPED_AT_150_SUSPECT,235.393268778103,10.5,5.1,7.99625378567371,8.02848944993222,34.4549951026575,62.0184827019737,150
2017,YES BANK LTD,748.981,2018.557,1072.268,570.544,6381.5257,10273.9984,132262.6769,215059.9177,142873.8567,92.5730430709371,36.3045076251518,22.0566952701681,3.04862023984779,1.81,18.582786063805,6.44482537935869,1595.5,17,0.81,10627.3367,4116.541,5797.307,2507.4265,5837.5229,3330.0964,Private Sector Bank,46.8794787563591,34.6734296014699,11.8,4.4,6.25,1.52617280045388,2018,1.29059703572825,TRUE,-0.235575764725634,0,-14.9116156884863,ABOVE_100_SUSPECT,124.218761223983,11.8,4.4,8.256306,7.972023,34.943218,46.8794787563591,124.218761223983
2018,YES BANK LTD,2018.557,2626.802,1312.746,622.6739,10803.075,11781.0229,203533.8628,312445.6033,200738.1476,101.392717444803,36.4535473077166,21.936012900159,2.93345145860568,1.78,17.6714370370556,5.46163322734648,2130.2,18.4,0.64,12530.3624,5212.7798,7737.0592,3523.5492,7748.1129,4224.5637,Private Sector Bank,50.0249352634877,53.8860905967343,11,2.2,6,1.29059703572825,2019,3.26400537378276,TRUE,1.97340833805451,1,22.7264904977087,ABOVE_100_SUSPECT,134.13836292191,11,2.2,6.795383,6.231181,37.452479,50.0249352634877,134.13836292191
2019,YES BANK LTD,2626.802,7882.56,4484.85,633.3912,10164.3457,11977.5685,241499.6024,380826.1654,227610.1818,106.102284392622,33.0623705867977,22.3328752776448,2.82977953029692,0.52,6.53322416236795,6.39064661191603,2327.4,16.5,1.86,19815.716,6264.2768,9809.0313,6414.6283,8134.9071,1720.2788,Private Sector Bank,43.1041438314456,18.653279153507,10.6,0.7,6.25,3.26400537378276,2020,19.1769466145014,TRUE,15.9129412407186,1,23.4191663239279,OK,81.3774750842366,10.6,0.7,6.45,5.81,37.347347,43.1041438314456,81.3774750842366
2020,YES BANK LTD,7882.56,32877.589,8623.78,1630.7411,4312.9139,1351.400975,171443.294185,257826.922507,105363.9434,162.715335676208,26.6341928694366,27.4711218020452,2.131119861,-5.39,-67.52155327,7.210938083,1195.1,8.46,5.03,19261.3725,6729.2114,6805.2314,28350.5448,11932.5138,-16418.031,Private Sector Bank,73.7700352662721,-29.0088710369653,6.4,6,4.4,19.1769466145014,2021,17.1424398044443,TRUE,-2.03450681005706,0,46.5721387947283,OK,86.2306077249156,6.4,6,3.871437,3.944641,33.785447,73.7700352662721,86.2306077249156
2021,YES BANK LTD,32877.588,28609.531,9813.359,790.3956,6022.3942,17534.909037,166892.9938,273542.7653,162946.6422,102.421867395804,26.1356430700356,29.9664995283942,2.796,-1.43,-12.608,5.714,1360,17.5,5.88,12613.2337,5792.0152,7428.6016,8110.5072,4648.2808,-3462.2264,Private Sector Bank,65.6989868166661,-2.65411394865635,-1.2,7.3,4,17.1424398044443,2022,15.4519024317164,TRUE,-1.69053737272791,0,-6.39879723507435,OK,28.3489694395899,-1.2,7.3,-5.777724706874,-4.145902641222,32.071601,65.6989868166661,28.3489694395899
2022,YES BANK LTD,28609.529,27975.977,8204.532,792.9037,42659.3629,144.0058,181051.991,318220.225,197191.7331,91.815203,31.116714,35.044599,2.1961,0.4,3.185662,4.69677,1558.4,17.43,4.53,12525.6577,6844.394,6497.8536,1849.7165,2915.9289,1066.2124,Private Sector Bank,70.6729384285668,8.48387752991462,18.9,4.2,4,15.4519024317164,2023,2.16194422642676,TRUE,-13.2899582052897,0,8.48387752991463,OK,6.61180304802224,18.9,4.2,9.689592491912,9.375448587977,36.663675,70.6729384285668,6.61180304802224
2023,YES BANK LTD,27975.977,4394.572,1658.091,889.1955,11974.8898,4981.2291,203269.4436,354786.1308,217501.8616,93.456416,30.759644,37.348512,2.352897,0.2,1.951178,4.875271,1567,17.92,0.83,14779.8587,8419.8646,7917.5717,2465.3553,3182.764,717.4087,Private Sector Bank,62.269568003437,12.2713108413152,14,6.7,6.5,2.16194422642676,2024,1.74827358686766,TRUE,-0.413670639559097,0,64.6467589940139,OK,56.1000092841806,14,6.7,7.609364977704,7.214814133485,35.24891,62.269568003437,56.1000092841806
2024,YES BANK LTD,4394.572,3982.558,1329.731,962.0705,17177.1682,354.3045,227799.472,405492.9899,266372.1717,85.519246,30.902994,42.31224,2.129381,0.3,3.089426,5.606756,1741.9,15.36,0.58,19491.3182,9822.6576,8094.6201,2135.1818,3386.2613,1251.0795,Private Sector Bank,66.6111328447696,12.0677402198586,12,7,6.5,1.74827358686766,2025,1.59861752095302,TRUE,-0.149656065914642,0,36.4831674557248,OK,53.6133259076202,12,7,9.190754930285,8.559254114773,34.642678,66.6111328447696,53.6133259076202
2025,YES BANK LTD,3982.558,3935.612,800.139,1044.9741,14215.1584,8775.7557,246188.469,423422.3003,284525.1333,86.526089,34.260629,40.881167,2.158085,0.6,5.407819,5.753374,1839.9,15.6462,0.33,21950.5639,10547.2578,8944.3462,1848.0923,4253.9515,2405.8592,Private Sector Bank,79.6692610958601,8.07244935141904,9.8,6.7,6.25,1.59861752095302,,,FALSE,,,13.7078089053836,OK,46.9581935414365,9.8,6.7,6.49476552384,6.414086697106,,79.6692610958601,46.9581935414365